pid,artist_name,track_name
0,Missy Elliott,Lose Control (feat. Ciara & Fat Man Scoop)
0,Britney Spears,Toxic
0,Justin Timberlake,Rock Your Body
0,Shaggy,It Wasn't Me
0,Usher,My Boo
0,The Pussycat Dolls,Buttons
0,Destiny's Child,Say My Name
0,Nelly Furtado,Promiscuous
0,Cassie,Me & U
0,Avril Lavigne,Sk8er Boi
0,Destiny's Child,"Jumpin', Jumpin'"
0,Sheryl Crow,Soak Up The Sun
0,Jason Derulo,Whatcha Say
0,Ne-Yo,Miss Independent
0,Miley Cyrus,Party In The U.S.A.
0,Chris Brown,Forever
0,Kesha,Your Love Is My Drug
0,Ne-Yo,Closer
0,M.I.A.,Paper Planes
0,The Killers,Mr. Brightside
0,blink-182,All The Small Things
0,The Pussycat Dolls,Beep
0,The All-American Rejects,Dirty Little Secret
0,Justin Bieber,Baby
0,Avril Lavigne,My Happy Ending
1,Survivor,Eye of the Tiger
1,Leslie Odom Jr.,The Room Where It Happens
1,Leslie Odom Jr.,Alexander Hamilton
1,Lin-Manuel Miranda,My Shot
1,The Rolling Stones,Gimme Shelter
1,Lynyrd Skynyrd,Free Bird
1,Boston,Peace of Mind
1,Boston,Foreplay / Long Time
1,Kansas,Carry on Wayward Son
1,Queen,Bohemian Rhapsody - Remastered 2011
1,Lynyrd Skynyrd,Sweet Home Alabama
1,Boston,More Than a Feeling
1,Guns N' Roses,Sweet Child O' Mine
1,Creedence Clearwater Revival,Fortunate Son
1,Scorpions,Rock You Like A Hurricane
1,Rush,Tom Sawyer
1,Rush,Red Barchetta
1,Rush,YYZ
1,Rush,Limelight
2,Jay Park,Me Like Yuh
2,BIGBANG,LAST DANCE
2,BIGBANG,FXXK IT
2,BLACKPINK,As If It's Your Last
2,TAEYANG,Wedding Dress
2,EXO,Ko Ko Bop
3,Steve Lacy,C U Girl
3,Cigarettes After Sex,Nothing's Gonna Hurt You Baby
3,The Kooks,Sweet Emotion
4,Oasis,Wonderwall - Remastered
4,TLC,Waterfalls
4,Toni Braxton,Breathe Again
4,Sarah McLachlan,Angel
4,The Verve,Bitter Sweet Symphony
4,Dido,White Flag
5,Miley Cyrus,Party In The U.S.A.
5,LMFAO,Shots
5,P!nk,Raise Your Glass
5,Neil Diamond,Sweet Caroline
5,Lady Gaga,Just Dance
5,Daft Punk,One More Time
5,Lady Gaga,Just Dance
5,LMFAO,Party Rock Anthem
5,Rihanna,We Found Love
5,Train,Marry Me
5,Chris Brown,Forever
5,Nicki Minaj,Starships
5,Will Smith,Miami
5,Michael Jackson,Billie Jean
5,Jason Mraz,Lucky
5,Colbie Caillat,I Do
5,Dave Matthews Band,You & Me
5,Miley Cyrus,We Can't Stop
5,Rascal Flatts,Summer Nights
5,Rascal Flatts,My Wish
5,Rascal Flatts,Bless The Broken Road
5,Taio Cruz,Dynamite
5,The Lumineers,Ho Hey
5,Flo Rida,Whistle
5,Flo Rida,Good Feeling
5,Florida Georgia Line,This Is How We Roll
5,Clean Bandit,Rather Be (feat. Jess Glynne)
5,Calvin Harris,Summer
5,Becky G,Shower
6,Queens of the Stone Age,No One Knows
6,The Cranberries,Zombie
6,Tame Impala,The Less I Know The Better
6,Sia,Chandelier
6,Sia,Elastic Heart
7,Childish Gambino,Redbone
7,LANY,13
7,The Paper Kites,Bloom - Bonus Track
7,Disclosure,Latch
7,Charlie Puth,Attention
8,The Kooks,She Moves In Her Own Way
8,Kings of Leon,Waste A Moment
8,Lord Huron,The Night We Met
8,alt-J,Left Hand Free
8,The Beatles,Hey Jude - Remastered 2015
8,The Beatles,I Want To Hold Your Hand - Remastered 2015
8,Gorillaz,On Melancholy Hill
8,Electric Light Orchestra,Mr. Blue Sky
8,Florence + The Machine,Dog Days Are Over
8,Death Cab for Cutie,Soul Meets Body
9,Willie Nelson,Highwayman
9,Willie Nelson,Highwayman
9,Travis Tritt,It's A Great Day To Be Alive
9,Cody Johnson,Diamond In My Pocket
9,Brooks & Dunn,Neon Moon
9,Josh Turner,Hometown Girl
10,Jeremih,Planez
10,Lupe Fiasco,The Show Goes On
10,Bryson Tiller,Don't
10,YG,Who Do You Love?
10,Timbaland,Say Something (Featuring Drake)
10,ScHoolboy Q,Studio
10,Big Sean,I Don't Fuck With You
10,A Boogie Wit da Hoodie,Drowning (feat. Kodak Black)
10,Travis Scott,goosebumps
10,Migos,Slippery (feat. Gucci Mane)
10,Rae Sremmurd,Come Get Her
10,Rae Sremmurd,No Type
10,PnB Rock,"Horses (with PnB Rock, Kodak Black & A Boogie Wit da Hoodie)"
10,Jeremih,oui
10,Meek Mill,Dreams and Nightmares
10,Rae Sremmurd,Throw Sum Mo
11,Erykah Badu,On & On
11,Lykke Li,Little Bit
11,Miguel,Adorn
11,Massive Attack,Protection
11,Erykah Badu,Bag Lady
11,The Verve,Bitter Sweet Symphony
11,Beach House,Master of None
11,Dido,White Flag
11,Erykah Badu,Window Seat
11,Crystal Castles,Untrust Us
11,Phantogram,Don't Move
11,Cults,Go Outside
11,ScHoolboy Q,Hands On The Wheel
12,Passenger,Let Her Go
12,Milky Chance,Stolen Dance
12,James Bay,Hold Back The River
12,Lost Frequencies,Are You With Me - Radio Edit
12,Wiz Khalifa,So High (feat. Ghost Loft)
12,Tom Jones,It's Not Unusual
12,Alessia Cara,Scars To Your Beautiful
13,Ruth B.,Lost Boy
13,Christina Perri,A Thousand Years
13,Ruth B.,Superficial Love
14,Alice In Chains,Man in the Box
14,Beck,Loser
14,blink-182,What's My Age Again?
14,blink-182,Adam's Song
14,blink-182,All The Small Things
14,Counting Crows,Mr. Jones
14,Counting Crows,A Long December
14,The Cranberries,Linger
14,Dave Matthews Band,So Much to Say
14,Fiona Apple,Criminal
14,Foo Fighters,Learn to Fly
14,The Goo Goo Dolls,Slide
14,The Goo Goo Dolls,Black Balloon
14,The Goo Goo Dolls,Iris
14,Guns N' Roses,Knockin' On Heaven's Door
14,Incubus,Drive
14,Incubus,Nice to Know You
14,Matchbox Twenty,3AM
14,Matchbox Twenty,Real World
14,Matchbox Twenty,Push
14,Mazzy Star,Fade Into You
14,Nine Inch Nails,Closer
14,Nirvana,Heart-Shaped Box
14,Nirvana,All Apologies
14,Nirvana,Smells Like Teen Spirit
14,Nirvana,Lithium
14,Nirvana,Come As You Are
14,No Doubt,Spiderwebs
14,No Doubt,Just A Girl
14,No Doubt,Don't Speak
14,Oasis,Wonderwall - Remastered
14,Oasis,Champagne Supernova - Remastered
14,The Offspring,Pretty Fly (For A White Guy)
14,Pearl Jam,Jeremy
14,R.E.M.,Losing My Religion
14,Red Hot Chili Peppers,Scar Tissue
14,Smash Mouth,All Star
14,Soundgarden,Black Hole Sun
14,Sublime,Santeria
14,Sublime,What I Got
14,Third Eye Blind,Semi-Charmed Life
14,Third Eye Blind,Jumper - 1998 Edit
14,Train,Meet Virginia
14,The Verve,Bitter Sweet Symphony
15,Gregory Alan Isakov,The Stable Song
15,Gregory Alan Isakov,Amsterdam
16,Sum 41,In Too Deep
16,Thundercat,Them Changes
16,Interpol,Slow Hands
16,Lorde,Green Light
16,Amy Winehouse,You Know I'm No Good
16,Frank Ocean,Ivy
16,Sufjan Stevens,To Be Alone With You
16,Weezer,Undone - The Sweater Song
16,Harry Styles,Sign of the Times
17,Aloe Blacc,Wake Me Up - Acoustic
17,John Legend,All of Me
17,Pharrell Williams,"Happy - From ""Despicable Me 2"""
17,Justin Timberlake,Mirrors
17,WALK THE MOON,Shut Up and Dance
17,Jess Glynne,Hold My Hand
17,Meghan Trainor,Lips Are Movin
17,Meghan Trainor,All About That Bass
17,Sia,Chandelier
17,Rihanna,We Found Love
17,George Ezra,Budapest
17,OneRepublic,Counting Stars
17,Andy Grammer,"Honey, I'm Good."
17,Adele,Rolling in the Deep
17,Bastille,Pompeii
17,Clean Bandit,Rather Be (feat. Jess Glynne)
17,Mumford & Sons,Believe
17,Bruno Mars,Treasure
17,Fifth Harmony,Sledgehammer
17,WALK THE MOON,Avalanche
17,WALK THE MOON,Work This Body
17,WALK THE MOON,Anna Sun
17,Two Door Cinema Club,Something Good Can Work
17,The Killers,Human
17,The Killers,Mr. Brightside
17,The Beatles,Twist And Shout - Remastered 2009
17,The All-American Rejects,Gives You Hell
18,Darius Rucker,Alright
18,Jason Mraz,I Won't Give Up
18,Kelly Rowland,Motivation
18,Kelly Rowland,Kisses Down Low
18,Tim McGraw,Where The Green Grass Grows
18,Miguel,Sure Thing
18,Rihanna,Love On The Brain
18,Beyoncé,Halo
18,Bryan Adams,(Everything I Do) I Do It For You
18,The Goo Goo Dolls,Iris
18,Savage Garden,Truly Madly Deeply
18,Machine Gun Kelly,Bad Things (with Camila Cabello)
18,Jeremih,Don't Tell 'Em
18,Jeremih,Birthday Sex
18,Ne-Yo,She Knows
18,Tech N9ne,Fragile
18,Kehlani,Gangsta
18,Ginuwine,Pony
18,Ed Sheeran,Shape of You
19,Bob Dylan,"Don't Think Twice, It's All Right"
19,Of Monsters and Men,Mountain Sound
19,The Velvet Underground,Pale Blue Eyes
19,Gregory Alan Isakov,The Stable Song
19,alt-J,Taro
19,Leonard Cohen,Suzanne
19,Bob Dylan,Girl from the North Country
21,Mazzy Star,Fade Into You
21,Amy Winehouse,Back To Black
21,Evanescence,My Immortal
21,Gotye,Somebody That I Used To Know
21,Savage Garden,To the Moon & Back
21,Selena,Dreaming Of You
21,Pearl Jam,Last Kiss
21,Johnny Cash,Hurt
21,Bruno Mars,When I Was Your Man
21,Heart,All I Wanna Do Is Make Love To You
22,6LACK,PRBLMS
22,Sam Smith,Too Good At Goodbyes
22,Dua Lipa,New Rules
22,Marshmello,Silence
22,Lauv,I Like Me Better
22,Charlie Puth,Attention
22,Louis Tomlinson,Back to You (feat. Bebe Rexha & Digital Farm Animals)
22,Macklemore,Glorious (feat. Skylar Grey)
22,P!nk,What About Us
22,Avicii,Without You (feat. Sandro Cavazza)
22,Hailee Steinfeld,"Let Me Go (with Alesso, Florida Georgia Line & watt)"
22,Rita Ora,Your Song
22,Russ,Cherry Hill
23,Slipknot,Before I Forget
23,Chevelle,The Red
23,Killswitch Engage,My Curse
23,Slipknot,Psychosocial
23,Slipknot,Duality
24,Twenty One Pilots,Ride
24,Twenty One Pilots,Heathens
24,Twenty One Pilots,Car Radio
25,Calvin Harris,Feel So Close - Radio Edit
25,Calvin Harris,Feel So Close - Radio Edit
25,Fifth Harmony,BO$$
25,Galantis,No Money
25,Disclosure,You & Me - Flume Remix
25,Gucci Mane,Both (feat. Drake)
26,James Bay,Hold Back The River
26,Angus & Julia Stone,Grizzly Bear
26,Angus & Julia Stone,Big Jet Plane
26,Leon Bridges,Coming Home
27,Logic,1-800-273-8255
27,Mumford & Sons,The Cave
27,Mumford & Sons,I Will Wait
27,Mumford & Sons,Little Lion Man
27,Mumford & Sons,Believe
27,Mumford & Sons,Awake My Soul
28,T.I.,Whatever You Like
28,Lupe Fiasco,The Show Goes On
28,Travis Scott,goosebumps
28,Luis Fonsi,Despacito - Remix
28,Kendrick Lamar,HUMBLE.
28,Future,Mask Off
28,Lil Wayne,A Milli
28,Lil Wayne,6 Foot 7 Foot
28,Eminem,Not Afraid
28,Lil Wayne,Right Above It
28,Kanye West,Stronger
28,Lil Wayne,Love Me
28,Kanye West,Father Stretch My Hands Pt. 1
28,Aloe Blacc,The Man
28,Dr. Dre,The Next Episode
28,Lil Wayne,Lollipop
28,Lil Uzi Vert,Erase Your Social
28,NAV,Myself
28,Lil Uzi Vert,The Way Life Goes (feat. Oh Wonder)
29,Lauv,I Like Me Better
29,Jonas Blue,Mama
29,Niall Horan,Slow Hands
29,Louis Tomlinson,Back to You (feat. Bebe Rexha & Digital Farm Animals)
29,Hailee Steinfeld,Most Girls
29,blackbear,do re mi
29,The Jackson 5,I Want You Back
29,Khalid,8TEEN
29,Demi Lovato,Sorry Not Sorry
29,Rita Ora,Your Song
29,Bryan Adams,When You're Gone
29,Bill Withers,Lean on Me
31,Robin Schulz,Sugar (feat. Francesco Yates)
31,Alessia Cara,Wild Things
31,The Chainsmokers,Roses
31,Hailee Steinfeld,Love Myself
31,Jess Glynne,Hold My Hand
31,Galantis,Peanut Butter Jelly
31,Justin Bieber,Sorry
31,Sigala,Easy Love
31,Zara Larsson,Lush Life
31,Kygo,Stole the Show
31,Years & Years,King
31,One Direction,Perfect
31,Mike Posner,I Took A Pill In Ibiza - Seeb Remix
31,Mike Posner,Cooler Than Me - Single Mix
31,Galantis,No Money
31,Meghan Trainor,Me Too
31,Calvin Harris,This Is What You Came For
31,MØ,Final Song
31,Sia,Cheap Thrills
32,Vance Joy,Mess Is Mine
32,George Ezra,Budapest
32,Vance Joy,Riptide
32,Incubus,Drive
32,Aloe Blacc,Wake Me Up - Acoustic
32,Passenger,Let Her Go
32,John Mayer,Your Body Is a Wonderland
32,James Blunt,Bonfire Heart
32,Birdy,Skinny Love
32,Norah Jones,Don't Know Why
32,Norah Jones,Come Away With Me
32,First Aid Kit,My Silver Lining
32,Jack Johnson,"Sitting, Waiting, Wishing"
32,Jack Johnson,Banana Pancakes
32,The Fray,You Found Me
32,Lorde,Royals
32,Lorde,Team
32,Hozier,Cherry Wine - Live
33,Stevie Wonder,You Are The Sunshine Of My Life
33,Modest Mouse,Float On
34,The Chainsmokers,Roses
34,Good Charlotte,I Don't Wanna Be In Love (Dance Floor Anthem)
34,Zara Larsson,Never Forget You
34,Rudimental,Waiting All Night (feat. Ella Eyre)
34,Phoenix,Lisztomania
34,MØ,Kamikaze
34,Alessia Cara,Wild Things
34,The Chainsmokers,Don't Let Me Down
34,Amy Winehouse,You Know I'm No Good
34,Jaymes Young,I'll Be Good
34,Two Door Cinema Club,Sun
34,Martin Solveig,Places
35,Becky G,Shower
35,Alesso,Heroes (we could be)
35,Zedd,I Want You To Know
35,Justin Bieber,What Do You Mean?
35,Justin Bieber,Sorry
35,The Chainsmokers,Roses
35,Zendaya,Something New
35,Owl City,Unbelievable
35,Hailee Steinfeld,Starving
35,The Chainsmokers,Closer
35,Troye Sivan,YOUTH
35,The Chainsmokers,Paris
35,Cheat Codes,No Promises (feat. Demi Lovato)
35,Gryffin,Feel Good (feat. Daya)
37,DJ Snake,Turn Down for What
37,Sia,Cheap Thrills
37,DJ Khaled,I'm On One
37,Yo Gotti,Down In the DM
37,Twenty One Pilots,Stressed Out
37,will.i.am,It’s My Birthday
37,Ja Rule,Always On Time
37,Meek Mill,R.I.C.O. (feat. Drake)
37,Ginuwine,Pony
37,Trey Songz,Na Na
37,Bryson Tiller,Exchange
37,Sia,Unstoppable
37,Nelly,The Fix (feat. Jeremih)
37,Rae Sremmurd,This Could Be Us
37,Snoop Dogg,Drop It Like It's Hot
37,Shaggy,Boombastic
38,Sean Kingston,Beautiful Girls
38,Sean Kingston,Fire Burning
38,Eminem,Love The Way You Lie
38,R. Kelly,Ignition - Remix
38,Bruno Mars,Grenade
38,Ginuwine,Pony
38,Chris Brown,With You
38,Jason Derulo,Whatcha Say
38,Zendaya,Replay
38,Ne-Yo,Closer
38,J. Cole,Work Out
38,Natasha Bedingfield,Unwritten
38,Fergie,Big Girls Don't Cry (Personal)
38,Leona Lewis,Bleeding Love
38,Rihanna,Umbrella
38,Timbaland,Apologize
38,Nelly Furtado,I'm Like A Bird
38,P!nk,Who Knew
38,Britney Spears,Toxic
38,Mariah Carey,Always Be My Baby
38,Nelly Furtado,Promiscuous
38,Gwen Stefani,The Sweet Escape
38,Kings of Leon,Use Somebody
38,Plain White T's,Hey There Delilah
38,Flo Rida,Wild Ones (feat. Sia)
38,Maroon 5,Payphone
38,Alicia Keys,Fallin'
38,Destiny's Child,"Bills, Bills, Bills"
38,Justin Timberlake,Rock Your Body
38,Boyz II Men,End Of The Road
38,The Goo Goo Dolls,Iris
38,Jason Mraz,I'm Yours
39,Luke Bryan,Country Girl (Shake It For Me)
39,Luke Bryan,Drunk On You
39,Luke Bryan,That's My Kind Of Night
39,Carrie Underwood,Good Girl
39,Carrie Underwood,Blown Away
39,Lee Brice,I Don't Dance
39,Carrie Underwood,Cowboy Casanova
39,Florida Georgia Line,Cruise
39,Florida Georgia Line,This Is How We Roll
39,Sam Hunt,House Party
39,Luke Bryan,Kick The Dust Up
39,Luke Bryan,"Huntin', Fishin' And Lovin' Every Day"
40,The Weeknd,Starboy
40,Kanye West,Stronger
40,Miley Cyrus,We Can't Stop
40,Martin Garrix,In the Name of Love
40,James Arthur,Say You Won't Let Go
40,MØ,Final Song
40,Andy Grammer,Fresh Eyes
40,The Jackson 5,I Want You Back
40,Frank Ocean,Thinkin Bout You
40,Beyoncé,Love On Top
40,Jonas Blue,Perfect Strangers
40,Shawn Mendes,Mercy
40,Ellie Goulding,"Still Falling For You - From ""Bridget Jones's Baby"""
40,Rihanna,Love On The Brain
40,Jeremih,oui
40,The Vamps,All Night
40,Daya,"Sit Still, Look Pretty"
40,Zara Larsson,Ain't My Fault
40,DJ Snake,Let Me Love You
40,Machine Gun Kelly,Bad Things (with Camila Cabello)
40,Tove Lo,Cool Girl
40,The Chainsmokers,Roses
40,Alessia Cara,Wild Things
40,Noah Cyrus,Make Me (Cry)
40,Ed Sheeran,Shape of You
40,Alicia Keys,If I Ain't Got You
41,Justin Bieber,Sorry
41,Sia,Chandelier
41,Stevie Wonder,"Signed, Sealed, Delivered (I'm Yours)"
41,Maroon 5,Sugar
41,Sam Smith,I'm Not The Only One
41,Sam Smith,Stay With Me
41,Daryl Hall & John Oates,Rich Girl
41,Queen,Bohemian Rhapsody - Remastered 2011
41,Miley Cyrus,Party In The U.S.A.
41,Miley Cyrus,Wrecking Ball
41,Alicia Keys,If I Ain't Got You
41,Adele,Someone Like You
41,Neil Diamond,Sweet Caroline
41,Bastille,Pompeii
41,Jason Derulo,Want to Want Me
41,Marvin Gaye,Ain't No Mountain High Enough
41,Third Eye Blind,Semi-Charmed Life
41,One Direction,What Makes You Beautiful
41,Chris Stapleton,Tennessee Whiskey
41,Chris Stapleton,Parachute
41,Chris Stapleton,Fire Away
41,Chris Brown,With You
41,Backstreet Boys,I Want It That Way
41,Mariah Carey,Always Be My Baby
41,R. Kelly,I Believe I Can Fly
41,Mariah Carey,Fantasy
41,Backstreet Boys,As Long as You Love Me
41,*NSYNC,This I Promise You
41,*NSYNC,It's Gonna Be Me
41,*NSYNC,Gone
41,*NSYNC,Thinking Of You (I Drive Myself Crazy) - Remix
41,Backstreet Boys,Incomplete
41,Backstreet Boys,Shape of My Heart
41,Avril Lavigne,I'm with You
41,Bruno Mars,When I Was Your Man
41,Van Morrison,Brown Eyed Girl
41,Justin Bieber,Love Yourself
41,Sam Hunt,Make You Miss Me
41,Rascal Flatts,What Hurts The Most
41,Keith Urban,Blue Ain't Your Color
41,Keith Urban,Somebody Like You
41,Brett Eldredge,Wanna Be That Song
41,Jason Aldean,Big Green Tractor
41,Chris Young,I'm Comin' Over
41,Chris Young,Who I Am With You
41,Chris Young,Tomorrow
41,Chris Young,Gettin' You Home
41,Brooks & Dunn,Neon Moon
41,Brooks & Dunn,Boot Scootin' Boogie
41,Brooks & Dunn,Brand New Man
41,Little Big Town,Better Man
41,Destiny's Child,Say My Name
41,Zac Brown Band,Loving You Easy
42,Florida Georgia Line,Cruise
42,Brett Eldredge,Don't Ya
42,Chris Young,You
42,Josh Turner,Why Don't We Just Dance
42,Josh Turner,Time Is Love
42,Little Big Town,Day Drinking
42,Luke Bryan,Play It Again
42,Luke Bryan,Drunk On You
42,Sam Hunt,House Party
42,Thomas Rhett,Make Me Wanna
42,Andy Grammer,"Honey, I'm Good."
42,Ella Henderson,Ghost
42,Hozier,Someone New
42,Zac Brown Band,Toes
42,Zendaya,Replay
42,Nicki Minaj,Starships
42,Miley Cyrus,Wrecking Ball
42,Miley Cyrus,We Can't Stop
42,Miley Cyrus,Party In The U.S.A.
42,Chris Young,I'm Comin' Over
42,Zac Brown Band,Loving You Easy
42,Zac Brown Band,Homegrown
42,Jason Mraz,I Won't Give Up
42,Fetty Wap,Trap Queen
42,WALK THE MOON,Shut Up and Dance
42,Jason Derulo,Want to Want Me
42,Ed Sheeran,Photograph
42,Maroon 5,Sugar
42,Tove Lo,Talking Body
42,Macklemore & Ryan Lewis,Wing$
42,Justin Bieber,Sorry
42,Justin Bieber,Love Yourself
42,Charlie Puth,One Call Away
42,Lukas Graham,7 Years
42,Ruth B.,Lost Boy
42,The Chainsmokers,Closer
42,Yusuf / Cat Stevens,"If You Want To Sing Out, Sing Out"
42,Jessie J,Masterpiece
42,Martin Garrix,In the Name of Love
42,The Chainsmokers,Don't Let Me Down
42,The Lumineers,Sleep On The Floor
42,Niall Horan,This Town
42,Ed Sheeran,Shape of You
42,Sam Hunt,Body Like A Back Road
42,X Ambassadors,Unsteady
42,The Chainsmokers,Something Just Like This
43,Blake Shelton,Boys 'Round Here (feat. Pistol Annies & Friends)
43,Zac Brown Band,Chicken Fried
43,Brantley Gilbert,Kick It In The Sticks
43,Florida Georgia Line,Round Here
44,Carrie Underwood,Blown Away
44,Ariana Grande,One Last Time
44,Miranda Lambert,Mama's Broken Heart
44,Sia,Chandelier
44,Shania Twain,Man! I Feel Like A Woman!
44,Carrie Underwood,Before He Cheats
44,Nick Jonas,Chains
45,The All-American Rejects,Dirty Little Secret
45,The All-American Rejects,Move Along
45,Gwen Stefani,Hollaback Girl
45,Avril Lavigne,Sk8er Boi
45,Jimmy Eat World,The Middle
45,Good Charlotte,The Anthem
45,Sum 41,In Too Deep
45,The All-American Rejects,It Ends Tonight
45,The Fray,Over My Head (Cable Car)
45,Third Eye Blind,Semi-Charmed Life
45,Green Day,Basket Case
45,Avril Lavigne,Complicated
45,The Killers,Somebody Told Me
45,Weezer,Island In The Sun
45,The Goo Goo Dolls,Slide
45,Lifehouse,Hanging By A Moment
45,Hoobastank,The Reason
45,Weezer,Say It Ain't So
45,Lifehouse,You And Me
45,Snow Patrol,Chasing Cars
45,The Fray,You Found Me
45,Matchbox Twenty,Push
45,The Script,Breakeven
45,James Blunt,You're Beautiful
45,Coldplay,The Scientist
45,The Killers,Human
45,Lynyrd Skynyrd,Free Bird
45,Lynyrd Skynyrd,Sweet Home Alabama
45,Boston,More Than a Feeling
45,Foreigner,Juke Box Hero
45,Van Morrison,Brown Eyed Girl
45,Queen,Bohemian Rhapsody - Remastered 2011
45,Nirvana,Come As You Are
45,Neil Diamond,Sweet Caroline
45,Guns N' Roses,Sweet Child O' Mine
45,Guns N' Roses,Paradise City
45,Aerosmith,Dream On
45,Don McLean,American Pie
45,Third Eye Blind,Jumper - 1998 Edit
45,Matchbox Twenty,Unwell
45,The Script,For the First Time
45,blink-182,All The Small Things
45,System Of A Down,Chop Suey!
45,Papa Roach,Last Resort
45,Muse,Uprising
45,Linkin Park,Numb
45,Nirvana,Rape Me
45,Kings of Leon,Use Somebody
45,System Of A Down,Toxicity
45,Johnny Cash,Hurt
47,Michael Jackson,Billie Jean
48,Jason Aldean,Burnin' It Down
48,Jason Aldean,Dirt Road Anthem
48,Blake Shelton,Boys 'Round Here (feat. Pistol Annies & Friends)
48,Luke Bryan,Play It Again
48,Luke Bryan,That's My Kind Of Night
48,Luke Bryan,Drunk On You
48,Luke Bryan,Country Girl (Shake It For Me)
48,Florida Georgia Line,This Is How We Roll
48,Florida Georgia Line,Cruise
48,Luke Bryan,Kiss Tomorrow Goodbye
48,Keith Urban,Blue Ain't Your Color
49,Kirk Franklin,I Smile
50,Fetty Wap,Trap Queen
50,Maroon 5,Sugar
50,Nick Jonas,Chains
50,Iggy Azalea,Fancy
50,Kesha,TiK ToK
50,Rihanna,Don't Stop The Music
50,Pharrell Williams,"Happy - From ""Despicable Me 2"""
50,Ariana Grande,One Last Time
50,Sam Hunt,Take Your Time
50,Zac Brown Band,Homegrown
50,Luke Bryan,Play It Again
50,Brantley Gilbert,Country Must Be Country Wide
50,Zac Brown Band,Knee Deep (feat. Jimmy Buffett)
50,Luke Bryan,Country Girl (Shake It For Me)
50,Luke Bryan,That's My Kind Of Night
50,Luke Bryan,Play It Again
50,Luke Bryan,Drunk On You
51,Imagine Dragons,Radioactive
51,Christina Perri,Jar of Hearts
51,Christina Perri,Jar of Hearts
51,Christina Perri,A Thousand Years
51,Miley Cyrus,Wrecking Ball
51,Miley Cyrus,Wrecking Ball
51,Miley Cyrus,Wrecking Ball
51,Clean Bandit,Rather Be (feat. Jess Glynne)
51,Rihanna,We Found Love
51,Imagine Dragons,Demons
51,Jason Mraz,I Won't Give Up
51,Christina Perri,arms
51,Guns N' Roses,November Rain
51,Zara Larsson,Never Forget You
51,Shawn Mendes,Mercy
52,Bing Crosby,Mele Kalikimaka - Single Version
52,Bing Crosby,It's Beginning To Look A Lot Like Christmas
52,Bing Crosby,White Christmas
52,Nat King Cole,The Christmas Song (Merry Christmas To You)
52,Ella Fitzgerald,I've Got My Love To Keep Me Warm
52,Wham!,Last Christmas
52,Mariah Carey,All I Want for Christmas Is You
52,The Jackson 5,Santa Claus Is Coming To Town
53,Jason Derulo,Swalla (feat. Nicki Minaj & Ty Dolla $ign)
53,Fabolous,You Be Killin Em
53,Migos,Bad and Boujee (feat. Lil Uzi Vert)
53,Kevin Gates,Really Really
53,Big Sean,Bounce Back
53,Travis Scott,goosebumps
53,YG,My Nigga
53,Jeremih,Down On Me
53,Post Malone,Congratulations
53,LMFAO,Shots
53,50 Cent,In Da Club
53,Ginuwine,Pony
53,Ying Yang Twins,Salt Shaker
53,Eminem,The Real Slim Shady
53,Nelly,The Fix (feat. Jeremih)
53,DMX,Party Up
53,The Game,How We Do
53,Fat Joe,Make It Rain
53,Eve,Let Me Blow Ya Mind
53,Akon,Right Now (Na Na Na)
53,Nelly,Country Grammar (Hot Shit)
53,Dr. Dre,Still D.R.E.
53,N.W.A.,Express Yourself
53,N.W.A.,Straight Outta Compton
53,Skrillex,Purple Lamborghini (with Rick Ross)
53,Rick Ross,Hustlin'
53,DMX,Where The Hood At
53,Dr. Dre,The Next Episode
53,Tech N9ne,Caribou Lou
53,50 Cent,P.I.M.P.
53,N.W.A.,Fuck Tha Police
53,50 Cent,If I Can't
53,2 Chainz,We Own It (Fast & Furious)
53,Akon,Don't Matter
53,Kendrick Lamar,HUMBLE.
53,French Montana,Unforgettable
55,Jason Aldean,Dirt Road Anthem
55,Jason Aldean,Burnin' It Down
55,Jason Aldean,She's Country
55,Jason Aldean,Big Green Tractor
55,Zac Brown Band,Knee Deep (feat. Jimmy Buffett)
55,Zac Brown Band,Chicken Fried
55,Zac Brown Band,Free
55,Chris Stapleton,Tennessee Whiskey
55,Miranda Lambert,Gunpowder & Lead
55,Miranda Lambert,The House That Built Me
55,Carrie Underwood,Before He Cheats
55,Carrie Underwood,Blown Away
55,Carrie Underwood,"Jesus, Take the Wheel"
55,Carrie Underwood,Cowboy Casanova
55,Carrie Underwood,All-American Girl
55,Luke Bryan,Drunk On You
55,Luke Bryan,Country Girl (Shake It For Me)
55,Kenny Chesney,American Kids
55,Tim McGraw,Highway Don't Care
55,Tim McGraw,Humble And Kind
55,Tim McGraw,Live Like You Were Dying
55,Tim McGraw,Something Like That
55,Tim McGraw,Where The Green Grass Grows
55,Brad Paisley,She's Everything
55,Eric Church,Springsteen
55,Eric Church,Talladega
55,Eric Church,Like A Wrecking Ball
55,Florida Georgia Line,This Is How We Roll
55,Florida Georgia Line,Anything Goes
55,Florida Georgia Line,Cruise
55,Florida Georgia Line,Round Here
55,Sam Hunt,Break Up In A Small Town
55,Thomas Rhett,Die A Happy Man
55,Billy Currington,Don't It
55,Billy Currington,We Are Tonight
55,Billy Currington,Good Directions
55,Billy Currington,People Are Crazy
55,Billy Currington,Let Me Down Easy
55,Billy Currington,Pretty Good At Drinkin' Beer
55,Rascal Flatts,I Like The Sound Of That
55,Rascal Flatts,Bless The Broken Road
55,Rascal Flatts,My Wish
55,Rascal Flatts,Fast Cars And Freedom
55,Thomas Rhett,Make Me Wanna
55,Billy Currington,It Don't Hurt Like It Used To
55,Brooks & Dunn,Red Dirt Road
55,Jon Pardi,Dirt On My Boots
55,Sam Hunt,Body Like A Back Road
56,Ms. Lauryn Hill,Doo Wop (That Thing)
56,Ms. Lauryn Hill,Ex-Factor
56,Al Green,Simply Beautiful
56,Mos Def,Ms. Fat Booty
57,The 1975,Somebody Else
59,One Direction,What Makes You Beautiful
59,Maroon 5,Maps
59,Little Mix,Black Magic
59,Jessie J,Domino
59,Fifth Harmony,Miss Movin' On
59,Selena Gomez & The Scene,Who Says
59,Zara Larsson,Never Forget You
59,B.o.B,Magic (feat. Rivers Cuomo)
59,Céline Dion,"My Heart Will Go On - Love Theme from ""Titanic"""
59,Birdy,Skinny Love
59,The Chainsmokers,Closer
59,Maroon 5,Payphone
59,Daya,"Sit Still, Look Pretty"
59,Zendaya,Replay
59,Bruno Mars,When I Was Your Man
59,Bruno Mars,Grenade
59,Jay Sean,Down
59,Jay Sean,Do You Remember
59,Jason Derulo,Whatcha Say
59,John Denver,"Take Me Home, Country Roads"
59,Katy Perry,Firework
59,Katy Perry,Last Friday Night (T.G.I.F.)
59,Katy Perry,Dark Horse
59,Katy Perry,Roar
59,The Script,Breakeven
60,Macklemore & Ryan Lewis,Thrift Shop (feat. Wanz)
60,The Who,Baba O'Riley
60,Beastie Boys,Sabotage
60,A Tribe Called Quest,Can I Kick It?
60,Lupe Fiasco,Daydreamin' (feat. Jill Scott)
60,Foster The People,Pumped Up Kicks
60,Gotye,Somebody That I Used To Know
60,Deftones,Be Quiet and Drive (Far Away)
60,Gwen Stefani,What You Waiting For?
60,T.I.,Whatever You Like
60,Robin Thicke,Blurred Lines
60,Miley Cyrus,We Can't Stop
60,Lorde,Royals
60,Kanye West,Bound 2
60,Dolly Parton,Jolene
60,Sia,Chandelier
60,Iggy Azalea,Fancy
60,Milky Chance,Stolen Dance
60,Cyndi Lauper,Girls Just Want to Have Fun
60,Sia,Elastic Heart
60,Rihanna,Needed Me
61,Florida Georgia Line,Cruise
61,Darius Rucker,Wagon Wheel
61,Florida Georgia Line,Round Here
61,Eric Church,Springsteen
61,Zac Brown Band,Knee Deep (feat. Jimmy Buffett)
62,N.W.A.,Straight Outta Compton
62,Fall Out Boy,My Songs Know What You Did In The Dark (Light Em Up)
62,Fat Joe,All The Way Up (Remix)
62,Meek Mill,R.I.C.O. (feat. Drake)
62,The Game,The Game & Skrillex: El Chapo
62,ScHoolboy Q,Collard Greens
62,Migos,Bad and Boujee (feat. Lil Uzi Vert)
63,The Jackson 5,I Want You Back
63,Marvin Gaye,Ain't No Mountain High Enough
63,Electric Light Orchestra,Mr. Blue Sky
63,Yusuf / Cat Stevens,Father And Son
63,The Animals,We Gotta Get Out Of This Place - UK Single Version
63,Electric Light Orchestra,Don't Bring Me Down
63,Yusuf / Cat Stevens,"If You Want To Sing Out, Sing Out"
64,Meghan Trainor,Title
64,Disclosure,Magnets
64,Zara Larsson,Never Forget You
64,MIKA,Popular Song
64,Nicki Minaj,Moment 4 Life
64,Miranda Lambert,Mama's Broken Heart
64,Carrie Underwood,Blown Away
64,Carrie Underwood,Cowboy Casanova
64,Fifth Harmony,Miss Movin' On
64,Fifth Harmony,BO$$
64,Adele,Rolling in the Deep
64,Maroon 5,This Love
64,Destiny's Child,Survivor
64,Hailee Steinfeld,Love Myself
65,Queen,Bohemian Rhapsody - Remastered 2011
65,Frank Sinatra,My Way
65,The White Stripes,Seven Nation Army
65,Kendrick Lamar,HUMBLE.
65,Michael Jackson,Smooth Criminal - 2012 Remaster
65,Michael Jackson,The Way You Make Me Feel - 2012 Remaster
65,Michael Jackson,Billie Jean
65,Rick Astley,Never Gonna Give You Up
65,Marvin Gaye,Ain't No Mountain High Enough
65,Queen,We Are The Champions - Remastered 2011
65,Europe,The Final Countdown
65,Gorillaz,Clint Eastwood
65,Foster The People,Pumped Up Kicks
65,Electric Light Orchestra,Mr. Blue Sky
65,CeeLo Green,Fuck You
65,CeeLo Green,Forget You
65,Panic! At The Disco,I Write Sins Not Tragedies
65,Maroon 5,She Will Be Loved - Radio Mix
65,Gotye,Somebody That I Used To Know
65,Chuck Berry,Johnny B. Goode
65,The Temptations,My Girl
65,Jimmy Eat World,The Middle
65,Aerosmith,Dream On
65,Aerosmith,Walk This Way
65,AC/DC,Highway to Hell
65,AC/DC,Back In Black
65,Imagine Dragons,Believer
65,Yung Gravy,Mr. Clean
65,Yung Gravy,1 Thot 2 Thot Red Thot Blue Thot
65,Boney M.,Rasputin
65,System Of A Down,Chop Suey!
65,Khalid,Young Dumb & Broke
65,Smash Mouth,All Star
65,Ennio Morricone,"The Good, The Bad And The Ugly - Main Title"
65,Marvin Gaye,Let's Get It On
65,PSY,New Face
65,Evanescence,Bring Me To Life
66,Martin Garrix,Scared to Be Lonely
66,Chase Atlantic,Church
66,Rag'n'Bone Man,Skin
68,Big Sean,I Know
68,Bryson Tiller,Exchange
68,Bryson Tiller,Don't
68,Bryson Tiller,Right My Wrongs
68,Frank Ocean,Novacane
68,J. Cole,Wet Dreamz
68,J. Cole,Love Yourz
68,Jeremih,Don't Tell 'Em
68,Kendrick Lamar,LOVE. FEAT. ZACARI.
68,Khalid,Location
68,Macklemore & Ryan Lewis,Otherside (feat. Fences) [Ryan Lewis Remix]
68,50 Cent,21 Questions
68,Russ,Losin Control
68,Russ,Cherry Hill
68,Russ,"Psycho, Pt. 2"
68,PARTYNEXTDOOR,Come and See Me (feat. Drake)
68,French Montana,Unforgettable
68,Logic,1-800-273-8255
68,Logic,Gang Related
68,Post Malone,I Fall Apart
68,Tory Lanez,Say It
68,Travis Scott,goosebumps
68,6LACK,PRBLMS
68,NAV,Some Way
68,Lloyd,Tru
69,Gregory Alan Isakov,Big Black Car
69,The Paper Kites,Bloom - Bonus Track
70,Phantogram,When I'm Small
70,Phantogram,Don't Move
70,Twenty One Pilots,Car Radio
70,Foster The People,Houdini
70,Lorde,Team
70,Grimes,Genesis
70,Grimes,Oblivion
70,Tame Impala,Feels Like We Only Go Backwards
71,MØ,Final Song
71,Nick Jonas,Close
71,Jeremih,oui
71,Galantis,No Money
71,Drake,One Dance
71,Destiny's Child,Say My Name
71,DJ Snake,Middle
71,Zara Larsson,Lush Life
71,Years & Years,Desire - Gryffin Remix
71,Disclosure,Omen - Radio Edit
72,Calle 13,Atrévete-Te-Te
72,Camila,Aléjate de Mí
72,Camila,Todo Cambió
72,Camila,Mientes
72,Camila,Bésame
72,Camila,Abrázame
72,Camila,Coleccionista de Canciones
72,Camila,Sólo para Ti
72,Aventura,Mi Corazoncito
72,Maná,Bendita Tu Luz
72,Celia Cruz,La Vida Es Un Carnaval
72,Ivy Queen,Quiero Bailar
72,Ivy Queen,La Vida Es Así
72,Enrique Iglesias,Cuando Me Enamoro
72,Elvis Crespo,Suavemente
72,Celia Cruz,La Negra Tiene Tumbao
72,Celia Cruz,La Vida Es Un Carnaval
72,Julieta Venegas,Limón y Sal
72,Julieta Venegas,Lento
72,Don Omar,Guaya Guaya
72,Paulina Rubio,Ni Una Sola Palabra
72,Jesse & Joy,¡Corre!
72,Juanes,La Camisa Negra
72,Juanes,A Dios Le Pido
72,Angel Y Khriz,Ven Bailalo - Bachareggae
72,Angel Y Khriz,Na De Na
72,Angel Y Khriz,Me Enamoré
72,Angel Y Khriz,La Vecina
72,Paulina Rubio,Y Yo Sigo Aqui
72,La Oreja de Van Gogh,Rosas
72,Aventura,Mi Corazoncito
72,Los Enanitos Verdes,Lamento Boliviano
72,Café Tacvba,Eres
72,Aventura,Dile al Amor
72,Zion,Alocate
72,"Tito ""El Bambino""","Sol, Playa Y Arena"
72,Plan B,Candy
72,Plan B,Fanática Sensual
72,Wisin & Yandel,Sexy Movimiento
72,Selena,Si Una Vez
72,Luis Fonsi,No Me Doy Por Vencido
72,Cristian Castro,Por Amarte Así
72,Marco Antonio Solís,Si No Te Hubieras Ido
72,Vicente Fernández,Hermoso Cariño
72,Cristian Castro,Volver a Amar
72,Banda El Recodo,Te Presumo
72,Banda El Recodo,La Mejor De Todas
72,Selena,Fotos Y Recuerdos
72,Selena,No Me Queda Más
72,Selena,Amor Prohibido
72,Selena,Fotos Y Recuerdos
72,Selena,El Chico Del Apartamento 512
72,Grupo Bryndis,Amor Prohibido
72,Los Angeles De Charly,Me Vas A Recordar
73,Tim McGraw,Humble And Kind
73,The Chainsmokers,Paris
73,Julia Michaels,Issues
73,Clean Bandit,Rockabye (feat. Sean Paul & Anne-Marie)
73,AJR,Weak
73,The Chainsmokers,Something Just Like This
73,Bruno Mars,That's What I Like
73,Ed Sheeran,Shape of You
73,Khalid,Location
73,Ed Sheeran,Happier
73,Imagine Dragons,Believer
74,Chris Tomlin,Good Good Father
76,Ed Sheeran,Shape of You
76,The Vamps,All Night
76,Avicii,Waiting For Love
76,Glass Animals,Life Itself
76,Clean Bandit,Symphony (feat. Zara Larsson)
76,Post Malone,Congratulations
77,YG,Who Do You Love?
77,M.I.A.,Y.A.L.A.
77,James Blake,Retrograde
77,Arctic Monkeys,R U Mine?
79,A Tribe Called Quest,Buggin' Out
79,Nas,The World Is Yours
79,A Tribe Called Quest,Scenario - LP Mix
80,Mike Posner,I Took A Pill In Ibiza - Seeb Remix
80,Justin Bieber,Love Yourself
80,ZAYN,PILLOWTALK
80,Lukas Graham,7 Years
80,Mario,Let Me Love You
80,Miguel,Sure Thing
80,Ed Sheeran,Photograph
80,The Fray,How to Save a Life
80,The Fray,You Found Me
80,Chris Brown,With You
80,The Chainsmokers,Closer
81,Lil Wayne,6 Foot 7 Foot
81,Eminem,Love The Way You Lie
81,Lil Wayne,Mirror
81,Lil Wayne,Right Above It
81,DJ Khaled,I'm On One
81,Lil Wayne,A Milli
81,Lil Wayne,Lollipop
81,Jay Sean,Down
81,50 Cent,In Da Club
81,Kanye West,Gold Digger
81,Yelawolf,Daddy's Lambo
81,Eminem,The Real Slim Shady
83,Jimmy Buffett,Margaritaville
83,Jimmy Buffett,Cheeseburger In Paradise
83,Jimmy Buffett,Son Of A Son Of A Sailor
83,Jimmy Buffett,A Pirate Looks At Forty
83,Kenny Chesney,American Kids
83,Zac Brown Band,Knee Deep (feat. Jimmy Buffett)
83,Zac Brown Band,Toes
83,Bob Marley & The Wailers,"No Woman, No Cry - Live At The Lyceum, London/1975"
83,Bob Marley & The Wailers,Is This Love
83,Bob Marley & The Wailers,Could You Be Loved
83,Bob Marley & The Wailers,Three Little Birds
83,Bob Marley & The Wailers,Buffalo Soldier
83,Bob Marley & The Wailers,Jamming
83,Jack Johnson,Banana Pancakes
83,Jack Johnson,Better Together
83,Jack Johnson,"Sitting, Waiting, Wishing"
83,Sublime,Santeria
83,Sublime,What I Got
83,Sublime,Caress Me Down
83,Sublime,Smoke Two Joints
83,blink-182,All The Small Things
83,blink-182,What's My Age Again?
83,Damian Marley,Welcome To Jamrock
83,Willie Nelson,Always On My Mind
84,Tech N9ne,The Beast
84,Tech N9ne,Am I A Psycho
84,Fabolous,My Time
84,D12,Fight Music
84,50 Cent,If I Can't
84,Childish Gambino,Redbone
84,Guns N' Roses,Welcome To The Jungle
84,Survivor,Eye of the Tiger
84,J. Cole,No Role Modelz
84,DMX,Where The Hood At
84,The Game,The Game & Skrillex: El Chapo
85,G-Eazy,"Me, Myself & I"
85,Coldplay,A Sky Full of Stars
85,Coldplay,Paradise
85,Imagine Dragons,Demons
85,Imagine Dragons,Radioactive
85,Sia,Chandelier
85,Eminem,Love The Way You Lie
85,Coldplay,Fix You
85,OneRepublic,Counting Stars
85,Avicii,Levels - Radio Edit
85,Twenty One Pilots,Heathens
85,Alessia Cara,Scars To Your Beautiful
85,Rihanna,We Found Love
85,Avicii,Hey Brother
85,Alesso,Heroes (we could be)
85,The Weeknd,Starboy
85,Flo Rida,Whistle
85,Macklemore & Ryan Lewis,Thrift Shop (feat. Wanz)
85,Johnny Cash,Hurt
85,The Chainsmokers,Something Just Like This
85,Ed Sheeran,Shape of You
85,Twenty One Pilots,Ride
85,James Arthur,Say You Won't Let Go
85,Avicii,The Nights
85,Ajay-Atul,Abhi Mujh Mein Kahin
85,Sia,Cheap Thrills
85,Luis Fonsi,Despacito - Remix
85,Kendrick Lamar,HUMBLE.
85,Justin Timberlake,What Goes Around.../...Comes Around (Interlude)
85,Lil Wayne,Mirror
85,Imagine Dragons,Thunder
86,Disclosure,Latch
86,Disclosure,Latch
86,Disclosure,Latch
86,Disclosure,Latch
86,Disclosure,Latch
86,Disclosure,Latch
86,Disclosure,You & Me - Flume Remix
86,Lloyd,You
86,ScHoolboy Q,Studio
86,Trey Songz,Slow Motion
87,Of Monsters and Men,Crystals
87,Of Monsters and Men,Human
87,Vance Joy,Georgia
87,Kodaline,All I Want
88,EXO,Monster
88,EXO,CALL ME BABY
88,EXO,Lotto
88,BLACKPINK,As If It's Your Last
88,SEVENTEEN,VERY NICE
88,BLACKPINK,BOOMBAYAH
89,Marvin Gaye,Sexual Healing
89,Cyndi Lauper,Girls Just Want to Have Fun
89,Europe,Carrie
89,Michael Bolton,How Am I Supposed to Live Without You
89,The Outfield,Your Love
89,Men At Work,Who Can It Be Now?
89,Guns N' Roses,Sweet Child O' Mine
89,Blondie,Call Me
89,Don Henley,The Boys Of Summer
89,John Mellencamp,Jack & Diane
89,Tom Petty,Free Fallin'
89,Crowded House,Don't Dream It's Over
89,Heart,Alone
89,Bon Jovi,Wanted Dead Or Alive
89,Journey,Don't Stop Believin'
89,Kool & The Gang,Celebration
89,Whitney Houston,I Wanna Dance with Somebody (Who Loves Me)
89,Michael Jackson,Billie Jean
89,Men At Work,Down Under
89,Cyndi Lauper,Time After Time
89,"Earth, Wind & Fire",Let's Groove
89,Billy Joel,Uptown Girl
89,Diana Ross,Upside Down
89,Elton John,I'm Still Standing
89,George Michael,Faith - Remastered
89,Queen,Another One Bites The Dust - Remastered 2011
89,Michael Jackson,Billie Jean
90,Waylon Jennings,Are You Sure Hank Done It This Way
90,Johnny Cash,(Ghost) Riders in the Sky
90,Bob Dylan,Girl from the North Country
90,Willie Nelson,Highwayman
90,Jimmy Buffett,Come Monday
90,Jimmy Buffett,Son Of A Son Of A Sailor
90,Jimmy Buffett,"Changes In Latitudes, Changes In Attitudes"
91,Robin Thicke,Blurred Lines
91,Too $hort,Blow the Whistle
91,Dwele,Open Your Eyes
91,Blackstreet,Before I Let You Go
91,R. Kelly,Ignition - Remix
91,Erykah Badu,On & On
91,R. Kelly,Bump n' Grind
91,Jeremih,Planez
91,Trey Songz,Slow Motion
92,Tom Petty,Free Fallin'
92,Tom Petty,You Don't Know How It Feels
92,Tom Petty,I Won't Back Down
92,Tom Petty,Runnin' Down A Dream
92,Tom Petty and the Heartbreakers,Refugee
92,Tom Petty and the Heartbreakers,Don't Come Around Here No More
93,Justin Bieber,Sorry
93,Justin Bieber,Love Yourself
93,Ed Sheeran,Photograph
93,Andy Grammer,Fine By Me
93,George Ezra,Budapest
93,Darius Rucker,Wagon Wheel
93,Sam Hunt,House Party
93,OneRepublic,Counting Stars
93,Jess Glynne,Hold My Hand
93,Twenty One Pilots,Stressed Out
93,Sam Hunt,Take Your Time
93,Andy Grammer,Keep Your Head Up
93,Charlie Puth,One Call Away
93,X Ambassadors,Renegades
93,Shawn Mendes,Stitches
93,WALK THE MOON,Shut Up and Dance
93,Carly Rae Jepsen,I Really Like You
93,Twenty One Pilots,Ride
93,Lukas Graham,7 Years
93,Flo Rida,My House
93,Sam Hunt,Break Up In A Small Town
93,Sam Hunt,Make You Miss Me
93,Mike Posner,I Took A Pill In Ibiza - Seeb Remix
93,The Chainsmokers,Closer
93,DJ Snake,Let Me Love You
93,Alessia Cara,Scars To Your Beautiful
93,Steve Aoki,Just Hold On
93,The Fray,How to Save a Life
93,Sara Bareilles,Love Song
93,Jason Mraz,I'm Yours
93,Adele,Someone Like You
93,The Lumineers,Ho Hey
93,John Mayer,Slow Dancing in a Burning Room
93,Charlie Puth,We Don't Talk Anymore (feat. Selena Gomez)
93,Train,"Hey, Soul Sister"
93,Bruno Mars,When I Was Your Man
93,Matchbox Twenty,Push
93,One Direction,Best Song Ever
93,Carly Rae Jepsen,Call Me Maybe
93,Lukas Graham,7 Years
93,Jason Mraz,I Won't Give Up
93,Julia Michaels,Issues
93,Ed Sheeran,Shape of You
93,The Chainsmokers,Paris
93,The Weeknd,Starboy
93,Smash Mouth,All Star
93,Journey,Don't Stop Believin'
93,Coldplay,Viva La Vida
93,Oasis,Wonderwall - Remastered
93,Maroon 5,Payphone
93,Foster The People,Pumped Up Kicks
93,The Chainsmokers,Something Just Like This
93,James Arthur,Say You Won't Let Go
94,James Bay,Let It Go
94,The Script,Breakeven
94,Lukas Graham,7 Years
94,Coldplay,The Scientist
94,The Fray,How to Save a Life
94,ZAYN,fOoL fOr YoU
94,One Direction,18
94,G-Eazy,"Me, Myself & I"
94,Neil Diamond,Sweet Caroline
94,Christina Aguilera,Beautiful
94,Jason Mraz,I Won't Give Up
94,Destiny's Child,Say My Name
94,Colbie Caillat,Try
94,Jeremih,oui
94,Coldplay,Fix You
94,Snow Patrol,Chasing Cars
94,Electric Light Orchestra,Telephone Line
94,Troye Sivan,YOUTH
94,The Script,The Man Who Can't Be Moved
94,Twenty One Pilots,Ride
94,Coldplay,Yellow
94,The Fray,Over My Head (Cable Car)
94,U2,Beautiful Day
94,Fergie,Big Girls Don't Cry (Personal)
94,Twenty One Pilots,Stressed Out
94,OneRepublic,Apologize
94,Jason Mraz,Love Someone
94,John Mayer,XO
94,Sara Bareilles,Gravity
94,Billy Joel,Piano Man
94,Billy Joel,Vienna
94,Bill Withers,Lovely Day
94,Florida Georgia Line,May We All
94,The Lumineers,Ophelia
94,Jack Johnson,Banana Pancakes
94,Kodaline,All I Want
94,The Lumineers,Sleep On The Floor
94,The Lumineers,Stubborn Love
94,Jack Johnson,I Got You
94,Lifehouse,You And Me
94,Adele,Make You Feel My Love
94,The Paper Kites,Bloom - Bonus Track
94,Miley Cyrus,Malibu
95,Disclosure,Latch
95,Ludacris,Blueberry Yum Yum
95,Damian Marley,Welcome To Jamrock
95,Nelly,Air Force Ones
95,YG,Who Do You Love?
95,Bas,Night Job
95,Mac Miller,Weekend (feat. Miguel)
95,Russ,What They Want
95,Fat Joe,All The Way Up (Remix)
95,Sublime,What I Got
95,Kanye West,Father Stretch My Hands Pt. 1
95,ScHoolboy Q,THat Part
95,Beastie Boys,Paul Revere
95,Beastie Boys,Fight For Your Right
95,Beastie Boys,No Sleep Till Brooklyn
95,Jay Rock,Vice City (feat. Black Hippy)
95,Rihanna,Needed Me
95,Calvin Harris,This Is What You Came For
95,The Chainsmokers,Don't Let Me Down
95,Joey Bada$$,DEVASTATED
95,Zac Brown Band,Colder Weather
95,Zac Brown Band,Chicken Fried
95,Zac Brown Band,Knee Deep (feat. Jimmy Buffett)
95,Zac Brown Band,Toes
95,Rae Sremmurd,Black Beatles
95,Meek Mill,Litty (feat. Tory Lanez)
95,A Boogie Wit da Hoodie,Jungle
95,A Boogie Wit da Hoodie,My Shit
95,Travis Scott,goosebumps
95,Busta Rhymes,Break Ya Neck
95,Mobb Deep,"Shook Ones, Pt. II"
95,Bruno Mars,24K Magic
95,Kendrick Lamar,HUMBLE.
95,Logic,Everybody
96,Mariah Carey,All I Want for Christmas Is You
96,Pentatonix,"Mary, Did You Know?"
96,Justin Bieber,Mistletoe
96,Pentatonix,That's Christmas to Me
97,Lana Del Rey,Summertime Sadness
97,The Black Keys,Lonely Boy
97,fun.,Why Am I the One
97,Gotye,Somebody That I Used To Know
97,Gotye,Smoke And Mirrors
97,Keane,Everybody's Changing
97,Of Monsters and Men,Little Talks
97,Of Monsters and Men,Dirty Paws
97,Of Monsters and Men,King And Lionheart
97,Of Monsters and Men,Mountain Sound
97,Of Monsters and Men,Little Talks
97,Of Monsters and Men,Love Love Love
98,Dave Matthews Band,Satellite
98,Dave Matthews Band,You & Me
98,Dave Matthews Band,Grey Street
98,Dave Matthews Band,Where Are You Going
98,Dave Matthews Band,#41
98,Dave Matthews Band,Ants Marching
98,Dave Matthews Band,What Would You Say
98,Dave Matthews Band,Crash into Me
98,Dave Matthews Band,The Space Between
98,Dave Matthews Band,Grey Street
98,Dave Matthews Band,What Would You Say
98,Dave Matthews Band,Satellite
98,Dave Matthews Band,Ants Marching
99,Iggy Pop,The Passenger
99,Marvin Gaye,I Heard It Through The Grapevine
99,J.J. Cale,Cocaine
99,Kool & The Gang,Jungle Boogie
99,Al Green,Let's Stay Together
99,Chuck Berry,You Never Can Tell
101,Jason Mraz,Lucky
101,Jason Mraz,I'm Yours
102,Lil Uzi Vert,Erase Your Social
102,Lil Uzi Vert,Money Longer
102,Lil Uzi Vert,The Way Life Goes (feat. Oh Wonder)
102,Lil Uzi Vert,Neon Guts (feat. Pharrell Williams)
103,Calle 13,Muerte En Hawaii
103,Calle 13,Atrévete-Te-Te
103,Plan B,Fanática Sensual
103,Don Omar,Dile
103,Don Omar,Dale Don Dale
103,Maná,En El Muelle De San Blas
103,Cultura Profética,Ilegal
103,Cultura Profética,Rimas Pa' Seducir
103,Calle 13,La Vuelta Al Mundo
103,Carlos Vives,Volví a Nacer
103,Bacilos,Caraluna
103,Bacilos,Mi primer millon
103,Marc Anthony,Flor Pálida
103,Marc Anthony,Valió la Pena - Salsa Version
103,Marc Anthony,Tu Amor Me Hace Bien - Salsa Version
103,Gilberto Santa Rosa,Conteo Regresivo - Salsa Version
103,Gilberto Santa Rosa,La Agarro Bajando
103,Gilberto Santa Rosa,Conciencia
103,Gilberto Santa Rosa,Que Alguien Me Diga
103,Eddie Santiago,Que Locura Enamorarme De Ti
103,Eddie Santiago,Lluvia
103,Eros Ramazzotti,La Cosa Mas Bella
103,Eros Ramazzotti,Otra Como Tu
103,Don Omar,Bandoleros
103,Damian Marley,Welcome To Jamrock
103,Damian Marley,Road To Zion
103,Frankie Ruiz,Desnúdate Mujer
103,Frankie Ruiz,La Cura
103,Frankie Ruiz,Tú Me Vuelves Loco
103,Nicky Jam,Hasta el Amanecer
103,Maluma,Borro Cassette
103,Enrique Iglesias,Bailando - Spanish Version
103,Yandel,Encantadora
103,J Balvin,Si Tu Novio Te Deja Sola
103,Disclosure,Latch
103,Maluma,Felices los 4
103,Cosculluela,Guaya
103,Cosculluela,Manicomio
103,Cosculluela,23
103,Plan B,Si No Le Contesto
104,Vance Joy,Riptide
104,Hozier,Someone New
104,Hozier,Work Song
104,Hozier,Like Real People Do
104,Hozier,Cherry Wine - Live
104,Lorde,Ribs
104,Brandi Carlile,The Story
104,Arctic Monkeys,Arabella
104,Arctic Monkeys,R U Mine?
104,Arctic Monkeys,Knee Socks
104,Of Monsters and Men,Crystals
104,Melanie Martinez,Pity Party
104,Ruth B.,Lost Boy
104,Lukas Graham,7 Years
105,Alessia Cara,Wild Things
105,Ed Sheeran,Photograph
105,Jason Mraz,I Won't Give Up
105,Savage Garden,I Knew I Loved You
105,Backstreet Boys,Quit Playing Games (With My Heart)
105,Backstreet Boys,I Want It That Way
105,Backstreet Boys,As Long as You Love Me
105,Alicia Keys,If I Ain't Got You
105,Ciara,Body Party
105,Wiz Khalifa,No Sleep
105,Nick Jonas,Close
105,Third Eye Blind,Semi-Charmed Life
105,Smash Mouth,All Star
105,Disclosure,Latch
105,Pitbull,Time of Our Lives
105,Natasha Bedingfield,Unwritten
105,Fall Out Boy,"Sugar, We're Goin Down"
105,Bon Jovi,Livin' On A Prayer
105,blink-182,All The Small Things
105,The Goo Goo Dolls,Iris
105,John Mayer,Your Body Is a Wonderland
105,Nelly Furtado,I'm Like A Bird
105,John Mayer,Slow Dancing in a Burning Room
105,Mario,Let Me Love You
105,Mario,Just a Friend 2002 - Radio Edit
105,Mario,I Choose You
105,Shaggy,Angel
105,Shaggy,It Wasn't Me
105,Missy Elliott,Work It
105,Eve,Let Me Blow Ya Mind
105,Nelly,Hot In Herre
105,50 Cent,P.I.M.P.
105,R. Kelly,Ignition - Remix
105,Jimmy Eat World,The Middle
105,Natasha Bedingfield,Unwritten
105,T.I.,Whatever You Like
105,Tove Lo,Talking Body
105,Nelly,Dilemma
105,Akon,Don't Matter
105,50 Cent,21 Questions
105,Trey Songz,Neighbors Know My Name
105,Twista,Slow Jamz
105,Ginuwine,Pony
105,Sean Paul,Get Busy
106,M.I.A.,Paper Planes
106,Robin Thicke,Blurred Lines
106,Prince,Let's Go Crazy
106,Andy Grammer,Keep Your Head Up
106,Missy Elliott,Get Ur Freak On
106,Will Smith,Gettin' Jiggy Wit It
106,Nelly,Hot In Herre
106,Daft Punk,One More Time
106,Janet Jackson,When I Think Of You
106,Janet Jackson,All For You
106,Armin van Buuren,This Is What It Feels Like
106,Estelle,American Boy
107,Maroon 5,Sugar
107,Meghan Trainor,All About That Bass
107,Calvin Harris,Summer
107,Clean Bandit,Rather Be (feat. Jess Glynne)
107,Robin Thicke,Blurred Lines
107,Bastille,Pompeii
107,Maroon 5,Animals
107,John Newman,Love Me Again
107,Boney M.,Sunny
107,Enrique Iglesias,Bailando - Spanish Version
107,Iggy Azalea,Fancy
107,Justin Bieber,Sorry
107,Fetty Wap,Trap Queen
107,Robin Schulz,Sugar (feat. Francesco Yates)
107,Macklemore & Ryan Lewis,Thrift Shop (feat. Wanz)
107,Jason Derulo,Want to Want Me
107,Mike Posner,I Took A Pill In Ibiza - Seeb Remix
107,Sia,Cheap Thrills
107,Sean Paul,She Doesn't Mind
107,Drake,One Dance
107,Years & Years,Desire - Gryffin Remix
107,Galantis,Runaway (U & I)
107,Calvin Harris,This Is What You Came For
107,Kygo,Firestone
107,Calvin Harris,How Deep Is Your Love
107,The Weeknd,Starboy
107,The Chainsmokers,Closer
107,The Chainsmokers,Roses
107,J. Cole,No Role Modelz
107,DJ Snake,Let Me Love You
107,Martin Garrix,In the Name of Love
107,Foster The People,Pumped Up Kicks
107,Jason Derulo,Swalla (feat. Nicki Minaj & Ty Dolla $ign)
107,Rae Sremmurd,Black Beatles
109,Chris Tomlin,How Great Is Our God
109,Chris Tomlin,Our God
109,Chris Tomlin,Amazing Grace (My Chains Are Gone)
109,Casting Crowns,Voice of Truth
109,Casting Crowns,Praise You In This Storm
109,Casting Crowns,Voice of Truth
109,Hillsong Worship,Broken Vessels (Amazing Grace) - Live
109,Phil Wickham,This Is Amazing Grace
109,Kirk Franklin,Brighter Day
109,Chris Tomlin,At The Cross (Love Ran Red)
109,Lauren Daigle,How Can It Be
109,Chris Tomlin,Good Good Father
109,Chris Tomlin,Noel - Live
110,Skank,Garota Nacional
110,Engenheiros Do Hawaii,"Era um Garoto, Que Como Eu, Amava os Beatles e os Rolling Stones"
110,Antônio Carlos Jobim,Águas De Março
110,Antônio Carlos Jobim,Wave
110,Seu Jorge,Burguesinha
110,Djavan,Eu Te Devoro
111,Rascal Flatts,I Like The Sound Of That
111,Brett Young,In Case You Didn't Know
111,Brett Young,Sleep Without You
111,Jason Aldean,Big Green Tractor
111,Billy Currington,Do I Make You Wanna
111,Jon Pardi,Heartache On The Dance Floor
111,Darius Rucker,Wagon Wheel
111,Dan + Shay,From the Ground Up
111,Keith Urban,Long Hot Summer
111,Sam Hunt,Take Your Time
111,Billy Currington,Don't It
111,Billy Currington,It Don't Hurt Like It Used To
111,Rascal Flatts,Bless The Broken Road
112,M.I.A.,Bad Girls
112,Natasha Bedingfield,Unwritten
112,Beastie Boys,Fight For Your Right
112,blink-182,What's My Age Again?
112,Missy Elliott,One Minute Man (feat. Ludacris)
112,Hoobastank,The Reason
113,ZAYN,PILLOWTALK
113,G-Eazy,"Me, Myself & I"
113,Adele,When We Were Young
113,Rae Sremmurd,Come Get Her
113,Mike Posner,Cooler Than Me - Single Mix
113,Kevin Gates,2 Phones
113,Kanye West,Heartless
113,Florida Georgia Line,Cruise
114,Toby Keith,Beer For My Horses
115,Jack Johnson,Upside Down
115,Sublime,What I Got
115,Sublime,Santeria
115,Bob Marley & The Wailers,Three Little Birds
115,Zac Brown Band,Chicken Fried
115,Zac Brown Band,Knee Deep (feat. Jimmy Buffett)
115,Zac Brown Band,Toes
115,Bob Marley & The Wailers,Could You Be Loved
115,Bob Marley & The Wailers,Buffalo Soldier
115,Sam Hunt,House Party
115,Toby Keith,"Courtesy Of The Red, White And Blue (The Angry American)"
115,Toby Keith,Beer For My Horses
115,Toby Keith,Red Solo Cup
115,Jimmy Buffett,Cheeseburger In Paradise
115,Jimmy Buffett,Son Of A Son Of A Sailor
115,Jimmy Buffett,Margaritaville
115,Jimmy Buffett,Come Monday
115,Jimmy Buffett,"Changes In Latitudes, Changes In Attitudes"
115,Kid Rock,All Summer Long
115,Lynyrd Skynyrd,Sweet Home Alabama
115,Sublime,Doin' Time
115,Luke Bryan,Country Girl (Shake It For Me)
115,Shaggy,It Wasn't Me
115,Aerosmith,Dream On
115,Aerosmith,Dude (Looks Like A Lady)
115,The Black Keys,Lonely Boy
115,Flo Rida,My House
115,Imagine Dragons,Radioactive
115,Aerosmith,Rag Doll
115,B.o.B,So Good
115,Aerosmith,Sweet Emotion
115,Franz Ferdinand,Take Me Out
115,Aerosmith,Walk This Way
115,Kanye West,Father Stretch My Hands Pt. 1
115,Alan Walker,Faded
115,Coldplay,Paradise
115,Kanye West,Homecoming
115,Kid Cudi,Erase Me - Main
115,Avicii,The Nights
115,Anderson .Paak,Come Down
115,J. Cole,Wet Dreamz
115,Lupe Fiasco,Daydreamin' (feat. Jill Scott)
115,The Who,Baba O'Riley
115,Nelly,Ride Wit Me
115,Ed Sheeran,Shape of You
115,50 Cent,P.I.M.P.
115,Third Eye Blind,Semi-Charmed Life
115,Zac Brown Band,Homegrown
115,Robin Thicke,Blurred Lines
115,UB40,The Way You Do The Things You Do
115,Shaggy,Angel
115,Lynyrd Skynyrd,Gimme Three Steps
115,Bob Marley & The Wailers,Is This Love
115,Bob Marley & The Wailers,"No Woman, No Cry - Live At The Lyceum, London/1975"
115,Zac Brown Band,Loving You Easy
115,Imagine Dragons,Whatever It Takes
115,Van Morrison,Brown Eyed Girl
115,The Killers,When You Were Young
115,The Killers,All These Things That I've Done
115,Childish Gambino,Redbone
115,Damian Marley,Welcome To Jamrock
115,The Black Keys,Fever
115,Luis Fonsi,Despacito - Remix
115,Sam Hunt,Body Like A Back Road
115,Kenny Chesney,When the Sun Goes Down
115,Lupe Fiasco,"Kick, Push"
115,Florida Georgia Line,May We All
115,Jon Pardi,Dirt On My Boots
115,Florida Georgia Line,This Is How We Roll
115,Brantley Gilbert,The Weekend
115,Thomas Rhett,Unforgettable
115,Kenny Chesney,All the Pretty Girls
116,Kanye West,Gold Digger
116,Twista,Slow Jamz
116,Katy Perry,Dark Horse
116,Bastille,Pompeii
118,Galantis,No Money
118,Galantis,Runaway (U & I)
118,Galantis,Peanut Butter Jelly
118,Milky Chance,Stolen Dance
118,The Chainsmokers,Closer
118,Don Omar,Danza Kuduro
118,Years & Years,Desire - Gryffin Remix
119,Guns N' Roses,Sweet Child O' Mine
119,Guns N' Roses,Knockin' On Heaven's Door
119,Van Morrison,Brown Eyed Girl
119,Lynyrd Skynyrd,Sweet Home Alabama
119,AC/DC,You Shook Me All Night Long
119,Third Eye Blind,Semi-Charmed Life
119,Third Eye Blind,Jumper - 1998 Edit
119,Maroon 5,Sugar
119,Lifehouse,You And Me
119,Lifehouse,Hanging By A Moment
119,The Clash,Should I Stay or Should I Go - Remastered
120,Owl City,Fireflies
120,Guns N' Roses,Paradise City
120,Elvis Presley,Jailhouse Rock
120,Queen,Bohemian Rhapsody - Remastered 2011
120,Creedence Clearwater Revival,Bad Moon Rising
120,Journey,Don't Stop Believin'
120,Bon Jovi,Livin' On A Prayer
120,Survivor,Eye of the Tiger
120,Bastille,Pompeii
120,Queen,Another One Bites The Dust - Remastered 2011
120,Foreigner,Juke Box Hero
120,Bon Jovi,Wanted Dead Or Alive
120,3 Doors Down,Kryptonite
120,Imagine Dragons,Radioactive
120,Aerosmith,Dude (Looks Like A Lady)
120,Green Day,Basket Case
120,Green Day,American Idiot
120,Theory of a Deadman,Bad Girlfriend
121,50 Cent,Many Men (Wish Death)
121,I Prevail,Blank Space
121,I Prevail,Scars
121,Ice Cube,No Vaseline
121,Red Hot Chili Peppers,Dark Necessities
121,Shaggy,Angel
121,Tech N9ne,The Beast
121,Benny Benassi,Cinema - Skrillex Remix
121,Ozzy Osbourne,I Don't Wanna Stop
121,2 Chainz,We Own It (Fast & Furious)
121,Avenged Sevenfold,Shepherd of Fire
121,Disturbed,Stricken
121,Rob Zombie,Dragula
121,Rob Zombie,Living Dead Girl
121,Skillet,Monster
121,Rob Zombie,"Never Gonna Stop (The Red, Red Kroovy)"
121,N.W.A.,Straight Outta Compton
121,Breaking Benjamin,I Will Not Bow
121,Christina Perri,human
121,Bryan Adams,(Everything I Do) I Do It For You
121,Birdy,Not About Angels
121,Plain White T's,Hey There Delilah
121,Scorpions,No One Like You
121,AC/DC,Back In Black
121,AC/DC,Highway to Hell
121,AC/DC,Thunderstruck
121,AC/DC,You Shook Me All Night Long
121,AC/DC,T.N.T.
121,Motörhead,Ace of Spades
121,The Fray,How to Save a Life
121,The Fray,You Found Me
121,Papa Roach,Last Resort
121,Slipknot,Psychosocial
121,Slipknot,Before I Forget
121,Slipknot,Duality
121,Denzel Curry,Ultimate
121,Zara Larsson,Lush Life
121,Three Days Grace,Pain
121,Three Days Grace,Animal I Have Become
121,Three Days Grace,Riot
121,Three Days Grace,Never Too Late
121,Three Days Grace,Painkiller
121,Three Days Grace,Break
121,Theory of a Deadman,Angel
121,Theory of a Deadman,Bad Girlfriend
121,Theory of a Deadman,Hate My Life
121,Eminem,Without Me
121,Eminem,Not Afraid
121,Eminem,The Real Slim Shady
121,Ludacris,My Chick Bad
121,Snow Patrol,Chasing Cars
121,The Offspring,"You're Gonna Go Far, Kid"
121,G-Eazy,"Me, Myself & I"
121,KISS,Heaven's On Fire
121,Survivor,Eye of the Tiger
121,Europe,The Final Countdown
121,Scorpions,Rock You Like A Hurricane
121,Scorpions,Still Loving You
121,Nickelback,If Today Was Your Last Day
121,Nickelback,Someday
121,3 Doors Down,Kryptonite
121,3 Doors Down,Here Without You
121,3 Doors Down,When I'm Gone
121,3 Doors Down,It's Not My Time
121,Disturbed,The Vengeful One
121,Disturbed,Indestructible
121,Disturbed,Ten Thousand Fists
121,The Chainsmokers,Closer
121,Shaggy,It Wasn't Me
121,Journey,Don't Stop Believin'
121,Bon Jovi,Livin' On A Prayer
121,Bon Jovi,You Give Love A Bad Name
121,Five Finger Death Punch,Jekyll and Hyde
121,Skillet,Awake and Alive
121,Skillet,Hero
122,The Animals,House Of The Rising Sun
122,Steve Miller Band,Abracadabra
122,Blue Öyster Cult,(Don't Fear) The Reaper
123,Shaggy,It Wasn't Me
123,Ludacris,Money Maker
123,Tove Lo,Cool Girl
123,Snoop Dogg,Drop It Like It's Hot
123,Justin Bieber,What Do You Mean?
123,Carly Rae Jepsen,Call Me Maybe
123,Smash Mouth,All Star
123,50 Cent,In Da Club
123,Justin Bieber,Sorry
123,Taio Cruz,Dynamite
123,Kanye West,Gold Digger
123,Nelly,Hot In Herre
123,Justin Bieber,Love Yourself
123,LMFAO,Shots
123,Katy Perry,Dark Horse
123,Soulja Boy,Donk
123,Ludacris,My Chick Bad
123,Soulja Boy,Kiss Me Thru The Phone
123,Fabolous,You Be Killin Em
123,Kesha,TiK ToK
123,Miley Cyrus,Party In The U.S.A.
123,Far East Movement,Like A G6
123,Rihanna,We Found Love
123,Sean Paul,Temperature
123,Rihanna,Pon de Replay
123,Gwen Stefani,Hollaback Girl
123,*NSYNC,It's Gonna Be Me
123,Lil' Kim,Magic Stick
123,Will Smith,Switch
123,Missy Elliott,Lose Control (feat. Ciara & Fat Man Scoop)
123,Iggy Azalea,Fancy
123,Nelly Furtado,Promiscuous
123,Jeremih,Don't Tell 'Em
123,Jessie J,Bang Bang
123,Nelly,Ride Wit Me
123,Fetty Wap,Trap Queen
123,Fetty Wap,679 (feat. Remy Boyz)
123,Britney Spears,Toxic
123,Demi Lovato,Cool for the Summer
123,Daryl Hall & John Oates,Rich Girl
123,50 Cent,Candy Shop
123,Fergie,London Bridge
123,Shania Twain,Man! I Feel Like A Woman!
123,Twenty One Pilots,Ride
123,Calvin Harris,This Is What You Came For
123,Sia,Cheap Thrills
123,Drake,One Dance
123,Fat Joe,All The Way Up (Remix)
123,Kevin Gates,2 Phones
123,J. Cole,No Role Modelz
123,Ne-Yo,She Knows
123,Trey Songz,Na Na
123,Flo Rida,My House
123,WALK THE MOON,Shut Up and Dance
123,Jeremih,Down On Me
123,Ying Yang Twins,Salt Shaker
123,50 Cent,Just A Lil Bit
123,50 Cent,Disco Inferno
123,Fall Out Boy,Centuries
123,One Direction,Drag Me Down
123,Skillet,Feel Invincible
123,T.I.,Go Get It
123,Papa Roach,Last Resort
123,Calvin Harris,My Way
123,Linkin Park,One Step Closer
123,Jeezy,Put On
123,Fall Out Boy,Thnks fr th Mmrs
123,AC/DC,Thunderstruck
123,Guns N' Roses,Welcome To The Jungle
123,2 Chainz,We Own It (Fast & Furious)
123,Kanye West,Stronger
123,Survivor,Eye of the Tiger
123,Skillet,Monster
123,The Pussycat Dolls,Buttons
123,Tech N9ne,The Beast
123,Fabolous,My Time
123,Limp Bizkit,Rollin' (Air Raid Vehicle)
123,Fifth Harmony,BO$$
123,R. Kelly,Ignition - Remix
123,50 Cent,Disco Inferno
123,Kendrick Lamar,HUMBLE.
123,50 Cent,Candy Shop
123,Juelz Santana,There It Go (The Whistle Song)
124,Miley Cyrus,Party In The U.S.A.
124,Kanye West,Gold Digger
124,Lil Wayne,6 Foot 7 Foot
124,Justin Bieber,Sorry
124,The Chainsmokers,Roses
124,Fetty Wap,679 (feat. Remy Boyz)
124,Big Sean,I Don't Fuck With You
124,Migos,Bad and Boujee (feat. Lil Uzi Vert)
124,will.i.am,Scream & Shout
124,Ginuwine,Pony
124,Snoop Dogg,Drop It Like It's Hot
124,Wiz Khalifa,No Sleep
124,Macklemore & Ryan Lewis,"Downtown (feat. Melle Mel, Grandmaster Caz, Kool Moe Dee & Eric Nally)"
124,The All-American Rejects,Gives You Hell
124,B.o.B,HeadBand (feat. 2 Chainz)
124,T-Pain,Best Love Song
124,The Chainsmokers,Something Just Like This
124,WALK THE MOON,Shut Up and Dance
124,Big Sean,Bounce Back
124,Bruno Mars,That's What I Like
124,Lil Wayne,Love Me
124,Lil Wayne,Lollipop
124,Calvin Harris,Summer
124,Dierks Bentley,Drunk On A Plane
124,The Chainsmokers,Paris
124,Galantis,No Money
124,Galantis,Peanut Butter Jelly
124,Mike Posner,Please Don't Go
124,B.o.B,Magic (feat. Rivers Cuomo)
124,Benny Benassi,Cinema - Skrillex Remix
124,Luis Fonsi,Despacito - Remix
124,AJR,Weak
124,blackbear,do re mi
124,Kendrick Lamar,HUMBLE.
124,Mike Posner,Cooler Than Me - Single Mix
124,A Boogie Wit da Hoodie,Drowning (feat. Kodak Black)
124,Soulja Boy,Kiss Me Thru The Phone
124,Travis Scott,goosebumps
124,The Vamps,All Night
124,Jay Sean,Do You Remember
124,JP Cooper,September Song
124,Sean Kingston,Fire Burning
124,B.o.B,HeadBand (feat. 2 Chainz)
124,Rae Sremmurd,No Type
124,Gucci Mane,Both (feat. Drake)
124,Post Malone,Congratulations
125,UB40,The Way You Do The Things You Do
125,Damian Marley,Medication
126,Darlene Love,Christmas (Baby Please Come Home)
126,Wham!,Last Christmas
126,Otis Redding,Merry Christmas Baby
126,Vince Guaraldi Trio,Linus And Lucy
126,Mariah Carey,All I Want for Christmas Is You
126,Nat King Cole,The Christmas Song (Merry Christmas To You)
126,Elvis Presley,Blue Christmas
126,The Ronettes,Frosty the Snowman
126,The Jackson 5,I Saw Mommy Kissing Santa Claus
127,Ed Sheeran,Shape of You
127,The Chainsmokers,Don't Let Me Down
127,Busta Rhymes,Break Ya Neck
127,Beyoncé,Run the World (Girls)
127,M.I.A.,Bad Girls
127,Rihanna,Don't Stop The Music
127,Sia,Cheap Thrills
127,The Chainsmokers,Don't Let Me Down
127,Fergie,M.I.L.F. $
127,Missy Elliott,Get Ur Freak On
127,Meghan Trainor,Me Too
127,Eve,Tambourine
127,Lady Gaga,Million Reasons
127,Fergie,Glamorous
128,3 Doors Down,Here Without You
128,Brett Young,Sleep Without You
128,Zac Brown Band,Whatever It Is
128,Lee Brice,I Don't Dance
128,Darius Rucker,If I Told You
129,Billy Joel,Uptown Girl
129,Survivor,Eye of the Tiger
129,Cyndi Lauper,Girls Just Want to Have Fun
129,Whitney Houston,I Wanna Dance with Somebody (Who Loves Me)
129,Eurythmics,Sweet Dreams (Are Made of This) - Remastered
129,Billy Joel,We Didn't Start the Fire
129,Kelly Clarkson,My Life Would Suck Without You
129,*NSYNC,I Want You Back - Radio Edit
129,Backstreet Boys,I Want It That Way
129,Kid Rock,All Summer Long
129,Van Morrison,Brown Eyed Girl
129,The Temptations,My Girl
129,Sum 41,In Too Deep
129,Queen,Under Pressure - Remastered 2011
129,Queen,Another One Bites The Dust - Remastered 2011
129,Modest Mouse,Float On
129,Good Charlotte,Lifestyles of the Rich & Famous
129,Bon Jovi,You Give Love A Bad Name
129,Simple Minds,Don't You (Forget About Me)
129,Counting Crows,Mr. Jones
129,Counting Crows,Accidentally In Love
129,The Outfield,Your Love
129,Modest Mouse,Dashboard
129,Modest Mouse,Ocean Breathes Salty
129,James Blunt,You're Beautiful
129,Maroon 5,She Will Be Loved - Radio Mix
129,Natasha Bedingfield,Pocketful of Sunshine
129,*NSYNC,Tearin' up My Heart - Radio Edit
129,Jonas Brothers,Burnin' Up
129,Sum 41,Fat Lip
129,Matchbox Twenty,Real World
129,Shaggy,Angel
129,The Killers,When You Were Young
129,The Verve,Bitter Sweet Symphony
129,Weezer,Say It Ain't So
129,Coldplay,Yellow
129,Eurythmics,Sweet Dreams (Are Made of This) - Remastered
129,MGMT,Electric Feel
129,No Doubt,Just A Girl
129,TLC,Waterfalls
129,Pixies,Here Comes Your Man
130,Gorillaz,She's My Collar (feat. Kali Uchis)
130,Gorillaz,Rhinestone Eyes
130,Gorillaz,On Melancholy Hill
130,Gorillaz,DARE
130,Arctic Monkeys,Why'd You Only Call Me When You're High?
130,Arctic Monkeys,Snap Out Of It
130,Arctic Monkeys,505
130,Frank Ocean,Lost
130,Frank Ocean,White Ferrari
130,Frank Ocean,Nights
130,Childish Gambino,Me and Your Mama
130,Childish Gambino,Redbone
130,Harry Styles,Sign of the Times
130,One Direction,18
130,Michael Jackson,Rock with You - Single Version
130,Louis Tomlinson,Back to You (feat. Bebe Rexha & Digital Farm Animals)
130,Michael Jackson,Remember the Time
130,Smino,Amphetamine
130,Kali Uchis,Melting
130,Niall Horan,Slow Hands
130,Niall Horan,This Town
130,Niall Horan,Too Much To Ask
130,Lorde,Royals
130,Lorde,Team
130,Kendrick Lamar,PRIDE.
130,Kendrick Lamar,LOVE. FEAT. ZACARI.
130,Miguel,Sure Thing
130,Kanye West,Bound 2
130,Kanye West,Stronger
130,Kanye West,Heartless
130,Jack Johnson,Better Together
130,Jack Johnson,Banana Pancakes
130,Jack Johnson,"Sitting, Waiting, Wishing"
130,Jack Johnson,Upside Down
130,Kanye West,Father Stretch My Hands Pt. 1
130,The Cars,Just What I Needed
130,The Cars,Good Times Roll
130,Ed Sheeran,Photograph
131,Lukas Graham,7 Years
131,Queen,Bohemian Rhapsody - Remastered 2011
131,James Blunt,You're Beautiful
131,Modest Mouse,Float On
131,Jason Mraz,I'm Yours
131,Jason Mraz,Lucky
131,Justin Timberlake,Cry Me a River
131,Kings of Leon,Use Somebody
131,The Script,Breakeven
131,The Fray,How to Save a Life
131,Beyoncé,Halo
131,Galantis,Runaway (U & I)
131,Coldplay,The Scientist
131,Kanye West,Homecoming
131,X Ambassadors,Unsteady
131,Bruno Mars,Just the Way You Are
131,Eminem,Love The Way You Lie
131,Justin Timberlake,Mirrors
131,Panic! At The Disco,I Write Sins Not Tragedies
131,Jason Mraz,I Won't Give Up
131,Bruno Mars,Grenade
131,Kanye West,Gold Digger
131,Red Hot Chili Peppers,Dani California
131,Snow Patrol,Chasing Cars
131,Leona Lewis,Bleeding Love
131,Natasha Bedingfield,Unwritten
131,The Fray,Over My Head (Cable Car)
131,Alicia Keys,No One
131,The Killers,Mr. Brightside
131,Chris Brown,With You
131,Sean Kingston,Beautiful Girls
131,Kelly Clarkson,Breakaway
131,B.o.B,So Good
131,Jason Derulo,Whatcha Say
131,Natasha Bedingfield,Pocketful of Sunshine
131,Katy Perry,Unconditionally
131,Maroon 5,She Will Be Loved - Radio Mix
131,Christina Perri,A Thousand Years
131,Passenger,Let Her Go
131,Coldplay,Fix You
131,Coldplay,Yellow
131,The Script,For the First Time
131,Christina Perri,Jar of Hearts
131,Bruno Mars,When I Was Your Man
131,Green Day,21 Guns
131,The Beatles,Hey Jude - Remastered 2015
131,Pentatonix,Hallelujah
131,Christina Perri,human
131,Kid Cudi,Day 'N' Nite (nightmare)
131,Kanye West,Heartless
131,R. Kelly,Ignition - Remix
131,T.I.,Whatever You Like
131,Fleetwood Mac,Landslide
131,The Fray,You Found Me
132,The Who,Who Are You
132,Denzel Curry,Ultimate
133,First Aid Kit,My Silver Lining
133,Alanis Morissette,Hands Clean
134,Katy Perry,Dark Horse
134,Lady Gaga,Applause
134,will.i.am,#thatPOWER
134,Dr. Dre,The Next Episode
134,Macklemore & Ryan Lewis,Thrift Shop (feat. Wanz)
134,2Pac,Ambitionz Az A Ridah
134,Iggy Azalea,Black Widow
134,Miley Cyrus,We Can't Stop
134,Miley Cyrus,Wrecking Ball
134,Lil Wayne,A Milli
134,alt-J,Fitzpleasure
134,Fugees,Ready or Not
134,Eminem,Love The Way You Lie
134,Maroon 5,One More Night
134,Adele,Rolling in the Deep
134,Nicki Minaj,Super Bass
134,Kanye West,Gold Digger
134,will.i.am,Feelin' Myself
134,Robin Thicke,Blurred Lines
134,M.I.A.,Bad Girls
134,Imagine Dragons,Radioactive
134,Ludacris,Rollout (My Business)
134,Dr. Dre,Still D.R.E.
134,Dr. Dre,Forgot About Dre
134,Nelly,Country Grammar (Hot Shit)
134,Kid Cudi,Erase Me - Main
134,Lil Wayne,Mirror
134,Ice Cube,It Was A Good Day
134,Nelly,Dilemma
134,Yelawolf,Till It's Gone
134,Adele,Someone Like You
134,Kelly Clarkson,Stronger (What Doesn't Kill You)
134,Rihanna,Only Girl (In The World)
134,Meghan Trainor,All About That Bass
134,Maroon 5,Animals
134,Maroon 5,Maps
134,Nelly,Air Force Ones
134,*NSYNC,Tearin' up My Heart - Radio Edit
134,*NSYNC,I Want You Back - Radio Edit
134,*NSYNC,Bye Bye Bye
134,Timbaland,Apologize
134,The Fray,How to Save a Life
134,Soulja Boy,Crank That (Soulja Boy) [Travis Barker Remix]
134,Bruno Mars,Grenade
134,Aloe Blacc,The Man
134,Maroon 5,Payphone
134,Lorde,Royals
134,Jessie J,Bang Bang
134,t.A.T.u.,All The Things She Said
134,Sia,Chandelier
134,Kid Cudi,Day 'N' Nite (nightmare)
134,Lily Allen,Fuck You
134,Blackstreet,No Diggity
134,X Ambassadors,Jungle
134,Christina Perri,A Thousand Years
134,Taio Cruz,Break Your Heart
134,Maroon 5,She Will Be Loved - Radio Mix
134,Imagine Dragons,Demons
134,Sia,Elastic Heart
134,The Weeknd,The Hills
134,alt-J,Left Hand Free
134,D12,Purple Pills
134,Ja Rule,Between Me & You
134,Ja Rule,Mesmerize
134,Ja Rule,Put It On Me
134,Avril Lavigne,Complicated
134,Busta Rhymes,Break Ya Neck
134,D12,My Band
134,Big Sean,I Don't Fuck With You
134,Céline Dion,It's All Coming Back to Me Now
134,Sarah McLachlan,Building a Mystery
134,Nelly,Ride Wit Me
134,Missy Elliott,Get Ur Freak On
134,Eminem,Without Me
134,50 Cent,In Da Club
134,R. Kelly,Ignition - Remix
134,Missy Elliott,Work It
134,Missy Elliott,Gossip Folks (feat. Ludacris)
134,Sheryl Crow,If It Makes You Happy
135,Pearl Jam,Alive
135,Foo Fighters,Everlong
135,Rage Against The Machine,Killing In The Name
135,Green Day,Basket Case
135,Beastie Boys,Sabotage
135,Incubus,Drive
135,Nine Inch Nails,Closer
135,R.E.M.,Losing My Religion
135,Sublime,What I Got
135,Oasis,Wonderwall - Remastered
135,The Cranberries,Linger
135,The Cranberries,Ode To My Family
135,Pearl Jam,Jeremy
135,Third Eye Blind,Semi-Charmed Life
135,Pearl Jam,Even Flow
135,Godsmack,Voodoo
135,Nirvana,Heart-Shaped Box
135,Weezer,Say It Ain't So
135,No Doubt,Just A Girl
136,Mos Def,Ms. Fat Booty
136,2Pac,Keep Ya Head Up
136,Lupe Fiasco,The Show Goes On
136,Childish Gambino,Heartbeat
136,A Tribe Called Quest,Can I Kick It?
136,Macklemore & Ryan Lewis,Wing$
136,Aloe Blacc,The Man
136,Childish Gambino,Sober
136,Fetty Wap,Trap Queen
137,Zara Larsson,Never Forget You
137,Rudimental,Waiting All Night (feat. Ella Eyre)
137,Meghan Trainor,NO
138,Modest Mouse,Float On
138,The Temper Trap,Fader
138,M83,Wait
138,Elton John,Tiny Dancer
138,Lorde,Ribs
138,Gregory Alan Isakov,Big Black Car
138,The Temper Trap,Love Lost
138,Phantogram,Black Out Days
138,José González,Stay Alive
138,alt-J,Taro
138,Phantogram,Don't Move
138,The Paper Kites,Featherstone
138,Lana Del Rey,West Coast
138,Arcade Fire,Neighborhood #1 (Tunnels)
138,Beach House,Myth
140,Sufjan Stevens,Futile Devices
140,Hans Zimmer,Time
140,Christina Perri,A Thousand Years
140,Cults,You Know What I Mean
140,Gotye,Making Mirrors
140,Lord Huron,Ends of the Earth
141,The Cinematic Orchestra,To Build A Home
141,Vance Joy,Georgia
141,Little Big Town,Girl Crush
142,The Prodigy,Smack My Bitch Up
142,The Prodigy,Invaders Must Die
142,Lady Gaga,Applause
142,Nine Inch Nails,The Hand That Feeds
142,Yeah Yeah Yeahs,Heads Will Roll
142,Grimes,Oblivion
142,Grimes,Genesis
142,Crystal Castles,Empathy
142,Crystal Castles,Suffocation
142,Crystal Castles,Untrust Us
142,Crystal Castles,Crimewave
142,Crystal Castles,Vanished
142,Janelle Monáe,Yoga
142,The Weeknd,Starboy
143,Rae Sremmurd,Swang
143,XXXTENTACION,Look At Me!
143,PnB Rock,Selfish
143,Travis Scott,goosebumps
143,Post Malone,Congratulations
144,Norah Jones,Don't Know Why
144,Norah Jones,Come Away With Me
144,Norah Jones,Sunrise
144,Norah Jones,Turn Me On
144,Diana Krall,The Look Of Love
144,James Blunt,Carry You Home
144,James Blunt,1973
144,James Blunt,Same Mistake
144,Chris Isaak,Wicked Game
144,Diana Krall,The Look Of Love
145,AC/DC,Back In Black
145,AC/DC,Highway to Hell
145,AC/DC,Thunderstruck
145,AC/DC,T.N.T.
145,Guns N' Roses,Sweet Child O' Mine
145,Guns N' Roses,Welcome To The Jungle
145,Guns N' Roses,Paradise City
145,Guns N' Roses,November Rain
145,Aerosmith,Dream On
145,Aerosmith,Sweet Emotion
145,Aerosmith,Walk This Way
145,Pink Floyd,Wish You Were Here
145,Pink Floyd,"Another Brick in the Wall, Pt. 2"
145,Pink Floyd,Time
145,Pink Floyd,Comfortably Numb
145,KISS,I Was Made For Lovin' You
145,KISS,Rock And Roll All Nite
145,KISS,Heaven's On Fire
145,KISS,Crazy Crazy Nights
145,Queen,Bohemian Rhapsody - Remastered 2011
145,Queen,Another One Bites The Dust - Remastered 2011
145,Queen,Under Pressure - Remastered 2011
145,Green Day,Basket Case
145,Green Day,American Idiot
145,Green Day,Good Riddance (Time of Your Life)
145,Green Day,21 Guns
146,Three Days Grace,Break
146,Three Days Grace,Pain
146,Three Days Grace,Animal I Have Become
146,Three Days Grace,Never Too Late
146,Three Days Grace,Riot
146,Three Days Grace,Time of Dying
146,Three Days Grace,I Hate Everything About You
146,Papa Roach,Last Resort
146,Breaking Benjamin,Dance With The Devil
146,Fall Out Boy,Centuries
146,Panic! At The Disco,I Write Sins Not Tragedies
146,Falling In Reverse,The Drug In Me Is You
146,Falling In Reverse,I'm Not A Vampire
146,Falling In Reverse,Good Girls Bad Guys
146,Hollywood Undead,Bullet
146,Falling In Reverse,Fashionably Late
146,Falling In Reverse,Bad Girls Club
146,Imagine Dragons,Radioactive
146,Bring Me The Horizon,Can You Feel My Heart
146,Skillet,Awake and Alive
146,Breaking Benjamin,I Will Not Bow
146,Skillet,Monster
146,Skillet,Hero
146,Skillet,Awake and Alive
146,Skillet,Comatose
146,Skillet,Not Gonna Die
146,Fall Out Boy,"Sugar, We're Goin Down"
146,Falling In Reverse,Good Girls Bad Guys
146,Falling In Reverse,Sexy Drug
146,Melanie Martinez,Dollhouse
146,Melanie Martinez,Soap
146,Melanie Martinez,Training Wheels
146,Melanie Martinez,Pity Party
146,Melanie Martinez,Pacify Her
146,Melanie Martinez,Mad Hatter
146,Melanie Martinez,Play Date
146,Melanie Martinez,Cake
146,Twenty One Pilots,Heavydirtysoul
146,Twenty One Pilots,Stressed Out
146,Twenty One Pilots,Ride
146,Twenty One Pilots,Car Radio
146,5 Seconds of Summer,She Looks So Perfect
146,Troye Sivan,YOUTH
146,Set It Off,I'll Sleep When I'm Dead
146,Russ,Losin Control
146,Fall Out Boy,Immortals
146,Imagine Dragons,Believer
146,Avril Lavigne,Sk8er Boi
146,The Offspring,Self Esteem
147,The Animals,House Of The Rising Sun
148,Avicii,The Nights
148,Avicii,Hey Brother
148,MGMT,Kids
148,MGMT,Electric Feel
148,MGMT,Time to Pretend
148,John Newman,Love Me Again
148,Bastille,Pompeii
148,Milky Chance,Stolen Dance
148,Milky Chance,Down By The River
148,Empire of the Sun,Alive
148,Empire of the Sun,Walking On A Dream
148,Zedd,I Want You To Know
148,X Ambassadors,Renegades
148,Foster The People,Call It What You Want
148,Galantis,Runaway (U & I)
148,Arcade Fire,Wake Up
148,Kygo,Stole the Show
148,Twenty One Pilots,Ride
148,Modest Mouse,Float On
148,Two Door Cinema Club,What You Know
148,Foster The People,Don't Stop (Color on the Walls)
148,Two Door Cinema Club,Sleep Alone
148,Empire of the Sun,High And Low
148,The Strokes,Someday
148,Phoenix,1901
148,Phoenix,Lisztomania
148,The Kooks,Naive
148,Beck,Up All Night
148,Foster The People,Houdini
148,Foster The People,Pumped Up Kicks
148,Foster The People,Helena Beat
149,Bob Marley & The Wailers,Could You Be Loved
149,Fugees,"No Woman, No Cry"
149,Bob Marley & The Wailers,Is This Love
149,Bob Marley & The Wailers,Jamming
149,Sublime,Santeria
150,Justin Bieber,What Do You Mean?
150,Fetty Wap,Trap Queen
150,Macklemore & Ryan Lewis,"Downtown (feat. Melle Mel, Grandmaster Caz, Kool Moe Dee & Eric Nally)"
150,One Direction,Drag Me Down
150,Britney Spears,Womanizer
150,Katy Perry,Dark Horse
150,Jason Derulo,Want to Want Me
150,Little Mix,Black Magic
150,Fifth Harmony,Worth It
150,Daya,Hide Away
150,One Direction,Perfect
150,Shawn Mendes,Stitches
150,WALK THE MOON,Shut Up and Dance
150,X Ambassadors,Renegades
150,B.o.B,Magic (feat. Rivers Cuomo)
150,Fall Out Boy,My Songs Know What You Did In The Dark (Light Em Up)
150,Fall Out Boy,Centuries
150,Nick Jonas,Levels
150,Bruno Mars,Treasure
150,Vance Joy,Riptide
150,Meghan Trainor,All About That Bass
150,Gwen Stefani,Hollaback Girl
150,Justin Bieber,Sorry
150,Nick Jonas,Chains
150,Maroon 5,Maps
150,Maroon 5,Animals
150,Maroon 5,Sugar
150,Maroon 5,Payphone
150,Maroon 5,One More Night
150,Mike Posner,Cooler Than Me - Single Mix
150,Carly Rae Jepsen,I Really Like You
150,OneRepublic,Counting Stars
150,Coldplay,A Sky Full of Stars
150,Imagine Dragons,Demons
150,The Chainsmokers,Roses
150,Nick Jonas,Jealous - Remix
150,Jess Glynne,Hold My Hand
150,Flo Rida,My House
150,Iggy Azalea,Black Widow
150,Bon Jovi,You Give Love A Bad Name
150,Bon Jovi,Livin' On A Prayer
150,Taio Cruz,Higher
150,Sean Kingston,Fire Burning
150,Survivor,Eye of the Tiger
150,Miley Cyrus,Party In The U.S.A.
150,Kesha,Your Love Is My Drug
150,Kesha,Die Young
150,Neil Diamond,Sweet Caroline
150,Bruno Mars,Grenade
150,Gotye,Somebody That I Used To Know
150,Robin Schulz,Sugar (feat. Francesco Yates)
150,The Chainsmokers,Don't Let Me Down
150,Zara Larsson,Never Forget You
150,DJ Snake,Middle
150,Gotye,Somebody That I Used To Know - 4FRNT Remix
150,Jennifer Lopez,On The Floor
150,Kesha,We R Who We R
150,Lady Gaga,Just Dance
150,Britney Spears,Circus
151,Adele,Make You Feel My Love
151,Aretha Franklin,You Send Me
151,Natalie Cole,Our Love Is Here To Stay
151,Norah Jones,Come Away With Me
151,Tom Jones,It's Not Unusual
151,Aretha Franklin,(You Make Me Feel Like) A Natural Woman
151,Elvis Presley,Can't Help Falling in Love
151,Al Green,How Can You Mend a Broken Heart
151,Van Morrison,Someone Like You
151,Frank Sinatra,My Way
151,Erykah Badu,On & On
152,Bastille,Pompeii
152,The Neighbourhood,Sweater Weather
152,Zedd,Stay The Night - Featuring Hayley Williams Of Paramore
152,James Blunt,Bonfire Heart
152,Pharrell Williams,"Happy - From ""Despicable Me 2"""
152,Imagine Dragons,Demons
152,Avicii,Hey Brother
152,Fall Out Boy,My Songs Know What You Did In The Dark (Light Em Up)
152,John Newman,Love Me Again
152,Maroon 5,Maps
152,John Legend,All of Me
152,Zendaya,Replay
152,Calvin Harris,Summer
152,Maroon 5,Animals
152,Sia,Chandelier
152,DJ Snake,Turn Down for What
152,Alesso,Heroes (we could be)
152,Bastille,Of The Night
152,Fall Out Boy,Centuries
152,Daughtry,Battleships
152,Imagine Dragons,Radioactive
152,Ella Henderson,Ghost
152,Maroon 5,Animals
152,Coldplay,Paradise
152,Vance Joy,Riptide
152,Fall Out Boy,Immortals
153,Ne-Yo,Mad
153,OneRepublic,Good Life
153,OneRepublic,Apologize
153,Ed Sheeran,Photograph
153,Chris Brown,With You
153,Nick Jonas,Jealous - Remix
153,Sam Smith,Like I Can
153,OneRepublic,Secrets
153,James Arthur,Say You Won't Let Go
153,Coldplay,The Scientist
153,John Mayer,Your Body Is a Wonderland
153,John Mayer,Gravity
153,John Mayer,XO
154,DJ Snake,You Know You Like It
154,Kygo,Firestone
154,Jason Derulo,Want to Want Me
154,Fetty Wap,679 (feat. Remy Boyz)
154,The Weeknd,The Hills
154,Fetty Wap,My Way (feat. Monty)
154,Galantis,Runaway (U & I)
154,Robin Schulz,Sugar (feat. Francesco Yates)
154,Justin Bieber,What Do You Mean?
154,Justin Bieber,Sorry
154,Sigala,Easy Love
154,Fetty Wap,Trap Queen
154,Kygo,Stole the Show
154,The Chainsmokers,Roses
154,Kenny Chesney,American Kids
154,Ginuwine,Pony
154,Thomas Rhett,Die A Happy Man
154,Glass Animals,Gooey
154,Tove Lo,Talking Body
154,Zedd,I Want You To Know
154,Rae Sremmurd,No Type
154,Jeremih,Planez
154,Shawn Mendes,Stitches
154,Marvin Gaye,Sexual Healing - Kygo Remix
154,Justin Bieber,Love Yourself
155,Bon Iver,Beach Baby
155,Kodaline,All I Want
155,The Paper Kites,Tin Lover
156,Faith Evans,Never Gonna Let You Go
156,Ginuwine,Pony
156,Mariah Carey,Always Be My Baby
156,R. Kelly,Bump n' Grind
156,Al Green,I'm Still in Love with You
156,Boyz II Men,I'll Make Love To You
156,Joe,All The Things (Your Man Won't Do)
156,Joe,I Wanna Know
156,Kelly Rowland,Motivation
156,112,U Already Know
156,Ginuwine,Love You More
156,Robin Thicke,Sex Therapy
156,TLC,Red Light Special
156,112,Cupid
156,Trey Songz,Neighbors Know My Name
156,R. Kelly,Ignition - Remix
156,Trey Songz,Love Faces
156,Ludacris,What's Your Fantasy (Featuring Shawna)
156,Trey Songz,Slow Motion
156,Akon,I Wanna Love You
156,Ginuwine,Stingy
156,112,Anywhere
156,Ne-Yo,Sexy Love
156,Craig David,7 Days
156,Aaliyah,At Your Best (You Are Love)
156,Miguel,Sure Thing
156,Ashanti,Baby
156,The Pussycat Dolls,Stickwitu
157,The Mamas & The Papas,Snowqueen Of Texas
157,Roy Orbison,In Dreams
157,Roy Orbison,Crying
158,Of Monsters and Men,Dirty Paws
158,Birdy,Not About Angels
158,Sam Smith,Stay With Me
158,José González,Step Out
158,José González,Stay Alive
158,George Ezra,Budapest
158,George Ezra,Blame It on Me
158,Bon Iver,Skinny Love
158,Jimmy Eat World,The Middle
158,Mumford & Sons,Awake My Soul
158,The Kooks,She Moves In Her Own Way
158,Tame Impala,The Less I Know The Better
158,The Lumineers,Ophelia
158,The Kooks,Seaside
158,James Bay,Hold Back The River
159,XXXTENTACION,Jocelyn Flores
159,Frank Ocean,Thinkin Bout You
159,Calum Scott,Dancing On My Own - Tiësto Remix
159,Adele,Someone Like You
159,Jimmy Eat World,Hear You Me
159,The Fray,You Found Me
159,Justin Timberlake,What Goes Around.../...Comes Around (Interlude)
160,Clean Bandit,Symphony (feat. Zara Larsson)
160,Kendrick Lamar,HUMBLE.
161,Demi Lovato,Confident
161,The Chainsmokers,Don't Let Me Down
161,Maroon 5,Sugar
161,Fifth Harmony,Worth It
161,Jason Derulo,Want to Want Me
161,Katy Perry,Roar
161,Mike Posner,I Took A Pill In Ibiza - Seeb Remix
161,Justin Bieber,Sorry
161,Jessie J,Bang Bang
161,Nicki Minaj,Starships
161,Justin Bieber,What Do You Mean?
161,Flo Rida,My House
161,Jay Sean,Do You Remember
161,Justin Timberlake,Rock Your Body
161,Justin Timberlake,Mirrors
161,Nicki Minaj,Super Bass
161,Bruno Mars,Just the Way You Are
161,Jay Sean,2012 (It Ain't The End)
161,Sia,Elastic Heart
161,Drake,One Dance
161,Kanye West,Stronger
161,Craig David,7 Days
161,Craig David,Fill Me In
161,Tove Lo,Habits (Stay High)
161,Fifth Harmony,Miss Movin' On
161,Ariana Grande,One Last Time
161,Craig David,Fill Me In
161,Craig David,Walking Away
161,Pitbull,Time of Our Lives
161,The Chainsmokers,Roses
161,Daya,Hide Away
161,The Weeknd,The Hills
161,Ne-Yo,She Knows
161,Shawn Mendes,Stitches
161,Lorde,Royals
161,Calvin Harris,This Is What You Came For
161,Lil Wayne,Lollipop
161,Lil Wayne,6 Foot 7 Foot
161,DJ Snake,Turn Down for What
161,DJ Khaled,I'm On One
161,Tove Lo,Talking Body
161,Chris Brown,With You
161,Katy Perry,Dark Horse
161,Katy Perry,Firework
161,Trey Songz,Na Na
161,Trey Songz,"Touchin, Lovin (feat. Nicki Minaj)"
161,Christina Perri,A Thousand Years
161,Ne-Yo,Let Me Love You (Until You Learn To Love Yourself)
161,Ne-Yo,Closer
161,Chris Brown,Forever
161,Soulja Boy,Kiss Me Thru The Phone
161,Justin Timberlake,Cry Me a River
161,Lil Wayne,Right Above It
161,OneRepublic,Counting Stars
161,OneRepublic,Apologize
161,The Chainsmokers,Closer
161,Charlie Puth,We Don't Talk Anymore (feat. Selena Gomez)
163,System Of A Down,Prison Song
163,System Of A Down,Aerials
163,System Of A Down,Lonely Day
163,System Of A Down,Toxicity
163,System Of A Down,B.Y.O.B.
163,Pink Floyd,"Another Brick in the Wall, Pt. 2"
163,Scorpions,Rock You Like A Hurricane
163,Five Finger Death Punch,Bad Company
163,Mötley Crüe,Kickstart My Heart
163,Mötley Crüe,"Girls, Girls, Girls"
163,Avenged Sevenfold,Shepherd of Fire
163,Rammstein,Du hast
163,Rammstein,Engel
163,Rammstein,Sonne
163,Rammstein,Ich will
164,Big Sean,Bounce Back
164,Migos,Bad and Boujee (feat. Lil Uzi Vert)
164,Kendrick Lamar,HUMBLE.
164,The Game,The Game & Skrillex: El Chapo
164,Migos,Slippery (feat. Gucci Mane)
164,Rae Sremmurd,No Type
164,Kanye West,Stronger
164,T.I.,Bring Em Out
164,Kanye West,Stronger
164,Fetty Wap,Again
164,Post Malone,Congratulations
164,Damian Marley,Welcome To Jamrock
164,Destiny's Child,"Jumpin', Jumpin'"
164,2 Chainz,It's A Vibe
164,Snoop Dogg,Drop It Like It's Hot
164,TLC,No Scrubs
164,Dr. Dre,Still D.R.E.
164,Imagine Dragons,Thunder
165,Luke Combs,When It Rains It Pours
165,Thomas Rhett,Sixteen
165,Bebe Rexha,Meant to Be (feat. Florida Georgia Line)
165,Jon Pardi,Heartache On The Dance Floor
165,Luke Combs,She Got the Best of Me
166,Dave Matthews Band,The Space Between
166,Darius Rucker,This
166,Dave Matthews Band,Crash into Me
166,Dave Matthews Band,Where Are You Going
166,Hozier,Someone New
166,"Earth, Wind & Fire",Let's Groove
166,Maroon 5,Sugar
166,Rascal Flatts,I Like The Sound Of That
166,John Mellencamp,Cherry Bomb
166,Zac Brown Band,Loving You Easy
166,Michael Jackson,The Way You Make Me Feel - 2012 Remaster
166,Fleetwood Mac,Rhiannon
166,Steely Dan,Reelin' In The Years
166,Dave Matthews Band,So Much to Say
166,Dave Matthews Band,Ants Marching
166,Elton John,Your Song
166,Train,Meet Virginia
166,Chris Stapleton,Traveller
167,One Direction,18
167,Jason Mraz,I Won't Give Up
167,Shawn Mendes,Imagination
167,Niall Horan,This Town
167,Lady Gaga,Million Reasons
167,Niall Horan,Too Much To Ask
168,Green Day,Basket Case
168,Audioslave,Like a Stone
168,Radiohead,Creep
168,Green Day,American Idiot
168,The Doors,People Are Strange
168,The Goo Goo Dolls,Iris
168,Nickelback,Rockstar
168,Soundgarden,Black Hole Sun
168,Green Day,When I Come Around
169,Mos Def,UMI Says
169,Kool & The Gang,Summer Madness
169,Aretha Franklin,Day Dreaming
169,Jamiroquai,You Give Me Something
169,Jamiroquai,Seven Days in Sunny June
169,Ashanti,Baby
169,Marvin Gaye,Sexual Healing - Kygo Remix
169,Marvin Gaye,Mercy Mercy Me (The Ecology)
169,Drake,One Dance
170,Ice Cube,It Was A Good Day
170,2Pac,Ambitionz Az A Ridah
170,N.W.A.,Straight Outta Compton
170,Coolio,Gangsta's Paradise
170,Cypress Hill,Insane in the Brain
170,Nas,N.Y. State of Mind
170,DMX,Where The Hood At
170,N.W.A.,Fuck Tha Police
170,Dr. Dre,What's The Difference
170,Xzibit,X
170,Nas,The Message
170,Dr. Dre,Still D.R.E.
170,Busta Rhymes,Break Ya Neck
170,Dr. Dre,The Next Episode
170,50 Cent,P.I.M.P.
170,DMX,Party Up
170,Eminem,The Real Slim Shady
170,DMX,Ruff Ryders' Anthem
170,Snoop Dogg,Drop It Like It's Hot
170,The Game,Hate It Or Love It
170,50 Cent,Many Men (Wish Death)
171,All Time Low,"Dear Maria, Count Me In"
171,Fall Out Boy,Centuries
171,Fall Out Boy,"Sugar, We're Goin Down"
171,Fall Out Boy,Immortals
171,Galantis,Runaway (U & I)
171,Alan Walker,Faded
171,One Direction,Perfect
171,Luke Bryan,Drunk On You
171,Jon Pardi,Dirt On My Boots
171,Snow Patrol,Chasing Cars
172,Kelly Clarkson,Stronger (What Doesn't Kill You)
172,Alessia Cara,Scars To Your Beautiful
172,Miranda Lambert,Mama's Broken Heart
172,Shania Twain,Man! I Feel Like A Woman!
172,Ne-Yo,Miss Independent
172,Kelly Clarkson,Since U Been Gone
172,Kelly Clarkson,Breakaway
172,Zara Larsson,Uncover
172,Alessia Cara,Wild Things
172,Survivor,Eye of the Tiger
172,The Offspring,"You're Gonna Go Far, Kid"
173,Robin Thicke,Magic
173,J. Cole,Wet Dreamz
173,The Temptations,My Girl
173,Meek Mill,R.I.C.O. (feat. Drake)
173,Bob Marley & The Wailers,Is This Love
173,Foster The People,Pumped Up Kicks
173,Al Green,Love and Happiness
173,Erykah Badu,Bag Lady
173,Drake,One Dance
173,Bob Marley & The Wailers,Could You Be Loved
173,Romeo Santos,Propuesta Indecente
173,Michael Jackson,Remember the Time
173,Method Man,I'll Be There For You/You're All I Need To Get By - Puff Daddy Mix
173,The Cranberries,Zombie
173,Drake,One Dance
173,"Earth, Wind & Fire",Let's Groove
173,Mary J. Blige,Real Love
174,Elliott Smith,Needle In The Hay
175,Drake,One Dance
176,Sam Smith,Like I Can
176,Mikky Ekko,Smile
176,The Vamps,Oh Cecilia (Breaking My Heart)
176,One Direction,Perfect
176,Troye Sivan,YOUTH
176,G-Eazy,"Me, Myself & I"
176,The Chainsmokers,Roses
176,Michael Bublé,Haven't Met You Yet
176,Charlie Puth,One Call Away
176,Alan Walker,Faded
176,Daya,Hide Away
176,The Chainsmokers,Don't Let Me Down
176,Alessia Cara,Wild Things
176,Plain White T's,The Giving Tree
176,Shawn Mendes,Treat You Better
176,Twenty One Pilots,Heathens
176,Hailee Steinfeld,Starving
176,The Chainsmokers,Closer
176,DJ Snake,Let Me Love You
176,Alessia Cara,Scars To Your Beautiful
176,Alan Walker,Alone
176,Machine Gun Kelly,Bad Things (with Camila Cabello)
176,Bruno Mars,24K Magic
176,Ed Sheeran,Shape of You
176,Steve Aoki,Just Hold On
176,AJR,Weak
176,The Vamps,All Night
176,The Chainsmokers,Paris
176,Train,Play That Song
176,Ed Sheeran,Perfect
176,Bruno Mars,That's What I Like
176,Harry Styles,Sign of the Times
176,Shawn Mendes,There's Nothing Holdin' Me Back
176,The Vamps,Middle Of The Night
176,Charlie Puth,Attention
176,Imagine Dragons,Whatever It Takes
176,Lorde,Writer In The Dark
176,Lorde,Perfect Places
176,Macklemore,Glorious (feat. Skylar Grey)
176,Miley Cyrus,Malibu
176,Demi Lovato,Sorry Not Sorry
176,French Montana,Unforgettable
176,Demi Lovato,Sorry Not Sorry
176,Khalid,Young Dumb & Broke
176,Logic,1-800-273-8255
176,Hailee Steinfeld,"Let Me Go (with Alesso, Florida Georgia Line & watt)"
176,Sam Smith,Too Good At Goodbyes
176,Niall Horan,Too Much To Ask
176,Nick Jonas,Find You
176,Niall Horan,This Town
176,Macklemore,Good Old Days (feat. Kesha)
176,Marshmello,Silence
176,Halsey,Bad At Love
176,Selena Gomez,Wolves
176,Charlie Puth,How Long
177,Kali Uchis,Melting
177,Mos Def,Ms. Fat Booty
178,Joey Bada$$,DEVASTATED
178,Fetty Wap,Trap Queen
178,Post Malone,Congratulations
178,Rae Sremmurd,Swang
178,Denzel Curry,Ultimate
178,Rae Sremmurd,No Type
178,The Weeknd,Starboy
178,Big Sean,Bounce Back
178,Kanye West,Father Stretch My Hands Pt. 1
178,XXXTENTACION,Look At Me!
178,Travis Scott,goosebumps
178,Future,Mask Off
178,The Game,The Game & Skrillex: El Chapo
178,Khalid,Location
178,Kendrick Lamar,HUMBLE.
179,Shawn Mendes,Mercy
179,Sean Kingston,Beautiful Girls
179,The Weeknd,Starboy
179,Ed Sheeran,Shape of You
179,Hozier,Someone New
179,Bruno Mars,That's What I Like
179,Harry Styles,Sign of the Times
180,Beyoncé,Halo
180,Rihanna,Love On The Brain
180,Rihanna,Umbrella
180,Rihanna,Don't Stop The Music
180,Rihanna,Only Girl (In The World)
180,Journey,Any Way You Want It
180,Journey,Separate Ways (Worlds Apart)
180,Marvin Gaye,Ain't No Mountain High Enough
181,Kendrick Lamar,LOVE. FEAT. ZACARI.
181,Miguel,Sure Thing
181,Miguel,waves - Tame Impala Remix
181,The 1975,Robbers
182,Lil Uzi Vert,Money Longer
182,The Chainsmokers,Something Just Like This
182,Migos,Bad and Boujee (feat. Lil Uzi Vert)
182,Rae Sremmurd,This Could Be Us
182,PnB Rock,Selfish
182,Ed Sheeran,Shape of You
182,JP Cooper,September Song
182,The Vamps,All Night
182,Big Sean,Bounce Back
182,Miley Cyrus,We Can't Stop
182,Alessia Cara,Wild Things
182,Rihanna,Needed Me
182,Kelly Rowland,Motivation
182,Bryson Tiller,Exchange
182,Chris Brown,With You
182,Martin Garrix,Scared to Be Lonely
182,Travis Scott,goosebumps
182,Nick Jonas,Close
182,Cheat Codes,No Promises (feat. Demi Lovato)
182,Jeremih,Impatient
182,Big Sean,I Know
182,Lorde,Green Light
182,French Montana,Unforgettable
182,Julia Michaels,Issues
182,Luis Fonsi,Despacito - Remix
182,Khalid,Location
182,Nelly,Dilemma
182,Niall Horan,Slow Hands
182,Jonas Blue,Mama
182,YG,My Nigga
182,Shawn Mendes,There's Nothing Holdin' Me Back
182,2 Chainz,It's A Vibe
182,Gryffin,Feel Good (feat. Daya)
182,PnB Rock,"Horses (with PnB Rock, Kodak Black & A Boogie Wit da Hoodie)"
182,PARTYNEXTDOOR,Come and See Me (feat. Drake)
182,Bryson Tiller,Don't
182,PnB Rock,Selfish
182,Avicii,Lonely Together (feat. Rita Ora)
182,Halsey,Walls Could Talk
182,Lil Uzi Vert,The Way Life Goes (feat. Oh Wonder)
183,blink-182,I Miss You
183,Jimmy Eat World,The Middle
183,The Killers,Mr. Brightside
183,The Script,Breakeven
183,3 Doors Down,Kryptonite
183,The Offspring,"You're Gonna Go Far, Kid"
183,The Goo Goo Dolls,Iris
183,Cage The Elephant,Cigarette Daydreams
183,System Of A Down,Chop Suey!
183,Three Days Grace,I Hate Everything About You
184,Coldplay,A Sky Full of Stars
184,Cage The Elephant,Come a Little Closer
184,Vance Joy,Georgia
184,Vance Joy,Riptide
184,George Ezra,Budapest
184,Vance Joy,Riptide
184,Lykke Li,Little Bit
184,Vance Joy,Riptide
184,alt-J,Breezeblocks
184,Weezer,Island In The Sun
184,Radiohead,Fake Plastic Trees
184,Milky Chance,Down By The River
184,Milky Chance,Stolen Dance
184,The Paper Kites,Bloom - Bonus Track
184,Of Monsters and Men,Love Love Love
185,MØ,Final Song
185,Red Hot Chili Peppers,Can't Stop
185,Alessia Cara,Scars To Your Beautiful
185,The Weeknd,Starboy
185,Tove Lo,Habits (Stay High)
185,Nick Jonas,Chains
185,Bruno Mars,That's What I Like
185,Khalid,Location
185,The Chainsmokers,Something Just Like This
185,Khalid,Young Dumb & Broke
185,A Boogie Wit da Hoodie,Drowning (feat. Kodak Black)
185,AJR,Weak
185,Shawn Mendes,Mercy
185,Logic,1-800-273-8255
185,Imagine Dragons,Thunder
185,Miley Cyrus,Malibu
185,blackbear,do re mi
185,Kid Cudi,Erase Me - Main
185,The Chainsmokers,Roses
185,Shawn Mendes,There's Nothing Holdin' Me Back
185,Luis Fonsi,Despacito - Remix
185,French Montana,Unforgettable
185,Rainbow Kitten Surprise,Cocaine Jesus
185,Red Hot Chili Peppers,Scar Tissue
185,Lauv,I Like Me Better
185,Khalid,8TEEN
185,Macklemore,Glorious (feat. Skylar Grey)
185,Demi Lovato,Sorry Not Sorry
185,Louis Tomlinson,Back to You (feat. Bebe Rexha & Digital Farm Animals)
185,Dua Lipa,New Rules
185,Post Malone,I Fall Apart
185,Marshmello,Silence
185,Joey Bada$$,TEMPTATION
185,Kesha,Praying
186,Charlie Puth,We Don't Talk Anymore (feat. Selena Gomez)
186,Twenty One Pilots,Ride
186,Lukas Graham,Mama Said
186,Lukas Graham,7 Years
186,Macklemore & Ryan Lewis,"Downtown (feat. Melle Mel, Grandmaster Caz, Kool Moe Dee & Eric Nally)"
186,Twenty One Pilots,Heathens
186,Drake,One Dance
186,Sia,Cheap Thrills
186,MØ,Final Song
186,Twenty One Pilots,Stressed Out
186,Twenty One Pilots,Heavydirtysoul
186,Twenty One Pilots,Stressed Out
186,Twenty One Pilots,Ride
186,Ruth B.,Lost Boy
186,Lil Wayne,Mirror
186,The Chainsmokers,Closer
186,Kelsea Ballerini,Peter Pan
186,Panic! At The Disco,Emperor's New Clothes
187,Lord Huron,The Night We Met
187,Shawn Mendes,Mercy
187,Harry Styles,Sign of the Times
187,Lorde,Liability
187,Alessia Cara,Here
188,John Mayer,XO
188,Sam Hunt,Take Your Time
188,Steely Dan,Do It Again
189,Jesús Adrián Romero,Sumérgeme
189,Marcos Witt,Tu fidelidad
189,Marcos Witt,Yo te busco
189,Marcos Witt,Gracias
189,Marcos Witt,Enciende Una Luz
189,Marcos Witt,Yo te busco
189,Marcos Witt,Gracias
190,Kendrick Lamar,Alright
190,Kendrick Lamar,Money Trees
190,ScHoolboy Q,Collard Greens
190,Jay Rock,Vice City (feat. Black Hippy)
190,Kendrick Lamar,Money Trees
190,ScHoolboy Q,Collard Greens
190,Tech N9ne,Fragile
190,Jay Rock,Hood Gone Love It (feat. Kendrick Lamar)
190,Pusha T,Nosetalgia
191,Phil Wickham,This Is Amazing Grace
192,Meek Mill,Blue Notes
192,French Montana,Unforgettable
192,Fetty Wap,Again
192,PnB Rock,Selfish
192,Post Malone,Congratulations
192,Kendrick Lamar,HUMBLE.
192,Rae Sremmurd,Swang
193,Fetty Wap,My Way (feat. Monty)
193,Rae Sremmurd,This Could Be Us
193,Justin Bieber,What Do You Mean?
193,Rae Sremmurd,Come Get Her
193,One Direction,Drag Me Down
194,MAX,Lights Down Low
194,Nelly,The Fix (feat. Jeremih)
194,Ruth B.,Superficial Love
194,Shawn Mendes,Mercy
194,LANY,pink skies
194,Chase Atlantic,Friends
194,Julia Michaels,Issues
194,Post Malone,Congratulations
194,G-Eazy,Calm Down
194,Mac Miller,Weekend (feat. Miguel)
194,LANY,ILYSB
194,Fifth Harmony,That's My Girl
194,Tove Lo,Talking Body
194,The Wombats,Greek Tragedy
194,Ed Sheeran,Shape of You
194,John Mayer,Slow Dancing in a Burning Room
194,Nicki Minaj,Only
194,Jonas Brothers,Burnin' Up
194,Bruno Mars,That's What I Like
194,Macklemore & Ryan Lewis,"Downtown (feat. Melle Mel, Grandmaster Caz, Kool Moe Dee & Eric Nally)"
194,Rae Sremmurd,Come Get Her
194,Kanye West,Father Stretch My Hands Pt. 1
194,Kanye West,Stronger
194,Bastille,Pompeii
195,Twenty One Pilots,Car Radio
196,Billy Joel,Uptown Girl
196,Vance Joy,Mess Is Mine
196,Milky Chance,Stolen Dance
196,Aloe Blacc,Wake Me Up - Acoustic
197,Vince Staples,Norf Norf
197,Justin Bieber,Love Yourself
197,Jeremih,Planez
197,Rainbow Kitten Surprise,First Class
197,Rainbow Kitten Surprise,Devil Like Me
197,MGMT,Congratulations
199,Frank Ocean,Nights
199,Frank Ocean,Self Control
199,The Weeknd,Starboy
199,Frank Ocean,Pink + White
199,James Blake,I Need A Forest Fire
200,Lily Allen,Fuck You
200,Lily Allen,Smile
200,P!nk,So What
200,Beyoncé,Run the World (Girls)
200,Katy Perry,Roar
200,TLC,No Scrubs
200,Sara Bareilles,Brave
201,James Bay,Hold Back The River
201,Kesha,TiK ToK
201,Jay Sean,Down
201,Natasha Bedingfield,Unwritten
201,Lupe Fiasco,The Show Goes On
201,Beastie Boys,Fight For Your Right
201,Mumford & Sons,Little Lion Man
201,Andy Grammer,Fine By Me
201,Twenty One Pilots,Stressed Out
201,Miley Cyrus,Party In The U.S.A.
201,Beastie Boys,Girls
201,X Ambassadors,Jungle
201,James Bay,Let It Go
201,The Killers,Somebody Told Me
201,Little Big Town,Girl Crush
202,Ginuwine,So Anxious
202,Boyz II Men,I'll Make Love To You
202,Kelly Rowland,Kisses Down Low
203,Big Sean,I Don't Fuck With You
203,Fall Out Boy,My Songs Know What You Did In The Dark (Light Em Up)
203,Macklemore & Ryan Lewis,"Downtown (feat. Melle Mel, Grandmaster Caz, Kool Moe Dee & Eric Nally)"
203,Mike Posner,I Took A Pill In Ibiza - Seeb Remix
203,will.i.am,Feelin' Myself
203,ZAYN,PILLOWTALK
203,Kygo,Stole the Show
203,Gwen Stefani,Hollaback Girl
203,Luke Bryan,Kick The Dust Up
203,Luke Bryan,That's My Kind Of Night
203,Sam Hunt,Make You Miss Me
203,Janelle Monáe,Yoga
203,alt-J,Every Other Freckle
204,Jack Johnson,Better Together
204,Niall Horan,This Town
205,Gwen Stefani,The Sweet Escape
205,Radiohead,Weird Fishes/ Arpeggi
205,Twenty One Pilots,Stressed Out
205,Sia,Cheap Thrills
205,Lorde,Green Light
205,Vance Joy,Mess Is Mine
205,Vance Joy,Riptide
205,Justin Bieber,What Do You Mean?
205,Justin Bieber,Sorry
205,Luis Fonsi,Despacito - Remix
205,Nirvana,Smells Like Teen Spirit
205,Cher,Believe
205,No Doubt,Spiderwebs
205,Flo Rida,Good Feeling
206,The Chainsmokers,Closer
206,Charlie Puth,We Don't Talk Anymore (feat. Selena Gomez)
206,Michael Jackson,The Way You Make Me Feel - 2012 Remaster
206,Daya,"Sit Still, Look Pretty"
207,Big Sean,Blessings
207,Big Sean,I Don't Fuck With You
207,Childish Gambino,Bonfire
207,J. Cole,No Role Modelz
207,Jeremih,Don't Tell 'Em
207,Lil' Kim,Magic Stick
207,Ludacris,My Chick Bad
207,Nicki Minaj,Only
207,Rae Sremmurd,Come Get Her
207,ScHoolboy Q,Collard Greens
207,Ludacris,How Low
207,Kendrick Lamar,HUMBLE.
208,Justin Bieber,Mistletoe
208,Gene Autry,Rudolph the Red-Nosed Reindeer
208,Pentatonix,That's Christmas to Me
209,Lukas Graham,7 Years
209,G-Eazy,"Me, Myself & I"
209,Mike Posner,I Took A Pill In Ibiza - Seeb Remix
209,Train,Play That Song
209,The All-American Rejects,Gives You Hell
209,Demi Lovato,Confident
209,Bruno Mars,That's What I Like
209,Niall Horan,This Town
209,Andy Grammer,Fine By Me
209,Queen,Bohemian Rhapsody - Remastered 2011
209,Luis Fonsi,Despacito - Remix
209,Rihanna,Umbrella
209,Charlie Puth,Attention
209,Khalid,Young Dumb & Broke
209,Andy Grammer,Fresh Eyes
209,Tove Lo,Habits (Stay High)
209,Logic,1-800-273-8255
209,Khalid,8TEEN
209,Niall Horan,Slow Hands
209,Alessia Cara,Scars To Your Beautiful
209,Halsey,Bad At Love
210,Vince Guaraldi Trio,O Tannenbaum
210,Vince Guaraldi Trio,What Child Is This
210,Vince Guaraldi Trio,My Little Drum
210,Vince Guaraldi Trio,Linus And Lucy
210,Vince Guaraldi Trio,"Hark, The Herald Angels Sing"
210,Vince Guaraldi Trio,Christmas Is Coming
210,Vince Guaraldi Trio,The Christmas Song
210,Vince Guaraldi Trio,Greensleeves
210,Pyotr Ilyich Tchaikovsky,"The Nutcracker, Op. 71: Act II Tableau 3: Variation 2: Dance of the Sugar-Plum Fairy"
210,Andy Williams,It's the Most Wonderful Time of the Year
210,José Feliciano,Feliz Navidad
210,Burl Ives,Rudolph The Red-Nosed Reindeer
210,Tony Bennett,Winter Wonderland
210,John Denver,Rudolph the Red Nosed Reindeer
210,Dean Martin,Let It Snow! Let It Snow! Let It Snow!
210,Dean Martin,"Baby, It's Cold Outside"
210,Nat King Cole,The Christmas Song (Merry Christmas To You)
210,The Jackson 5,Santa Claus Is Coming To Town
210,Ariana Grande,Santa Tell Me
210,Michael Bublé,Holly Jolly Christmas
210,Bing Crosby,White Christmas
210,Bing Crosby,It's Beginning To Look A Lot Like Christmas
210,Bing Crosby,Mele Kalikimaka - Single Version
210,Nat King Cole,The Christmas Song (Merry Christmas To You)
211,Khalid,Location
211,Timbaland,Apologize
211,Kanye West,Stronger
211,Ice Cube,It Was A Good Day
211,Eminem,Love The Way You Lie
211,Rick Ross,Hustlin'
211,Will Smith,Gettin' Jiggy Wit It
211,Dr. Dre,Still D.R.E.
211,Ice Cube,It Was A Good Day
211,Ice Cube,It Was A Good Day
211,Dr. Dre,Still D.R.E.
211,Busta Rhymes,Break Ya Neck
211,Bone Thugs-N-Harmony,Thuggish Ruggish Bone
211,LMFAO,Sexy And I Know It
211,LMFAO,Party Rock Anthem
211,Justin Timberlake,Rock Your Body
211,Flo Rida,Good Feeling
211,Jennifer Lopez,On The Floor
211,Jennifer Lopez,On The Floor
211,Justin Timberlake,Mirrors
211,Dr. Dre,The Next Episode
211,Fetty Wap,Trap Queen
211,Alesso,Heroes (we could be)
211,Jeremih,Don't Tell 'Em
211,Clean Bandit,Rather Be (feat. Jess Glynne)
211,Beyoncé,Halo
211,Mariah Carey,We Belong Together
211,Eminem,The Real Slim Shady
211,2Pac,Dear Mama
211,Eminem,Sing For The Moment
211,Lil Wayne,Love Me
211,Kanye West,Gold Digger
211,Eminem,Mockingbird
211,Warren G,Regulate
211,Fetty Wap,679 (feat. Remy Boyz)
211,Fetty Wap,My Way (feat. Monty)
211,Fetty Wap,Again
212,Nicky Jam,Hasta el Amanecer
212,Juan Magán,Bailando por Ahi
212,Cali Y El Dandee,Por Fin Te Encontré
212,Juan Magán,Si No Te Quisiera
212,Juan Magán,He Llorado (Como Un Niño)
212,Plan B,Fanática Sensual
212,Plan B,Si No Le Contesto
212,Maluma,Borro Cassette
212,Cali Y El Dandee,Yo Te Esperaré
212,Yandel,Encantadora
212,Juan Magán,Mal De Amores
212,Carlos Vives,La Bicicleta
212,Kevin Roldan,Una Noche Más
212,Enrique Iglesias,Bailando - Spanish Version
212,Sebastian Yatra,Traicionera
212,Carlos Baute,Amor y dolor
212,J Alvarez,La Pregunta
212,Plan B,Candy
212,Don Omar,Guaya Guaya
212,Wisin & Yandel,Algo Me Gusta De Ti
212,Fuego,Una Vaina Loca
212,Don Omar,Virtual Diva
212,Danny Ocean,Me Rehúso
212,Plan B,Fanática Sensual - Remix
213,Mumford & Sons,White Blank Page
213,Mumford & Sons,Awake My Soul
213,Mumford & Sons,Babel
213,Mumford & Sons,Little Lion Man
213,Mumford & Sons,I Will Wait
213,Mumford & Sons,Believe
213,Mumford & Sons,The Cave
214,Calvin Harris,This Is What You Came For
214,Mike Posner,I Took A Pill In Ibiza - Seeb Remix
214,The Chainsmokers,Roses
214,Drake,One Dance
214,Tove Lo,Habits (Stay High) - Hippie Sabotage Remix
214,Miley Cyrus,We Can't Stop
214,Rihanna,We Found Love
214,DJ Snake,Middle
214,ZAYN,PILLOWTALK
214,Zendaya,Something New
214,Galantis,Runaway (U & I)
214,Childish Gambino,Sober
214,Zara Larsson,Never Forget You
214,Yeah Yeah Yeahs,Heads Will Roll
214,Demi Lovato,Cool for the Summer
214,Tory Lanez,Say It
214,Jeremih,oui
214,G-Eazy,"Me, Myself & I"
214,Avicii,Waiting For Love
214,J. Cole,No Role Modelz
214,Gotye,Somebody That I Used To Know
214,Gwen Stefani,Luxurious
214,Kanye West,Gold Digger
214,Kesha,Die Young
214,Kesha,We R Who We R
214,Far East Movement,Like A G6
214,Lorde,Team
214,Lykke Li,Little Bit
214,M.I.A.,Bad Girls
214,M.I.A.,Paper Planes
214,Macklemore & Ryan Lewis,Thrift Shop (feat. Wanz)
214,MGMT,Electric Feel
214,Milky Chance,Stolen Dance
214,Sia,Chandelier
214,The Chainsmokers,Don't Let Me Down
214,Tove Lo,Talking Body
214,The Weeknd,The Hills
214,Macklemore & Ryan Lewis,"Downtown (feat. Melle Mel, Grandmaster Caz, Kool Moe Dee & Eric Nally)"
214,LMFAO,La La La
214,Alessia Cara,Here
214,Calvin Harris,How Deep Is Your Love
214,Far East Movement,Rocketeer
214,LMFAO,Yes
214,Childish Gambino,Heartbeat
214,Jennifer Lopez,Get Right
214,Benny Benassi,Cinema - Skrillex Remix
214,The Chainsmokers,Paris
214,Disclosure,Latch
214,Lorde,Green Light
214,Selena Gomez & The Scene,Round & Round
215,Franz Ferdinand,Take Me Out
215,The Strokes,Last Nite
215,The Strokes,Someday
215,B.o.B,HeadBand (feat. 2 Chainz)
215,Fifth Harmony,Worth It
215,Pitbull,Hotel Room Service
215,MØ,Final Song
215,Clean Bandit,Rather Be (feat. Jess Glynne)
215,Rihanna,Only Girl (In The World)
217,Luke Bryan,Play It Again
217,Florida Georgia Line,This Is How We Roll
217,Blake Shelton,Boys 'Round Here (feat. Pistol Annies & Friends)
217,Luke Bryan,Country Girl (Shake It For Me)
217,Rascal Flatts,What Hurts The Most
217,Rascal Flatts,Bless The Broken Road
217,Luke Bryan,That's My Kind Of Night
217,Little Big Town,Boondocks
217,Florida Georgia Line,Cruise
217,Chris Young,You
217,Billy Currington,It Don't Hurt Like It Used To
217,Carrie Underwood,Good Girl
217,Carrie Underwood,Before He Cheats
217,Carrie Underwood,"Jesus, Take the Wheel"
217,Carrie Underwood,Blown Away
217,Brantley Gilbert,Kick It In The Sticks
217,Shania Twain,That Don't Impress Me Much
217,Shania Twain,Man! I Feel Like A Woman!
217,Zac Brown Band,Loving You Easy
217,Zac Brown Band,Homegrown
217,Chris Young,Think of You
217,Zac Brown Band,Chicken Fried
217,Zac Brown Band,Knee Deep (feat. Jimmy Buffett)
217,Zac Brown Band,Chicken Fried
217,Zac Brown Band,Whatever It Is
217,Zac Brown Band,Toes
217,Zac Brown Band,Free
217,Zac Brown Band,As She's Walking Away (feat. Alan Jackson)
217,Zac Brown Band,Colder Weather
217,Zac Brown Band,Knee Deep (feat. Jimmy Buffett)
217,Florida Georgia Line,H.O.L.Y.
217,Florida Georgia Line,May We All
217,Florida Georgia Line,Anything Goes
218,Trey Songz,"Touchin, Lovin (feat. Nicki Minaj)"
218,Jeremih,Don't Tell 'Em
218,J. Cole,Work Out
218,Missy Elliott,Work It
218,Missy Elliott,Lose Control (feat. Ciara & Fat Man Scoop)
218,50 Cent,In Da Club
218,50 Cent,Candy Shop
218,Jamie Foxx,Blame It
218,Nelly Furtado,Promiscuous
218,Lil Uzi Vert,Money Longer
218,Future,Mask Off
218,Migos,Bad and Boujee (feat. Lil Uzi Vert)
218,Playboi Carti,Magnolia
218,Chief Keef,Faneto
218,Migos,Slippery (feat. Gucci Mane)
218,French Montana,Unforgettable
218,Luis Fonsi,Despacito - Remix
218,Elvis Crespo,Suavemente
218,Aventura,Obsesion
218,Aventura,Dile al Amor
218,Vybz Kartel,Summer Tiime
218,Konshens,Bruk Off Yuh Back
218,Vybz Kartel,Fever
219,Daft Punk,One More Time
219,Bruno Mars,Treasure
219,MGMT,Electric Feel
219,Empire of the Sun,Standing On The Shore
220,Leslie Odom Jr.,Alexander Hamilton
220,Lin-Manuel Miranda,"Aaron Burr, Sir"
220,Lin-Manuel Miranda,My Shot
220,Leslie Odom Jr.,Guns and Ships
220,Leslie Odom Jr.,Dear Theodosia
220,Leslie Odom Jr.,Non-Stop
220,Leslie Odom Jr.,The Room Where It Happens
221,Jack Johnson,"Sitting, Waiting, Wishing"
221,Jack Johnson,Flake
221,Jack Johnson,Better Together
221,Mumford & Sons,I Will Wait
221,José González,Stay Alive
221,Sum 41,Fat Lip
222,Commodores,Brick House
222,Elvis Presley,Can't Help Falling in Love
222,ABBA,Dancing Queen
222,Michael Bublé,Everything
222,Miley Cyrus,Party In The U.S.A.
223,Yusuf / Cat Stevens,Wild World
223,America,Ventura Highway
223,Daryl Hall & John Oates,Rich Girl
223,Kansas,Dust in the Wind
223,Billy Joel,Piano Man
223,Blue Öyster Cult,(Don't Fear) The Reaper
223,Fleetwood Mac,Landslide
223,Heart,Crazy On You
223,Simon & Garfunkel,America
223,Van Morrison,Brown Eyed Girl
223,Commodores,Easy
223,Elton John,Your Song
223,Tom Petty and the Heartbreakers,American Girl
223,Bruce Springsteen,Born to Run
223,Billy Joel,Only the Good Die Young
223,The Rolling Stones,Miss You - Remastered
223,The Who,Behind Blue Eyes
223,Queen,Under Pressure - Remastered 2011
223,Simon & Garfunkel,The Boxer
223,Simon & Garfunkel,Bridge Over Troubled Water
223,Neil Diamond,Sweet Caroline
223,America,Sister Golden Hair
223,Jim Croce,I'll Have To Say I Love You In A Song
223,John Denver,Annie's Song
223,Aerosmith,Dream On
223,Jimmy Buffett,Margaritaville
223,Janis Joplin,Me and Bobby McGee
223,Meat Loaf,Paradise By the Dashboard Light
223,America,Tin Man
223,The Beatles,Twist And Shout - Remastered 2009
223,The Who,Behind Blue Eyes
223,ABBA,The Winner Takes It All
223,Billy Idol,White Wedding - Pt. 1
223,Billy Joel,We Didn't Start the Fire
223,Boston,Amanda
223,Coldplay,Viva La Vida
223,The Animals,House Of The Rising Sun
223,Don Henley,The Boys Of Summer
223,Bob Seger,Hollywood Nights
223,Bob Seger,Night Moves
223,Bob Seger,Mainstreet
223,Bob Seger,Against The Wind
223,Bob Seger,Still The Same
223,Phil Collins,In The Air Tonight - 2015 Remastered
223,Aerosmith,Dream On
224,Air Supply,Even the Nights Are Better
224,Amy Winehouse,Back To Black
224,Ellie Goulding,"Love Me Like You Do - From ""Fifty Shades Of Grey"""
224,Bill Withers,Ain't No Sunshine
224,Dido,White Flag
224,Andrea Bocelli,Bésame Mucho
224,Daft Punk,Something About Us
224,Tony Bennett,(I Left My Heart) In San Francisco
224,One Direction,Night Changes
224,Charlie Puth,We Don't Talk Anymore (feat. Selena Gomez)
224,Tom Jones,Delilah
224,Drake,One Dance
224,Zara Larsson,Never Forget You
224,The Chainsmokers,Don't Let Me Down
224,Calvin Harris,This Is What You Came For
225,Kanye West,Gold Digger
225,Imagine Dragons,Thunder
225,Kesha,TiK ToK
225,Kesha,Die Young
225,Kesha,Blow
225,Jonas Brothers,Burnin' Up
225,Kesha,We R Who We R
225,Florida Georgia Line,Cruise
225,Kesha,Your Love Is My Drug
225,Galantis,No Money
225,Galantis,Runaway (U & I)
225,Galantis,Peanut Butter Jelly
225,Train,Play That Song
225,Zara Larsson,Lush Life
225,Selena Gomez & The Scene,Tell Me Something I Don't Know
225,Nelly Furtado,Promiscuous
225,Post Malone,Congratulations
225,Rihanna,Don't Stop The Music
225,Justin Bieber,Baby
225,Sean Kingston,Fire Burning
225,Owl City,Fireflies
225,Kesha,Take It Off
225,Fifth Harmony,Worth It
225,Miley Cyrus,We Can't Stop
225,The Chainsmokers,Closer
225,Miley Cyrus,Party In The U.S.A.
225,Trey Songz,Slow Motion
225,Natasha Bedingfield,Pocketful of Sunshine
225,Melanie Martinez,Pity Party
225,Fifth Harmony,BO$$
225,Trey Songz,Na Na
225,Calvin Harris,This Is What You Came For
225,Luis Fonsi,Despacito - Remix
225,The Chainsmokers,Paris
225,The Chainsmokers,Don't Let Me Down
225,Soulja Boy,Turn My Swag On
225,Far East Movement,Like A G6
225,Katy Perry,Dark Horse
225,Lady Gaga,Applause
225,Fifth Harmony,Sledgehammer
225,Zendaya,Replay
225,Katy Perry,Last Friday Night (T.G.I.F.)
225,Jeremih,oui
225,Drake,One Dance
227,Pusha T,Nosetalgia
227,Kendrick Lamar,HUMBLE.
227,Kendrick Lamar,LOVE. FEAT. ZACARI.
227,ScHoolboy Q,THat Part
228,Don Henley,The Boys Of Summer
228,2Pac,Keep Ya Head Up
228,Al Green,Let's Stay Together
228,Crowded House,Don't Dream It's Over
228,Eurythmics,Sweet Dreams (Are Made of This) - Remastered
228,Men At Work,Down Under
228,Cyndi Lauper,Time After Time
228,Daryl Hall & John Oates,Rich Girl
228,Daryl Hall & John Oates,Sara Smile
228,Lionel Richie,"Say You, Say Me"
228,Air Supply,All Out of Love
228,Roxette,Listen To Your Heart
228,Journey,Faithfully
228,Journey,Open Arms
228,N.W.A.,Straight Outta Compton
228,Bill Withers,Lean on Me
228,Starship,Nothing's Gonna Stop Us Now
228,Phil Collins,In The Air Tonight - 2015 Remastered
228,Johnny Cash,Hurt
228,Tears For Fears,Everybody Wants To Rule The World
228,Cyndi Lauper,Girls Just Want to Have Fun
228,George Michael,Freedom! '90 - Remastered
228,George Michael,Father Figure - Remastered
228,ABBA,Dancing Queen
228,ABBA,Gimme! Gimme! Gimme! (A Man After Midnight)
228,Wham!,Last Christmas
228,Wham!,Last Christmas - Pudding Mix
228,*NSYNC,Tearin' up My Heart - Radio Edit
228,Boyz II Men,End Of The Road
228,Boyz II Men,I'll Make Love To You
228,Billy Joel,Uptown Girl
228,The Cranberries,Dreams
228,The Ronettes,Be My Baby
228,Elton John,Your Song
228,Simple Minds,Don't You (Forget About Me)
228,Savage Garden,Truly Madly Deeply
228,Queen,We Are The Champions - Remastered 2011
228,The Velvet Underground,Pale Blue Eyes
228,Tears For Fears,"Head Over Heels - Dave Bascombe 7"" N.Mix"
228,Ice Cube,It Was A Good Day
228,Roy Orbison,You Got It
228,Cyndi Lauper,True Colors
228,Dr. Dre,What's The Difference
228,Prince,Purple Rain
228,Lenny Kravitz,It Ain't Over 'Til It's Over
228,Soft Cell,Tainted Love
228,Boston,More Than a Feeling
228,Billy Idol,Eyes Without A Face
229,Sean Paul,Temperature
229,Drake,One Dance
230,Clean Bandit,Rather Be (feat. Jess Glynne)
231,Bring Me The Horizon,Sleepwalking
231,Bring Me The Horizon,Drown
231,Bring Me The Horizon,Can You Feel My Heart
231,Skillet,Monster
231,Skillet,Hero
231,Skillet,Comatose
231,Skillet,Feel Invincible
231,Pierce The Veil,King For A Day
231,Pierce The Veil,A Match Into Water
231,Pierce The Veil,Bulls In The Bronx
231,Pierce The Veil,Hold On Till May
231,Pierce The Veil,Bulletproof Love
231,Falling In Reverse,Good Girls Bad Guys
231,Falling In Reverse,Bad Girls Club
231,Falling In Reverse,Fashionably Late
231,Falling In Reverse,I'm Not A Vampire
231,Falling In Reverse,The Drug In Me Is You
231,Rise Against,Savior
231,Rise Against,Prayer Of The Refugee
231,Rise Against,Re-Education (Through Labor)
231,Skillet,Not Gonna Die
231,Rise Against,Under The Knife
231,Evanescence,Bring Me To Life
231,The Fray,How to Save a Life
231,Twenty One Pilots,Stressed Out
231,Twenty One Pilots,Ride
231,Twenty One Pilots,Heathens
231,Twenty One Pilots,Heavydirtysoul
231,Twenty One Pilots,Car Radio
231,My Chemical Romance,Welcome to the Black Parade
231,My Chemical Romance,Teenagers
231,My Chemical Romance,Famous Last Words
231,My Chemical Romance,I'm Not Okay (I Promise)
231,A Day To Remember,Paranoia
231,The Neighbourhood,Sweater Weather
231,OneRepublic,Counting Stars
231,Eminem,Love The Way You Lie
231,Christina Perri,Jar of Hearts
231,Tove Lo,Habits (Stay High)
231,Papa Roach,Last Resort
231,Arctic Monkeys,R U Mine?
231,Arctic Monkeys,Do I Wanna Know?
231,Arctic Monkeys,Why'd You Only Call Me When You're High?
231,Pierce The Veil,Caraphernelia
232,Luis Fonsi,Despacito - Remix
232,Martin Garrix,There for You
232,Jonas Blue,Mama
232,Niall Horan,Slow Hands
232,James Arthur,Can I Be Him
232,Sam Hunt,Body Like A Back Road
232,Cheat Codes,No Promises (feat. Demi Lovato)
232,ZAYN,PILLOWTALK
232,Justin Bieber,Love Yourself
232,Jonas Blue,Perfect Strangers
232,The Chainsmokers,Closer
232,Shawn Mendes,Treat You Better
232,Alessia Cara,Scars To Your Beautiful
232,Imagine Dragons,Thunder
232,Jason Derulo,Swalla (feat. Nicki Minaj & Ty Dolla $ign)
232,The Chainsmokers,Something Just Like This
232,The Chainsmokers,Don't Let Me Down
232,MØ,Final Song
232,Miley Cyrus,Malibu
232,Train,Play That Song
232,Ed Sheeran,Photograph
233,Adele,When We Were Young
234,ScHoolboy Q,Collard Greens
234,LMFAO,Yes
234,ScHoolboy Q,Studio
234,Childish Gambino,Bonfire
234,ScHoolboy Q,Hands On The Wheel
234,ScHoolboy Q,Man Of The Year
235,Sam Hunt,Body Like A Back Road
235,blackbear,do re mi
235,The Offspring,"You're Gonna Go Far, Kid"
235,All Time Low,Weightless
235,Falling In Reverse,The Drug In Me Is You
235,Pierce The Veil,Bulletproof Love
235,Falling In Reverse,I'm Not A Vampire
235,Fall Out Boy,Thnks fr th Mmrs
235,Luke Combs,Hurricane
235,Fall Out Boy,"This Ain't A Scene, It's An Arms Race"
235,Bruno Mars,That's What I Like
235,Niall Horan,Slow Hands
235,Clean Bandit,Rockabye (feat. Sean Paul & Anne-Marie)
236,The Cranberries,Dreams
236,Smash Mouth,All Star
236,TLC,No Scrubs
236,The Verve,Bitter Sweet Symphony
236,The Goo Goo Dolls,Iris
236,Journey,Don't Stop Believin'
236,Tracy Chapman,Fast Car
236,John Mellencamp,Jack & Diane
236,Third Eye Blind,Semi-Charmed Life
236,The Goo Goo Dolls,Name
236,Dave Matthews Band,Ants Marching
236,Oasis,Wonderwall - Remastered
236,Pearl Jam,Last Kiss
236,Counting Crows,Mr. Jones
236,The Cranberries,Zombie
236,blink-182,What's My Age Again?
236,Oasis,Champagne Supernova - Remastered
236,Mariah Carey,Always Be My Baby
237,The Beatles,Twist And Shout - Remastered 2009
237,Bryan Adams,Summer Of '69
237,Bon Jovi,Livin' On A Prayer
237,Don McLean,American Pie
237,Nirvana,Smells Like Teen Spirit
237,Beck,Loser
237,Kenny Rogers,The Gambler
237,Billy Joel,It's Still Rock and Roll to Me
237,Billy Joel,Piano Man
237,Billy Joel,Only the Good Die Young
237,AC/DC,You Shook Me All Night Long
237,Bon Jovi,You Give Love A Bad Name
237,Lynyrd Skynyrd,Sweet Home Alabama
237,Queen,Another One Bites The Dust - Remastered 2011
237,Queen,Bohemian Rhapsody - Remastered 2011
237,Daryl Hall & John Oates,Rich Girl
237,Eric Clapton,Cocaine
237,Marvin Gaye,Ain't No Mountain High Enough
237,The Jackson 5,ABC
237,Sublime,Santeria
237,John Denver,"Take Me Home, Country Roads"
237,Tom Petty,I Won't Back Down
237,Alabama,Song of the South
237,Guns N' Roses,Sweet Child O' Mine
237,The Lumineers,Ophelia
237,Tom Petty,Free Fallin'
237,Coolio,Gangsta's Paradise
237,alt-J,Breezeblocks
237,Creedence Clearwater Revival,Fortunate Son
237,alt-J,Fitzpleasure
237,Creedence Clearwater Revival,Bad Moon Rising
237,Creedence Clearwater Revival,Down On The Corner
237,Creedence Clearwater Revival,Up Around The Bend
237,Journey,Don't Stop Believin'
237,Cyndi Lauper,Time After Time
237,AC/DC,Thunderstruck
237,Kid Rock,All Summer Long
237,Bryan Adams,Run To You
237,Steve Miller Band,The Joker
237,Pink Floyd,Money
237,Green Day,Good Riddance (Time of Your Life)
237,Shaggy,It Wasn't Me
237,Bob Seger,Night Moves
237,Jack Johnson,Better Together
237,Jack Johnson,Banana Pancakes
239,blackbear,do re mi
239,Bryson Tiller,Don't
239,Bryson Tiller,Exchange
239,A Boogie Wit da Hoodie,Drowning (feat. Kodak Black)
239,A Boogie Wit da Hoodie,My Shit
239,A Boogie Wit da Hoodie,Jungle
239,Future,Mask Off
239,Kevin Gates,Really Really
239,Kevin Gates,2 Phones
239,Kendrick Lamar,HUMBLE.
239,Nicki Minaj,Only
239,Nicki Minaj,Starships
239,Nicki Minaj,Starships
239,Logic,1-800-273-8255
239,Trey Songz,Slow Motion
239,Trey Songz,Na Na
239,The Weeknd,Starboy
239,The Weeknd,The Hills
239,French Montana,Unforgettable
240,A$AP Rocky,L$D
240,J. Cole,No Role Modelz
240,J. Cole,Wet Dreamz
240,ScHoolboy Q,Studio
240,Wiz Khalifa,So High (feat. Ghost Loft)
242,Jason Mraz,I'm Yours
242,Jason Mraz,I Won't Give Up
242,The Neighbourhood,Sweater Weather
242,Owl City,Vanilla Twilight
242,Zedd,I Want You To Know
242,Twenty One Pilots,Ride
242,Shania Twain,You're Still The One
243,Simple Minds,Don't You (Forget About Me)
243,Yusuf / Cat Stevens,Father And Son
243,The Who,Behind Blue Eyes
243,Queen,Killer Queen - Remastered 2011
243,Steely Dan,Reelin' In The Years
243,Heart,Crazy On You
243,Aretha Franklin,Respect
243,The Clash,Rock the Casbah - Remastered
243,Eric Clapton,Cocaine
243,Kansas,Carry on Wayward Son
243,The Goo Goo Dolls,Iris
243,Bon Jovi,Livin' On A Prayer
243,Creedence Clearwater Revival,Fortunate Son
243,Billy Joel,Piano Man
243,Lynyrd Skynyrd,Sweet Home Alabama
243,The Rolling Stones,Gimme Shelter
243,Simon & Garfunkel,Cecilia
243,Queen,Bohemian Rhapsody - Remastered 2011
243,Counting Crows,Round Here
243,Sheryl Crow,If It Makes You Happy
243,Counting Crows,Mr. Jones
243,Billy Joel,It's Still Rock and Roll to Me
243,America,A Horse with No Name
243,Electric Light Orchestra,Don't Bring Me Down
243,Journey,Don't Stop Believin'
243,Cyndi Lauper,Time After Time
243,"Earth, Wind & Fire",Let's Groove
243,Bruce Springsteen,I'm On Fire
243,Daryl Hall & John Oates,Rich Girl
243,America,Ventura Highway
243,Tears For Fears,Everybody Wants To Rule The World
243,The Cars,My Best Friend's Girl
243,Lynyrd Skynyrd,Free Bird
243,The Who,Baba O'Riley
243,Bruce Springsteen,Born to Run
243,The Cars,Just What I Needed
243,Rod Stewart,Maggie May
243,Steve Miller Band,Jet Airliner
243,The Who,Pinball Wizard
243,ABBA,Dancing Queen
243,Boston,More Than a Feeling
243,Bread,Everything I Own
243,Donna Summer,"Hot Stuff - 12"" Version"
243,Robin Thicke,Blurred Lines
243,Adele,Rolling in the Deep
244,Luke Bryan,Drunk On You
244,Kenny Chesney,She's Got It All
244,Brad Paisley,We Danced
244,Brad Paisley,She's Everything
244,Darius Rucker,This
244,John Mayer,Your Body Is a Wonderland
244,Brad Paisley,Then
244,Tim McGraw,It's Your Love
244,Josh Turner,Time Is Love
244,Florida Georgia Line,Cruise
244,Billy Currington,Must Be Doin' Somethin' Right
244,Chris Young,You
244,Keith Urban,Somebody Like You
244,Josh Turner,Your Man
244,Jack Johnson,I Got You
244,Zac Brown Band,Whatever It Is
244,Chris Young,Who I Am With You
245,Natalie Cole,This Will Be (An Everlasting Love)
245,No Doubt,Don't Speak
245,blink-182,All The Small Things
245,The Temptations,My Girl
245,Weezer,Island In The Sun
245,The Jackson 5,I Want You Back
245,Simple Minds,Don't You (Forget About Me)
245,The Killers,Mr. Brightside
245,Sublime,Santeria
245,blink-182,What's My Age Again?
245,Beck,Loser
245,The All-American Rejects,Dirty Little Secret
245,The Cranberries,Zombie
245,No Doubt,Just A Girl
245,TLC,No Scrubs
245,Destiny's Child,Say My Name
245,Destiny's Child,"Bills, Bills, Bills"
245,Smash Mouth,All Star
245,Oasis,Wonderwall - Remastered
245,Don McLean,American Pie
245,Shaggy,Angel
245,Neil Diamond,Sweet Caroline
246,Andy Grammer,Keep Your Head Up
246,Bob Marley & The Wailers,Jamming
246,The Clash,Rock the Casbah - Remastered
246,Daryl Hall & John Oates,Rich Girl
246,Gregory Alan Isakov,The Stable Song
246,Natalie Cole,This Will Be (An Everlasting Love)
246,Will Smith,Gettin' Jiggy Wit It
246,Daft Punk,One More Time
246,Of Monsters and Men,Little Talks
246,Paul Simon,You Can Call Me Al
246,Yeah Yeah Yeahs,Heads Will Roll
247,Sam Smith,I'm Not The Only One
247,Sam Cooke,A Change Is Gonna Come
247,Milky Chance,Stolen Dance
247,Meghan Trainor,All About That Bass
247,Meghan Trainor,Dear Future Husband
247,Meghan Trainor,Lips Are Movin
247,Maroon 5,She Will Be Loved - Radio Mix
247,Maroon 5,Sugar
247,Hozier,Like Real People Do
248,Bing Crosby,It's Beginning To Look A Lot Like Christmas
248,Elvis Presley,Blue Christmas
248,Pentatonix,"Mary, Did You Know?"
248,Dolly Parton,Hard Candy Christmas
249,Jack Johnson,Flake
249,Paul Simon,Me and Julio Down by the Schoolyard
249,MGMT,Time to Pretend
249,Two Door Cinema Club,What You Know
249,The Strokes,Reptilia
250,Lil Wayne,Right Above It
250,Jessie J,Price Tag
250,Nicki Minaj,Super Bass
250,Nicki Minaj,Starships
250,Mario,How Do I Breathe
250,Miguel,Sure Thing
250,Miguel,Adorn
250,Frank Ocean,Thinkin Bout You
250,Disclosure,Latch
250,Kid Cudi,Just What I Am
250,Jason Derulo,Whatcha Say
252,George Strait,Troubadour
252,George Strait,Check Yes Or No
252,George Strait,Write This Down
252,Randy Travis,Diggin' Up Bones
252,Randy Travis,I Told You So
252,Tim McGraw,It's Your Love
252,Tim McGraw,Live Like You Were Dying
252,Toby Keith,As Good As I Once Was
252,Toby Keith,I Love This Bar
252,Toby Keith,A Little Less Talk And A Lot More Action
252,Brooks & Dunn,Red Dirt Road
252,Brooks & Dunn,Neon Moon
252,Brooks & Dunn,Ain't Nothing 'Bout You
252,Brooks & Dunn,Brand New Man
252,Blake Shelton,Austin
252,Josh Turner,Your Man
252,Josh Turner,Would You Go With Me
252,Josh Turner,Why Don't We Just Dance
252,Billy Currington,Good Directions
252,Billy Currington,People Are Crazy
252,Dierks Bentley,What Was I Thinkin'
252,Brad Paisley,She's Everything
252,Darius Rucker,Wagon Wheel
252,Keith Urban,Somebody Like You
252,Little Big Town,Girl Crush
252,Kenny Chesney,She's Got It All
252,Alan Jackson,Drive (For Daddy Gene)
252,Alan Jackson,Little Bitty
253,Nelly,The Fix (feat. Jeremih)
253,J. Cole,No Role Modelz
253,Rae Sremmurd,This Could Be Us
253,Big Sean,I Don't Fuck With You
253,Rae Sremmurd,Come Get Her
253,YG,My Nigga
253,50 Cent,Disco Inferno
253,Dr. Dre,The Next Episode
253,Rae Sremmurd,No Type
253,Kanye West,Father Stretch My Hands Pt. 1
253,Fetty Wap,Again
253,Trey Songz,Na Na
253,J. Cole,Wet Dreamz
253,Ginuwine,Pony
253,Eminem,Without Me
253,Migos,Bad and Boujee (feat. Lil Uzi Vert)
253,Big Sean,Bounce Back
253,YG,Who Do You Love?
253,B.o.B,HeadBand (feat. 2 Chainz)
253,Nelly,Ride Wit Me
253,Far East Movement,Like A G6
253,Yo Gotti,Down In the DM
253,Tech N9ne,Hood Go Crazy
254,Fall Out Boy,"Dance, Dance"
254,Panic! At The Disco,Victorious
254,The Kooks,Sweet Emotion
254,Gorillaz,Clint Eastwood
254,No Doubt,Hella Good
254,MGMT,Time to Pretend
254,Kings of Leon,Sex on Fire
254,Weezer,Say It Ain't So
254,Weezer,Island In The Sun
254,Gwen Stefani,Hollaback Girl
254,MGMT,Electric Feel
254,Two Door Cinema Club,What You Know
254,Two Door Cinema Club,Something Good Can Work
254,Two Door Cinema Club,Undercover Martyn
254,The White Stripes,Seven Nation Army
254,Panic! At The Disco,Emperor's New Clothes
254,Gorillaz,DARE
255,Elvis Presley,Blue Christmas
255,The Jackson 5,Santa Claus Is Coming To Town
256,Arctic Monkeys,Do I Wanna Know?
256,Arctic Monkeys,I Wanna Be Yours
256,Arctic Monkeys,Why'd You Only Call Me When You're High?
256,Foster The People,Don't Stop (Color on the Walls)
256,Sublime,Santeria
256,Sublime,What I Got
256,Sublime,Doin' Time
256,The Neighbourhood,Sweater Weather
256,The Neighbourhood,Afraid
256,Vance Joy,Riptide
256,Panic! At The Disco,I Write Sins Not Tragedies
256,Of Monsters and Men,Little Talks
256,Of Monsters and Men,Mountain Sound
256,Bon Iver,Skinny Love
256,Fergie,Fergalicious
256,Weezer,Buddy Holly
256,Tame Impala,Feels Like We Only Go Backwards
256,Death Cab for Cutie,I Will Possess Your Heart
256,Gwen Stefani,Hollaback Girl
256,Kings of Leon,Use Somebody
256,Nirvana,Smells Like Teen Spirit
256,Paramore,Ain't It Fun
257,Chief Keef,Hate Bein' Sober
257,Chief Keef,Love Sosa
257,Chief Keef,I Don't Like
257,2Pac,Ambitionz Az A Ridah
257,Dr. Dre,The Next Episode
257,Dr. Dre,Forgot About Dre
257,Dr. Dre,Still D.R.E.
257,Dr. Dre,I Need A Doctor
257,Kid Cudi,Just What I Am
257,Kid Cudi,Day 'N' Nite (nightmare)
257,Kanye West,Stronger
258,Aaliyah,Rock The Boat
258,Ms. Lauryn Hill,Lost Ones
258,Ms. Lauryn Hill,Ex-Factor
258,Ms. Lauryn Hill,Doo Wop (That Thing)
258,Erykah Badu,On & On
258,Erykah Badu,Next Lifetime
258,Fugees,Ready or Not
258,Alicia Keys,Fallin'
258,Alicia Keys,No One
258,Alicia Keys,If I Ain't Got You
258,Erykah Badu,Bag Lady
258,Ms. Lauryn Hill,Doo Wop (That Thing)
260,Brad Paisley,She's Everything
260,Brad Paisley,Mud on the Tires
260,Brad Paisley,We Danced
260,Brad Paisley,Waitin' On a Woman
260,Brad Paisley,I'm Gonna Miss Her
260,Brad Paisley,Then
260,Blake Shelton,Honey Bee
260,Billy Currington,We Are Tonight
260,Billy Currington,Good Directions
261,Drake,One Dance
261,Russ,What They Want
261,Calvin Harris,This Is What You Came For
261,The Chainsmokers,Roses
261,The Killers,All These Things That I've Done
262,Avril Lavigne,Sk8er Boi
262,Jonas Brothers,Burnin' Up
262,Nelly Furtado,Promiscuous
262,Rihanna,Pon de Replay
262,Busta Rhymes,Don't Cha
262,Gwen Stefani,The Sweet Escape
262,Kesha,TiK ToK
262,Britney Spears,...Baby One More Time
262,Britney Spears,Oops!...I Did It Again
262,Jason Derulo,Whatcha Say
262,Fergie,Fergalicious
262,Fergie,Glamorous
262,Soulja Boy,Kiss Me Thru The Phone
262,Gwen Stefani,Rich Girl
262,Owl City,Fireflies
262,Kesha,Your Love Is My Drug
262,Britney Spears,Toxic
262,Sean Paul,Temperature
262,The All-American Rejects,Dirty Little Secret
262,Miley Cyrus,Party In The U.S.A.
262,The Pussycat Dolls,When I Grow Up
262,Taio Cruz,Dynamite
262,Kesha,We R Who We R
262,Plain White T's,Hey There Delilah
262,P!nk,So What
262,Gwen Stefani,Hollaback Girl
262,Britney Spears,Womanizer
262,Train,"Hey, Soul Sister"
262,Jason Mraz,I'm Yours
262,Katy Perry,Last Friday Night (T.G.I.F.)
262,Flo Rida,Whistle
262,Lady Gaga,Poker Face
262,Destiny's Child,Say My Name
262,The All-American Rejects,Gives You Hell
262,Selena Gomez & The Scene,Naturally
262,Avril Lavigne,Complicated
262,Kelly Clarkson,Since U Been Gone
262,Rihanna,Umbrella
262,Justin Bieber,Baby
262,John Mayer,Waiting On the World to Change
262,Beyoncé,Halo
262,Ne-Yo,Miss Independent
262,Sean Kingston,Beautiful Girls
262,Natasha Bedingfield,Pocketful of Sunshine
262,Sara Bareilles,Love Song
262,Justin Bieber,Baby
262,Paramore,Misery Business
262,Lady Gaga,Just Dance
262,Gwen Stefani,Rich Girl
262,Fergie,Big Girls Don't Cry (Personal)
262,TLC,No Scrubs
262,Mike Posner,Cooler Than Me - Single Mix
262,Selena Gomez & The Scene,Who Says
262,Selena Gomez & The Scene,Tell Me Something I Don't Know
262,Avril Lavigne,What the Hell
262,Fergie,London Bridge
262,Taio Cruz,Break Your Heart
262,Christina Aguilera,Fighter
262,Shania Twain,Man! I Feel Like A Woman!
262,Jay Sean,Down
262,Jimmy Eat World,The Middle
262,Evanescence,Bring Me To Life
262,R. Kelly,Ignition - Remix
262,P!nk,Raise Your Glass
262,Kesha,Cannibal
262,Maroon 5,She Will Be Loved - Radio Mix
263,Tory Lanez,Say It
263,Jeremih,oui
263,Jeremih,Love Don't Change
263,Rihanna,Love On The Brain
263,Jeremih,oui
263,Frank Ocean,Pink + White
263,The Weeknd,Die For You
263,Russ,"Psycho, Pt. 2"
263,Frank Ocean,Chanel
264,Robin Schulz,Sugar (feat. Francesco Yates)
264,A$AP Rocky,L$D
264,The Weeknd,The Hills
264,X Ambassadors,Renegades
264,Fetty Wap,679 (feat. Remy Boyz)
264,Galantis,Runaway (U & I)
264,Galantis,Peanut Butter Jelly
264,Flo Rida,My House
264,Mike Posner,I Took A Pill In Ibiza - Seeb Remix
264,The Chainsmokers,Paris
265,Paramore,Hard Times
265,John Mayer,You're Gonna Live Forever in Me
265,Chris Stapleton,Broken Halos
265,Kendrick Lamar,PRIDE.
265,Kendrick Lamar,HUMBLE.
265,Kendrick Lamar,LOVE. FEAT. ZACARI.
265,Harry Styles,Sign of the Times
265,Vince Staples,Big Fish
265,Billie Eilish,idontwannabeyouanymore
265,Phoebe Bridgers,Motion Sickness
266,The Jackson 5,I Want You Back
266,Marvin Gaye,Ain't No Mountain High Enough
267,Meghan Trainor,NO
267,Meghan Trainor,Me Too
267,Clean Bandit,Rather Be (feat. Jess Glynne)
267,One Direction,Story of My Life
267,One Direction,Perfect
267,Lukas Graham,Mama Said
267,Twenty One Pilots,Ride
267,The Chainsmokers,Don't Let Me Down
267,John Legend,All of Me
267,Alessia Cara,Scars To Your Beautiful
267,Daya,"Sit Still, Look Pretty"
268,Jason Derulo,Want to Want Me
268,WALK THE MOON,Shut Up and Dance
268,Maroon 5,Sugar
268,Fifth Harmony,Worth It
268,Zedd,I Want You To Know
268,Ariana Grande,One Last Time
268,Tove Lo,Talking Body
268,Ne-Yo,She Knows
268,Fetty Wap,Trap Queen
268,Kygo,Stole the Show
268,Nick Jonas,Jealous - Remix
268,Little Big Town,Girl Crush
268,Alesso,Heroes (we could be)
268,Jessie J,Masterpiece
268,Pitbull,Time of Our Lives
269,Imagine Dragons,Whatever It Takes
269,Interpol,Evil
269,Moby,Honey
270,Banda El Recodo,Vas A Llorar Por Mí
270,Banda Los Recoditos,Ando Bien Pedo
270,Banda Los Recoditos,Me Sobrabas Tú
270,Banda Los Recoditos,Mi Último Deseo
270,Calibre 50,Javier El De Los Llanos
270,El Komander,Cuernito Armani
270,El Komander,Malditas Ganas
270,El Komander,A Mi Me Interesa
270,El Komander,El Taquicardio
270,Gerardo Ortiz,Dámaso
270,Gerardo Ortiz,Quién Se Anima
270,Los Inquietos Del Norte,90 Millas (90 Miles)
270,Los Inquietos Del Norte,Caiga Quien Caiga
270,Los Inquietos Del Norte,Locos Desde Ayer
270,Ramon Ayala Y Sus Bravos Del Norte,Tragos Amargos
270,Julión Álvarez y su Norteño Banda,Pongámonos De Acuerdo
270,Valentín Elizalde,A Mis Enemigos
270,Alfredo Olivas,El Paciente
270,Christian Nodal,Adiós Amor
271,The Killers,Mr. Brightside
271,The Killers,All These Things That I've Done
271,Beyoncé,Halo
271,Bastille,Pompeii
271,Ellie Goulding,Burn
271,Fall Out Boy,My Songs Know What You Did In The Dark (Light Em Up)
272,Sam Smith,I'm Not The Only One
272,Bruno Mars,Just the Way You Are
272,Maroon 5,Sugar
272,X Ambassadors,Renegades
272,The Jackson 5,I Want You Back
272,John Mayer,Gravity
273,Rob Zombie,Dragula
273,Linkin Park,Numb
273,Skrillex,Purple Lamborghini (with Rick Ross)
273,Jeezy,Put On
274,Journey,Don't Stop Believin'
274,Journey,Any Way You Want It
274,Journey,Faithfully
274,Guns N' Roses,Sweet Child O' Mine
274,Guns N' Roses,Welcome To The Jungle
274,Guns N' Roses,Paradise City
274,Backstreet Boys,As Long as You Love Me
274,REO Speedwagon,Can't Fight This Feeling
274,AC/DC,You Shook Me All Night Long
274,Starship,We Built This City
274,Whitney Houston,I Wanna Dance with Somebody (Who Loves Me)
274,Queen,Under Pressure - Remastered 2011
274,Guns N' Roses,Sweet Child O' Mine
274,The Clash,Should I Stay or Should I Go - Remastered
274,Phil Collins,In The Air Tonight - 2015 Remastered
274,U2,I Still Haven't Found What I'm Looking For
274,Bon Jovi,Livin' On A Prayer
274,Bon Jovi,You Give Love A Bad Name
274,Bon Jovi,Wanted Dead Or Alive
274,Bon Jovi,It's My Life
274,AC/DC,You Shook Me All Night Long
274,Bon Jovi,You Give Love A Bad Name
274,Backstreet Boys,I Want It That Way
274,Backstreet Boys,Larger Than Life
274,*NSYNC,Bye Bye Bye
274,*NSYNC,Tearin' up My Heart - Radio Edit
274,*NSYNC,It's Gonna Be Me
274,*NSYNC,Pop
274,The Outfield,Your Love
275,Lorde,Supercut
275,Carly Rae Jepsen,Cut To The Feeling
275,Marshmello,Silence
275,Jorja Smith,On My Mind (Jorja Smith X Preditah)
275,The Killers,When You Were Young
275,Foster The People,Sit Next to Me
275,MGMT,Little Dark Age
276,Nelly,The Fix (feat. Jeremih)
276,Big Sean,Bounce Back
276,Post Malone,Congratulations
277,Twenty One Pilots,Heavydirtysoul
277,Bon Jovi,Livin' On A Prayer
277,Kanye West,Stronger
277,X Ambassadors,Jungle
277,Pitbull,Time of Our Lives
277,Lil Wayne,A Milli
277,T.I.,Whatever You Like
277,Kanye West,Gold Digger
277,Dropkick Murphys,I'm Shipping Up To Boston
277,Guns N' Roses,Welcome To The Jungle
277,Survivor,Eye of the Tiger
277,The Weeknd,The Hills
278,R. Kelly,Ignition - Remix
279,The Weeknd,The Hills
279,The Weeknd,The Hills
279,Demi Lovato,Cool for the Summer
279,Jason Derulo,Want to Want Me
279,Fetty Wap,RGF Island
279,Fetty Wap,Again
279,Fetty Wap,679 (feat. Remy Boyz)
279,Fetty Wap,679 (feat. Remy Boyz)
279,Ed Sheeran,Photograph
279,Fifth Harmony,Worth It
279,Meghan Trainor,Lips Are Movin
279,Trey Songz,Slow Motion
279,Calvin Harris,How Deep Is Your Love
279,WALK THE MOON,Shut Up and Dance
279,Sam Smith,I'm Not The Only One
279,Justin Bieber,Sorry
279,Justin Bieber,Sorry
279,Shawn Mendes,Stitches
279,Alessia Cara,Here
279,Justin Bieber,Love Yourself
279,One Direction,Drag Me Down
279,Twenty One Pilots,Stressed Out
279,Demi Lovato,Heart Attack
279,Ariana Grande,One Last Time
279,Charlie Puth,One Call Away
279,Lukas Graham,7 Years
279,Beyoncé,Halo
279,Ellie Goulding,"Love Me Like You Do - From ""Fifty Shades Of Grey"""
279,Adele,When We Were Young
279,Adele,Someone Like You
279,ZAYN,PILLOWTALK
279,Jeremih,oui
279,Bruno Mars,Just the Way You Are
279,Rihanna,Needed Me
279,The Chainsmokers,Roses
279,Lana Del Rey,Young And Beautiful
279,Drake,One Dance
279,The Chainsmokers,Don't Let Me Down
279,Miley Cyrus,Party In The U.S.A.
279,Zara Larsson,Never Forget You
279,James Bay,Let It Go
280,Lynyrd Skynyrd,Free Bird
280,Jimi Hendrix,Purple Haze
280,The Rolling Stones,Gimme Shelter
280,The Beach Boys,I Get Around (Mono)
280,Lynyrd Skynyrd,Simple Man
280,The Doors,L.A. Woman
280,Bob Dylan,The Times They Are A-Changin'
280,Nirvana,Rape Me
280,Pink Floyd,"Another Brick in the Wall, Pt. 2"
280,The Kinks,All Day and All of the Night
281,John Mayer,Waiting On the World to Change
281,John Mayer,Gravity
282,Survivor,Eye of the Tiger
282,Pharrell Williams,"Happy - From ""Despicable Me 2"""
283,José González,Heartbeats
283,Bon Iver,Wash.
283,Vance Joy,Georgia
283,Vance Joy,Riptide
283,Vance Joy,Mess Is Mine
283,James Bay,Let It Go
283,Bon Iver,Flume
283,Adam Levine,Lost Stars
283,Modest Mouse,The World At Large
283,Birdy,Skinny Love
283,The Paper Kites,Bloom - Bonus Track
283,The Paper Kites,Woodland
283,The Cinematic Orchestra,To Build A Home
283,The Lumineers,Stubborn Love
283,X Ambassadors,Renegades
283,Milky Chance,Stolen Dance
283,Ed Sheeran,Photograph
283,Tom Odell,Heal
283,Mumford & Sons,Little Lion Man
283,Mumford & Sons,Awake My Soul
283,The Paper Kites,Featherstone
283,The Paper Kites,Tin Lover
283,Jess Glynne,Hold My Hand
283,Gregory Alan Isakov,Big Black Car
284,PARTYNEXTDOOR,Recognize (feat. Drake)
284,Bryson Tiller,Exchange
284,Bryson Tiller,Don't
284,Fetty Wap,My Way (feat. Monty)
284,J. Cole,Work Out
284,Chief Keef,Love Sosa
284,Jeremih,Don't Tell 'Em
284,Jeremih,Down On Me
284,50 Cent,In Da Club
284,50 Cent,Candy Shop
284,Kanye West,Gold Digger
284,Big Sean,I Don't Fuck With You
284,Fetty Wap,Again
284,Childish Gambino,Sober
284,Frank Ocean,Lost
284,Kanye West,Stronger
284,Miguel,Adorn
284,Ne-Yo,So Sick
284,Jeremih,Birthday Sex
284,Miguel,How Many Drinks?
285,Migos,Slippery (feat. Gucci Mane)
285,Travis Scott,goosebumps
285,Post Malone,Congratulations
285,Big Sean,Blessings
285,J. Cole,Wet Dreamz
285,Kendrick Lamar,HUMBLE.
285,J. Cole,No Role Modelz
285,Eminem,The Real Slim Shady
285,Future,Mask Off
285,Lil Wayne,6 Foot 7 Foot
285,Migos,Bad and Boujee (feat. Lil Uzi Vert)
285,XXXTENTACION,Look At Me!
285,Joey Bada$$,TEMPTATION
285,Meek Mill,R.I.C.O. (feat. Drake)
285,Gucci Mane,Both (feat. Drake)
285,Khalid,Location
285,Playboi Carti,Magnolia
285,French Montana,Unforgettable
285,Lil Uzi Vert,The Way Life Goes (feat. Oh Wonder)
285,A Boogie Wit da Hoodie,Drowning (feat. Kodak Black)
285,Childish Gambino,Bonfire
285,Kid Cudi,Day 'N' Nite (nightmare)
285,Rae Sremmurd,Swang
285,Kevin Gates,2 Phones
287,Russ,What They Want
287,Russ,Losin Control
287,Mac Miller,My Favorite Part
288,Girls' Generation,The Boys
288,BIGBANG,Haru Haru
288,IU,Good day
288,TAEYANG,Wedding Dress
290,Rae Sremmurd,This Could Be Us
290,Kid Ink,Hell & Back
290,Blackstreet,No Diggity
290,Lil Wayne,Right Above It
290,DJ Khaled,I'm On One
290,YG,My Nigga
290,Kendrick Lamar,Alright
291,Brad Paisley,I'm Gonna Miss Her
291,Florida Georgia Line,H.O.L.Y.
291,Blake Shelton,Sangria
291,Zac Brown Band,Toes
291,Thomas Rhett,Die A Happy Man
291,Tim McGraw,Live Like You Were Dying
291,Zac Brown Band,Colder Weather
291,Zac Brown Band,Chicken Fried
291,Zac Brown Band,Whatever It Is
291,Zac Brown Band,Loving You Easy
291,Tim McGraw,Highway Don't Care
291,Zac Brown Band,Homegrown
291,Toby Keith,I Love This Bar
291,Toby Keith,As Good As I Once Was
291,Toby Keith,Beer For My Horses
291,Dierks Bentley,I Hold On
291,Kenny Chesney,American Kids
291,Kenny Chesney,When the Sun Goes Down
291,Thomas Rhett,Make Me Wanna
291,Luke Bryan,That's My Kind Of Night
291,Luke Bryan,Play It Again
291,Billy Currington,Don't It
291,Dan + Shay,From the Ground Up
291,Keith Urban,Blue Ain't Your Color
291,Brad Paisley,Then
293,Justin Bieber,Mistletoe
293,Michael Bublé,Holly Jolly Christmas
293,Christina Aguilera,This Christmas
293,Mariah Carey,All I Want for Christmas Is You
293,Mariah Carey,O Holy Night
293,Ariana Grande,Santa Tell Me
293,Sam Smith,Have Yourself A Merry Little Christmas
293,Pentatonix,That's Christmas to Me
293,Pentatonix,"Mary, Did You Know?"
293,James Bay,Let It Go
294,Drake,One Dance
294,PARTYNEXTDOOR,Come and See Me (feat. Drake)
294,J. Cole,No Role Modelz
294,Jeremih,oui
294,Rihanna,Needed Me
294,Bryson Tiller,Don't
294,Tory Lanez,Say It
294,Kanye West,Father Stretch My Hands Pt. 1
294,Lil Uzi Vert,Money Longer
294,Kanye West,Stronger
294,Chief Keef,Love Sosa
294,Rae Sremmurd,Black Beatles
294,Jeremih,Down On Me
294,Denzel Curry,Ultimate
294,Migos,Bad and Boujee (feat. Lil Uzi Vert)
294,Big Sean,Bounce Back
294,Lil Wayne,Lollipop
294,Rae Sremmurd,Come Get Her
294,Dr. Dre,The Next Episode
294,Travis Scott,goosebumps
294,Future,Mask Off
294,Rae Sremmurd,Swang
294,Migos,Slippery (feat. Gucci Mane)
294,Gucci Mane,Both (feat. Drake)
294,A Boogie Wit da Hoodie,Drowning (feat. Kodak Black)
294,Post Malone,Congratulations
295,Wham!,Last Christmas
295,Bing Crosby,White Christmas
295,José Feliciano,Feliz Navidad
295,Mariah Carey,All I Want for Christmas Is You
295,Bryan Adams,Christmas Time
295,Elvis Presley,Blue Christmas
296,Casting Crowns,Just Be Held
297,Leslie Odom Jr.,Alexander Hamilton
298,James Bay,Let It Go
298,Bon Iver,Skinny Love
298,James Bay,Hold Back The River
298,Mumford & Sons,The Cave
298,Mumford & Sons,Awake My Soul
298,The Lumineers,Ophelia
298,Florence + The Machine,Dog Days Are Over
298,Florence + The Machine,Shake It Out
299,Destiny's Child,Say My Name
299,Destiny's Child,Bootylicious
299,Destiny's Child,Survivor
299,Destiny's Child,"Jumpin', Jumpin'"
299,Destiny's Child,Brown Eyes
299,Brandy,I Wanna Be Down
299,Ashanti,Foolish
299,Ashanti,Rock Wit U (Awww Baby)
300,Dan + Shay,From the Ground Up
301,Lana Del Rey,Young And Beautiful
301,Gotye,Hearts A Mess
302,Oasis,Champagne Supernova - Remastered
302,Dave Matthews Band,Crash into Me
302,Foster The People,Pumped Up Kicks
302,Mumford & Sons,The Cave
302,Bon Iver,Skinny Love
302,The Temper Trap,Sweet Disposition
302,The Fray,Never Say Never
302,Oasis,Wonderwall - Remastered
302,The Goo Goo Dolls,Better Days
302,The Goo Goo Dolls,Slide
302,Birdy,Skinny Love
302,Snow Patrol,Chasing Cars
302,Mumford & Sons,I Will Wait
302,The Lumineers,Stubborn Love
302,Lifehouse,Broken
302,Coldplay,Yellow
302,Coldplay,A Sky Full of Stars
302,The Black Keys,Fever
302,The Fray,Be Still
302,Hozier,Someone New
302,Hozier,Like Real People Do
302,Hozier,Cherry Wine - Live
302,Coldplay,Fix You
302,Hozier,Work Song
302,Rise Against,Swing Life Away
302,The Lumineers,Ophelia
302,JP Cooper,September Song
303,Tame Impala,Feels Like We Only Go Backwards
303,Tame Impala,Elephant
303,Tame Impala,Let It Happen
303,Tame Impala,Eventually
303,Tame Impala,The Less I Know The Better
303,Tame Impala,"New Person, Same Old Mistakes"
303,alt-J,Every Other Freckle
303,alt-J,Left Hand Free
303,alt-J,Tessellate
303,alt-J,Breezeblocks
303,Glass Animals,Gooey
304,Benny Benassi,Cinema - Skrillex Remix
304,Kid Cudi,Day 'N' Nite (nightmare)
304,Eminem,Superman
305,The Offspring,Self Esteem
305,Rage Against The Machine,Testify
305,Skrillex,Bangarang (feat. Sirah)
306,Logic,1-800-273-8255
306,Lil Uzi Vert,Erase Your Social
306,Lil Uzi Vert,The Way Life Goes (feat. Oh Wonder)
306,Lil Uzi Vert,Neon Guts (feat. Pharrell Williams)
306,Post Malone,Congratulations
306,A Boogie Wit da Hoodie,Drowning (feat. Kodak Black)
306,J. Cole,Love Yourz
306,Post Malone,I Fall Apart
306,Playboi Carti,Magnolia
306,Big Sean,Bounce Back
307,Soundgarden,Black Hole Sun
307,Pearl Jam,Jeremy
307,Foo Fighters,Everlong
307,R.E.M.,Losing My Religion
307,The Verve,Bitter Sweet Symphony
307,Oasis,Wonderwall - Remastered
307,Foo Fighters,Learn to Fly
307,Matchbox Twenty,Push
307,Dave Matthews Band,Crash into Me
307,Nirvana,Something In The Way
307,Weezer,Say It Ain't So
307,Kings of Leon,Wait for Me
307,Billy Joel,Vienna
307,Snow Patrol,Chasing Cars
307,Simon & Garfunkel,Bridge Over Troubled Water
307,Weezer,Undone - The Sweater Song
308,J. Cole,No Role Modelz
308,Lil Wayne,Lollipop
308,Rae Sremmurd,Throw Sum Mo
309,Beastie Boys,Sabotage
309,Third Eye Blind,Semi-Charmed Life
309,Foo Fighters,Best of You
309,The Offspring,"You're Gonna Go Far, Kid"
309,Guns N' Roses,Sweet Child O' Mine
309,AC/DC,Thunderstruck
309,The Beatles,Twist And Shout - Remastered 2009
309,Chuck Berry,Johnny B. Goode
309,Twenty One Pilots,Ride
309,WALK THE MOON,Shut Up and Dance
309,Bruno Mars,24K Magic
309,Macklemore & Ryan Lewis,Thrift Shop (feat. Wanz)
309,Papa Roach,Last Resort
309,Akon,Right Now (Na Na Na)
309,Will Smith,Gettin' Jiggy Wit It
309,Rage Against The Machine,Renegades Of Funk
309,fun.,Some Nights
309,The Clash,Should I Stay or Should I Go - Remastered
309,The Clash,London Calling - Remastered
309,Luis Fonsi,Despacito - Remix
310,The Game,Hate It Or Love It
310,Lil Wayne,Lollipop
310,Juelz Santana,There It Go (The Whistle Song)
310,50 Cent,Candy Shop
310,Kendrick Lamar,Alright
310,Fetty Wap,Trap Queen
311,Alfredo Olivas,El Paciente
311,Gerardo Ortiz,Quién Se Anima
311,Calibre 50,Javier El De Los Llanos
311,Gerardo Ortiz,Dámaso
312,Brooks & Dunn,Boot Scootin' Boogie
312,Alan Jackson,Good Time
312,Luke Bryan,Kick The Dust Up
312,Kid Rock,All Summer Long
313,Luis Fonsi,Despacito - Remix
314,2Pac,Dear Mama
314,Rick Ross,Aston Martin Music
314,Kevin Gates,2 Phones
314,Kevin Gates,Really Really
314,DJ Khaled,I'm On One
314,YG,My Nigga
314,Migos,Bad and Boujee (feat. Lil Uzi Vert)
314,Busta Rhymes,Don't Cha
314,Rihanna,Umbrella
314,Keri Hilson,Turnin Me On - Original Clean
314,Jeremih,Down On Me
314,Big Sean,I Don't Fuck With You
314,Kelly Rowland,Motivation
315,Kansas,Carry on Wayward Son
315,Eric Clapton,Cocaine
315,Beastie Boys,No Sleep Till Brooklyn
315,Creedence Clearwater Revival,Born On The Bayou
315,AC/DC,Thunderstruck
315,Queen,Another One Bites The Dust - Remastered 2011
315,Blue Öyster Cult,(Don't Fear) The Reaper
315,Aerosmith,Dream On
315,Queen,Bohemian Rhapsody - Remastered 2011
315,AC/DC,Dirty Deeds Done Dirt Cheap
315,Aerosmith,Walk This Way
315,Aerosmith,Sweet Emotion
315,Steve Miller Band,The Joker
315,AC/DC,Back In Black
315,AC/DC,Highway to Hell
315,AC/DC,You Shook Me All Night Long
315,Bryan Adams,Summer Of '69
316,Ginuwine,Pony
316,Frank Ocean,Novacane
316,Kendrick Lamar,Alright
316,The Weeknd,The Hills
316,Wiz Khalifa,So High (feat. Ghost Loft)
316,Fetty Wap,My Way (feat. Monty)
317,Lil Wayne,A Milli
317,Lil Wayne,6 Foot 7 Foot
317,B.o.B,HeadBand (feat. 2 Chainz)
319,Aloe Blacc,Wake Me Up - Acoustic
319,Coldplay,Yellow
319,Coldplay,The Scientist
319,Coldplay,Fix You
319,Counting Crows,Colorblind
319,Jack Johnson,Better Together
319,Jack Johnson,Banana Pancakes
319,Jack Johnson,"Sitting, Waiting, Wishing"
319,Jack Johnson,Upside Down
319,James Bay,Hold Back The River
319,James Bay,Let It Go
319,Jason Mraz,I Won't Give Up
319,Jason Mraz,I'm Yours
319,Jason Mraz,Lucky
319,The Lumineers,Stubborn Love
319,Passenger,Let Her Go
319,Plain White T's,"1, 2, 3, 4"
319,Plain White T's,Hey There Delilah
319,Plain White T's,Rhythm Of Love
319,Rise Against,Hero Of War
319,Rise Against,Swing Life Away
319,Vance Joy,Mess Is Mine
319,Vance Joy,Fire and the Flood
319,Kodaline,High Hopes
319,John Legend,All of Me
320,Milky Chance,Cocoon
320,Macklemore,Glorious (feat. Skylar Grey)
320,Khalid,8TEEN
320,blackbear,do re mi
320,French Montana,Unforgettable
320,Cage The Elephant,Cigarette Daydreams
320,Kendrick Lamar,LOVE. FEAT. ZACARI.
320,Frank Ocean,Lost
320,2 Chainz,It's A Vibe
321,Bruno Mars,Just the Way You Are
321,Bruno Mars,Grenade
321,Bruno Mars,When I Was Your Man
321,Bruno Mars,Treasure
321,Bruno Mars,24K Magic
321,Bruno Mars,That's What I Like
322,Avicii,Levels - Radio Edit
322,Crystal Castles,Vanished
322,Crystal Castles,Untrust Us
322,Ratatat,Wildcat
323,Papa Roach,Last Resort
323,Foo Fighters,Everlong
323,The Killers,Mr. Brightside
323,The Offspring,"You're Gonna Go Far, Kid"
323,Nirvana,Come As You Are
323,Daughtry,Home
323,Foo Fighters,The Pretender
323,Foo Fighters,Everlong
323,Foo Fighters,Best of You
323,Foo Fighters,Learn to Fly
323,Foo Fighters,All My Life
323,Foo Fighters,My Hero
323,Foo Fighters,Learn to Fly
323,Foo Fighters,Times Like These
323,Mumford & Sons,Believe
323,Mumford & Sons,Little Lion Man
323,The Offspring,Self Esteem
323,Pearl Jam,Yellow Ledbetter
323,Red Hot Chili Peppers,Californication
323,Red Hot Chili Peppers,Can't Stop
323,Sublime,What I Got
323,Sublime,Santeria
323,Sublime,Doin' Time
323,Sublime,Wrong Way
323,Twenty One Pilots,Ride
323,Twenty One Pilots,Stressed Out
324,Phil Wickham,This Is Amazing Grace
324,Chris Tomlin,Good Good Father
324,Pentatonix,Hallelujah
324,Chris Tomlin,At The Cross (Love Ran Red)
324,Hillsong Worship,Broken Vessels (Amazing Grace) - Live
326,Pink Floyd,Comfortably Numb
326,Pink Floyd,"Another Brick in the Wall, Pt. 2"
326,Jimi Hendrix,Purple Haze
326,Jimi Hendrix,All Along the Watchtower
326,Third Eye Blind,Jumper - 1998 Edit
326,Third Eye Blind,Semi-Charmed Life
326,Linkin Park,What I've Done
326,Foo Fighters,Learn to Fly
326,Eric Church,Springsteen
326,Pearl Jam,Alive
326,Red Hot Chili Peppers,Dani California
326,Red Hot Chili Peppers,Scar Tissue
326,The Offspring,Self Esteem
326,The Offspring,The Kids Aren't Alright
326,The Offspring,Pretty Fly (For A White Guy)
326,The Offspring,Why Don't You Get A Job
326,Jimi Hendrix,Purple Haze
326,Queen,Another One Bites The Dust - Remastered 2011
326,The Offspring,"You're Gonna Go Far, Kid"
326,Aerosmith,Sweet Emotion
326,AC/DC,Shoot to Thrill
326,AC/DC,Hells Bells
326,AC/DC,Thunderstruck
326,AC/DC,You Shook Me All Night Long
326,AC/DC,Highway to Hell
326,Creedence Clearwater Revival,Fortunate Son
326,Linkin Park,Numb
326,Linkin Park,BURN IT DOWN
326,Green Day,Basket Case
326,Green Day,American Idiot
326,Fall Out Boy,"Sugar, We're Goin Down"
326,The Killers,Human
326,Red Hot Chili Peppers,Can't Stop
326,Red Hot Chili Peppers,Otherside
326,The Killers,Mr. Brightside
326,Bob Marley & The Wailers,Three Little Birds
326,Bob Marley & The Wailers,Jamming
326,Bob Marley & The Wailers,Buffalo Soldier
326,Kool & The Gang,Celebration
326,Toby Keith,As Good As I Once Was
326,Kid Rock,Born Free
326,Billy Joel,Piano Man
326,Red Hot Chili Peppers,Californication
326,Queen,Bohemian Rhapsody - Remastered 2011
326,Guns N' Roses,Paradise City
326,Blue Öyster Cult,(Don't Fear) The Reaper
326,Elvis Presley,Jailhouse Rock
326,Aerosmith,Dream On
326,Kansas,Carry on Wayward Son
326,Guns N' Roses,Sweet Child O' Mine
326,Lynyrd Skynyrd,Gimme Three Steps
326,Van Morrison,Brown Eyed Girl
326,Lynyrd Skynyrd,Sweet Home Alabama
326,Twenty One Pilots,Stressed Out
326,Twenty One Pilots,Ride
326,Pink Floyd,Wish You Were Here
327,The Temptations,My Girl
327,The Temptations,Get Ready
327,The Beatles,Twist And Shout - Remastered 2009
327,The Beatles,Hey Jude - Remastered 2015
327,Bill Withers,Ain't No Sunshine
327,Ray Charles,Hit the Road Jack
327,Marvin Gaye,I Heard It Through The Grapevine
328,Toby Keith,A Little Less Talk And A Lot More Action
328,Eric Church,Drink In My Hand
328,Toby Keith,As Good As I Once Was
328,Brad Paisley,I'm Gonna Miss Her
328,Kenny Chesney,When the Sun Goes Down
328,Billy Currington,Good Directions
328,Zac Brown Band,Toes
328,George Strait,Amarillo By Morning
328,George Strait,Check Yes Or No
328,Jimmy Buffett,Margaritaville
328,Tim McGraw,Live Like You Were Dying
328,Tim McGraw,"I Like It, I Love It"
328,Kenny Chesney,She Thinks My Tractor's Sexy
328,Alan Jackson,Chattahoochee
328,George Strait,Troubadour
328,Alan Jackson,Freight Train
328,George Strait,Write This Down
328,George Strait,Carrying Your Love With Me
328,"Hank Williams, Jr.",Family Tradition
328,"Hank Williams, Jr.",Whiskey Bent And Hell Bound
328,Zac Brown Band,Loving You Easy
328,Darius Rucker,Don't Think I Don't Think About It
328,Josh Turner,Your Man
328,Eric Church,Like A Wrecking Ball
328,Alan Jackson,Drive (For Daddy Gene)
328,George Strait,Give It Away
328,Eric Church,Record Year
328,Josh Turner,Long Black Train
328,Brooks & Dunn,Neon Moon
328,Keith Urban,Blue Ain't Your Color
328,Chris Stapleton,Tennessee Whiskey
328,Jon Pardi,Head Over Boots
328,Billy Currington,Must Be Doin' Somethin' Right
328,Chris Stapleton,Traveller
328,Alabama,Dixieland Delight - Single Edit
328,Randy Travis,Diggin' Up Bones
328,John Denver,Thank God I'm a Country Boy
328,Kenny Rogers,The Gambler
329,Jory Boy,No Te Hagas
329,Rvssian,Privado
329,Brytiago,Netflixxx
329,Bryant Myers,Un Ratito Mas
329,Cosculluela,23
329,Rvssian,Si Tu Lo Dejas
330,Disclosure,You & Me - Flume Remix
330,Tove Lo,Habits (Stay High) - Hippie Sabotage Remix
330,Calvin Harris,Summer
330,Muse,Madness
330,Marvin Gaye,Sexual Healing - Kygo Remix
330,Sub Focus,Tidal Wave
330,DJ Snake,You Know You Like It
330,Kygo,Stole the Show
330,Kygo,Firestone
330,Armin van Buuren,This Is What It Feels Like
330,DJ Snake,Middle
330,Galantis,Runaway (U & I)
330,Galantis,Peanut Butter Jelly
330,Owl City,Verge
330,Alesso,Heroes (we could be)
330,Birdy,Keeping Your Head Up
330,Mike Posner,I Took A Pill In Ibiza - Seeb Remix
330,MØ,Final Song
330,Sigala,Easy Love
331,Boston,More Than a Feeling
331,Commodores,Easy
331,George Michael,Faith - Remastered
331,Journey,Don't Stop Believin'
331,Journey,Separate Ways (Worlds Apart)
331,Journey,Any Way You Want It
331,Lynyrd Skynyrd,Sweet Home Alabama
331,Michael Jackson,Billie Jean
331,Phil Collins,In The Air Tonight - 2015 Remastered
331,Queen,Another One Bites The Dust - Remastered 2011
331,Queen,Bohemian Rhapsody - Remastered 2011
331,Smash Mouth,All Star
331,Survivor,Eye of the Tiger
331,Will Smith,Gettin' Jiggy Wit It
331,Rush,Limelight
331,Michael Jackson,Smooth Criminal - 2012 Remaster
331,Lionel Richie,Dancing On The Ceiling
331,Foo Fighters,My Hero
331,U2,Beautiful Day
331,Tears For Fears,Shout
331,Tears For Fears,Everybody Wants To Rule The World
331,Tears For Fears,"Head Over Heels - Dave Bascombe 7"" N.Mix"
331,The Temptations,Just My Imagination (Running Away With Me)
331,Starship,We Built This City
331,John Mellencamp,Small Town
331,Huey Lewis & The News,Hip To Be Square
331,Huey Lewis & The News,Heart And Soul
331,Don Henley,The Boys Of Summer
331,Wham!,Everything She Wants
331,Rick Astley,Never Gonna Give You Up
331,Eurythmics,Sweet Dreams (Are Made of This) - Remastered
331,Soft Cell,Tainted Love
331,Prince,When Doves Cry
331,The Jackson 5,Dancing Machine
331,The Jackson 5,ABC
331,James Brown,Papa's Got A Brand New Bag
331,Bon Jovi,Livin' On A Prayer
331,Prince,When Doves Cry
331,Cyndi Lauper,Time After Time
331,Queen,Under Pressure - Remastered 2011
331,Green Day,Good Riddance (Time of Your Life)
332,Julión Álvarez y su Norteño Banda,Terrenal
332,Julión Álvarez y su Norteño Banda,Te Hubieras Ido Antes
332,Duelo,Malabares
332,Marc Anthony,Vivir Mi Vida
332,La Arrolladora Banda El Limón De Rene Camacho,El Ruido De Tus Zapatos
332,Banda Los Recoditos,En Resumen
332,Enrique Iglesias,El Perdedor
332,Enrique Iglesias,Cuando Me Enamoro
332,El Komander,Cuernito Armani
333,Hans Zimmer,Time
334,Weezer,Island In The Sun
334,The Prodigy,Firestarter
334,The Offspring,Self Esteem
334,Nirvana,Come As You Are
334,Beastie Boys,Sabotage
334,Nirvana,Heart-Shaped Box
334,Foo Fighters,Everlong
334,Nirvana,Smells Like Teen Spirit
334,Nirvana,All Apologies
334,Pearl Jam,Even Flow
334,R.E.M.,Nightswimming
334,R.E.M.,Everybody Hurts
334,R.E.M.,Losing My Religion
334,Nirvana,Smells Like Teen Spirit
334,Pearl Jam,Even Flow
334,Sublime,What I Got
334,Pearl Jam,Jeremy
334,Counting Crows,Mr. Jones
334,Weezer,Buddy Holly
334,Third Eye Blind,Semi-Charmed Life
334,Pearl Jam,Alive
334,Korn,Freak On a Leash
334,Incubus,Drive
334,Green Day,Basket Case
334,Pearl Jam,Even Flow
334,Foo Fighters,Everlong
334,Nirvana,Come As You Are
334,Nirvana,Smells Like Teen Spirit
334,3 Doors Down,Kryptonite
334,blink-182,All The Small Things
334,Weezer,Island In The Sun
334,Tears For Fears,Shout
334,Colbie Caillat,Bubbly
334,The Killers,Mr. Brightside
334,The Script,The Man Who Can't Be Moved
334,Radiohead,Creep
334,Cypress Hill,Insane in the Brain
334,Sublime,Santeria
334,blink-182,Dammit
334,Green Day,Good Riddance (Time of Your Life)
334,Green Day,When I Come Around
334,The Goo Goo Dolls,Slide
334,Red Hot Chili Peppers,Give It Away
335,NAV,Myself
335,Travis Scott,goosebumps
335,Lil Uzi Vert,Money Longer
335,XXXTENTACION,Look At Me!
335,Migos,Slippery (feat. Gucci Mane)
335,Russ,What They Want
335,Lil Uzi Vert,Neon Guts (feat. Pharrell Williams)
335,Bryson Tiller,Don't
335,ScHoolboy Q,THat Part
335,Kendrick Lamar,HUMBLE.
335,Future,Mask Off
335,Playboi Carti,Magnolia
335,Rae Sremmurd,No Type
335,Rae Sremmurd,Throw Sum Mo
335,Migos,Bad and Boujee (feat. Lil Uzi Vert)
335,Rae Sremmurd,Swang
335,A Boogie Wit da Hoodie,Drowning (feat. Kodak Black)
335,Ski Mask The Slump God,Take A Step Back
335,Gucci Mane,Both (feat. Drake)
335,A Boogie Wit da Hoodie,My Shit
335,Ski Mask The Slump God,Catch Me Outside
335,2 Chainz,It's A Vibe
335,Big Sean,Bounce Back
335,YG,Who Do You Love?
335,Lil Uzi Vert,The Way Life Goes (feat. Oh Wonder)
335,XXXTENTACION,Jocelyn Flores
335,Post Malone,Congratulations
335,Logic,1-800-273-8255
335,Kodak Black,Transportin'
335,Yo Gotti,Down In the DM
336,Eurythmics,Sweet Dreams (Are Made of This) - Remastered
336,Marvin Gaye,Ain't No Mountain High Enough
336,Michael Bolton,When a Man Loves a Woman
337,Daughtry,Waiting for Superman
337,Bruno Mars,Treasure
337,Bruno Mars,Grenade
337,Becky G,Shower
338,OneRepublic,Good Life
338,OneRepublic,Secrets
338,Jason Mraz,I'm Yours
338,Coldplay,A Sky Full of Stars
338,Maroon 5,Maps
338,WALK THE MOON,Shut Up and Dance
338,WALK THE MOON,Anna Sun
338,The Weeknd,The Hills
338,Nick Jonas,Close
338,Nick Jonas,Jealous - Remix
338,Foster The People,Pumped Up Kicks
338,Two Door Cinema Club,What You Know
338,Of Monsters and Men,Little Talks
338,Cage The Elephant,Cigarette Daydreams
338,Journey,Don't Stop Believin'
338,Vance Joy,Riptide
338,Queen,Bohemian Rhapsody - Remastered 2011
338,George Ezra,Budapest
338,The Lumineers,Ophelia
338,Bryan Adams,Summer Of '69
338,X Ambassadors,Renegades
338,The Lumineers,Ho Hey
338,Mumford & Sons,I Will Wait
338,Vance Joy,Mess Is Mine
338,OneRepublic,Counting Stars
338,Of Monsters and Men,Dirty Paws
338,Maroon 5,Animals
338,Arctic Monkeys,Do I Wanna Know?
338,Mumford & Sons,Little Lion Man
338,James Bay,Hold Back The River
338,Mumford & Sons,Believe
338,Arctic Monkeys,R U Mine?
338,The Lumineers,Stubborn Love
338,Hozier,Someone New
338,The Lumineers,Cleopatra
338,Vance Joy,Georgia
338,George Ezra,Barcelona
338,The Lumineers,Sleep On The Floor
338,Mumford & Sons,Tompkins Square Park
338,fun.,Carry On
339,Chris Tomlin,Amazing Grace (My Chains Are Gone)
339,Chris Tomlin,At The Cross (Love Ran Red)
339,Hillsong Worship,This I Believe (The Creed) - Live
339,Elevation Worship,Do It Again
341,Frank Ocean,Lost
341,Childish Gambino,Redbone
341,Arctic Monkeys,Why'd You Only Call Me When You're High?
341,Tame Impala,The Less I Know The Better
341,Frank Ocean,Chanel
341,Cage The Elephant,Cigarette Daydreams
341,Frank Ocean,Ivy
341,Frank Ocean,Thinkin Bout You
341,Cage The Elephant,Trouble
341,Childish Gambino,Sober
341,Kendrick Lamar,LOVE. FEAT. ZACARI.
341,Khalid,Location
341,MGMT,Time to Pretend
341,Cage The Elephant,Come a Little Closer
341,Queens of the Stone Age,Make It Wit Chu
341,Tame Impala,"New Person, Same Old Mistakes"
341,Joey Bada$$,TEMPTATION
341,Russ,Cherry Hill
341,J. Cole,No Role Modelz
341,Foster The People,Sit Next to Me
341,Foster The People,Lotus Eater
341,Erykah Badu,Other Side Of The Game
341,Thundercat,Them Changes
341,Thundercat,Walk On By
342,Robin Thicke,Blurred Lines
342,Gotye,Somebody That I Used To Know
342,Fetty Wap,My Way (feat. Monty)
342,Ying Yang Twins,Shake
342,LMFAO,Shots
342,Missy Elliott,Lose Control (feat. Ciara & Fat Man Scoop)
342,50 Cent,In Da Club
342,Missy Elliott,Get Ur Freak On
342,Ludacris,How Low
342,Michael Jackson,Billie Jean
342,LMFAO,Party Rock Anthem
342,Jessie J,Bang Bang
342,Skrillex,Bangarang (feat. Sirah)
342,Enrique Iglesias,Bailando - Spanish Version
342,DJ Snake,Turn Down for What
342,Missy Elliott,Work It
342,George Michael,Freedom! '90 - Remastered
342,Pharrell Williams,"Happy - From ""Despicable Me 2"""
342,Incubus,Are You In?
342,Jessie J,Bang Bang
342,Bon Jovi,I'll Be There For You
342,The Outfield,Your Love
342,Richard Marx,Right Here Waiting
342,Roxette,Listen To Your Heart
342,Bryan Adams,Heaven
342,Guns N' Roses,Patience
342,REO Speedwagon,Can't Fight This Feeling
342,Bon Jovi,Wanted Dead Or Alive
342,Journey,Open Arms
342,Richard Marx,Endless Summer Nights
342,Whitesnake,Here I Go Again
342,Bon Jovi,I'll Be There For You
342,The Outfield,Your Love
342,Richard Marx,Right Here Waiting
342,Roxette,Listen To Your Heart
342,Bryan Adams,Heaven
342,Guns N' Roses,Patience
342,REO Speedwagon,Can't Fight This Feeling
342,Bon Jovi,Wanted Dead Or Alive
342,Journey,Open Arms
342,Richard Marx,Endless Summer Nights
342,Whitesnake,Here I Go Again
342,Whitesnake,Here I Go Again
342,Michael Jackson,Billie Jean
343,AC/DC,Highway to Hell
343,Aerosmith,Dream On
343,AC/DC,Back In Black
343,Lynyrd Skynyrd,Sweet Home Alabama
343,Kid Rock,All Summer Long
343,Guns N' Roses,Welcome To The Jungle
343,Lynyrd Skynyrd,Sweet Home Alabama
343,The Who,Who Are You
343,Boston,Peace of Mind
343,Aerosmith,Sweet Emotion
343,Guns N' Roses,Sweet Child O' Mine
343,Van Morrison,Brown Eyed Girl
343,Lynyrd Skynyrd,Gimme Three Steps
343,Creedence Clearwater Revival,Fortunate Son
343,Bryan Adams,Summer Of '69
343,John Mellencamp,Jack & Diane
343,John Mellencamp,Hurts So Good
344,The Temptations,My Girl
344,The Temptations,Just My Imagination (Running Away With Me)
346,Jonas Blue,Perfect Strangers
346,Jonas Blue,Fast Car
346,Logic,1-800-273-8255
348,Lorde,Perfect Places
348,Lorde,Green Light
348,Troye Sivan,YOUTH
348,Alessia Cara,Wild Things
348,Two Door Cinema Club,What You Know
348,Disclosure,Magnets
348,LANY,pink skies
348,Bastille,Good Grief
348,Tame Impala,The Less I Know The Better
348,Glass Animals,Gooey
348,MGMT,Kids
348,Red Hot Chili Peppers,Californication
348,Miley Cyrus,Malibu
348,Cage The Elephant,Cigarette Daydreams
348,Arctic Monkeys,Why'd You Only Call Me When You're High?
348,LANY,13
348,LANY,ILYSB - STRIPPED
348,The 1975,Somebody Else
348,Lorde,Supercut
348,LANY,ILYSB
348,The Wombats,Greek Tragedy
348,Lorde,Liability
348,The 1975,Robbers
348,Kodaline,All I Want
348,Childish Gambino,Sober
348,Billie Eilish,idontwannabeyouanymore
348,Lauv,I Like Me Better
348,Khalid,8TEEN
348,Khalid,Young Dumb & Broke
348,Khalid,Location
348,Paramore,Hard Times
348,Halsey,Bad At Love
348,Jaymes Young,Feel Something
348,Foster The People,Sit Next to Me
348,Marshmello,Silence
348,Dua Lipa,New Rules
348,Lord Huron,The Night We Met
348,Daniel Caesar,Get You (feat. Kali Uchis)
348,Billie Eilish,Bored
349,Steve Aoki,Just Hold On
349,Robin Schulz,Sugar (feat. Francesco Yates)
349,AJR,Weak
349,MIKA,Grace Kelly
349,Macklemore,Glorious (feat. Skylar Grey)
349,Sean Paul,Temperature
350,Jon Z,Nunca Me Amo
350,Ozuna,Se Preparó
350,Becky G,Mayores
350,Cosculluela,Guaya
350,Plan B,Fanática Sensual
350,Brytiago,Netflixxx
350,Bryant Myers,Un Ratito Mas
350,Rvssian,Si Tu Lo Dejas
350,Manuel Turizo,Una Lady Como Tú
350,Ozuna,Se Preparó
350,Maluma,Felices los 4
350,Danny Ocean,Me Rehúso
351,Mike Posner,I Took A Pill In Ibiza - Seeb Remix
351,Kygo,Stole the Show
351,Tove Lo,Habits (Stay High) - Hippie Sabotage Remix
351,The Chainsmokers,Roses
351,DJ Snake,Middle
351,Yo Gotti,Down In the DM
351,Alan Walker,Faded
351,Jeremih,oui
351,Fetty Wap,Again
353,Jaymes Young,I'll Be Good
354,Bob Dylan,The Times They Are A-Changin'
354,Mötley Crüe,Kickstart My Heart
354,Linkin Park,One Step Closer
354,The Doors,Roadhouse Blues
354,Aerosmith,Sweet Emotion
354,Cream,White Room
354,Cream,Sunshine Of Your Love
354,Jimi Hendrix,Voodoo Child (Slight Return)
354,Lynyrd Skynyrd,Tuesday's Gone
354,Mötley Crüe,Dr. Feelgood
354,Mötley Crüe,"Girls, Girls, Girls"
354,Nine Inch Nails,Head Like A Hole
354,Pantera,Becoming
354,Queen,Another One Bites The Dust - Remastered 2011
354,Soundgarden,Spoonman
354,Blue Öyster Cult,(Don't Fear) The Reaper
354,Eric Clapton,Cocaine
354,Lynyrd Skynyrd,Simple Man
354,The Animals,House Of The Rising Sun
354,Bob Dylan,The Times They Are A-Changin'
355,Iggy Azalea,Black Widow
355,Iggy Azalea,Fancy
355,Katy Perry,Dark Horse
355,Jason Derulo,Whatcha Say
355,Rihanna,Umbrella
355,Taio Cruz,Dynamite
355,Gwen Stefani,Hollaback Girl
355,Shaggy,It Wasn't Me
355,R. Kelly,Ignition - Remix
355,Justin Timberlake,Rock Your Body
355,Kanye West,Gold Digger
355,Beyoncé,Halo
355,The Pussycat Dolls,When I Grow Up
355,Miley Cyrus,Party In The U.S.A.
355,Britney Spears,Toxic
355,Owl City,Fireflies
355,Fergie,Fergalicious
355,Kesha,TiK ToK
355,Kesha,Your Love Is My Drug
355,Lady Gaga,Bad Romance
355,Soulja Boy,Crank That (Soulja Boy)
355,Far East Movement,Like A G6
355,Maroon 5,She Will Be Loved - Radio Mix
355,Jason Mraz,I'm Yours
355,Lil Wayne,Mirror
355,Nicki Minaj,Starships
355,Maroon 5,Payphone
355,Kanye West,Heartless
355,will.i.am,Scream & Shout
355,Nicki Minaj,Super Bass
355,*NSYNC,Bye Bye Bye
355,fun.,Some Nights
356,Future,Mask Off
356,Disclosure,Help Me Lose My Mind
356,Halsey,Walls Could Talk
357,Drake,One Dance
357,Rihanna,Needed Me
357,Kanye West,Father Stretch My Hands Pt. 1
357,The Rolling Stones,Gimme Shelter
357,Hans Zimmer,Time
357,Al Green,Love and Happiness
357,Frank Ocean,Ivy
357,Frank Ocean,Pink + White
357,Future,Mask Off
358,Ariana Grande,One Last Time
358,Iggy Azalea,Black Widow
358,Iggy Azalea,Fancy
358,Ellie Goulding,"Love Me Like You Do - From ""Fifty Shades Of Grey"""
358,Fergie,Big Girls Don't Cry (Personal)
358,Lorde,Team
358,Lorde,Royals
358,Justin Bieber,Love Yourself
358,Sia,Cheap Thrills
358,Meghan Trainor,Better When I'm Dancin'
358,Selena Gomez & The Scene,Love You Like A Love Song
358,Miley Cyrus,Party In The U.S.A.
358,Tove Lo,Talking Body
358,Tove Lo,Habits (Stay High)
358,Iggy Azalea,Fancy
358,Meghan Trainor,NO
358,Lukas Graham,7 Years
358,The Chainsmokers,Roses
358,Little Mix,Black Magic
358,Jason Derulo,Want to Want Me
358,Sia,Chandelier
358,Demi Lovato,Heart Attack
358,Maroon 5,One More Night
358,Sara Bareilles,Brave
358,Sara Bareilles,Love Song
358,Beyoncé,Halo
358,Ed Sheeran,Photograph
358,Sia,Elastic Heart
358,Fifth Harmony,BO$$
358,Jessie J,Bang Bang
358,Fergie,Glamorous
358,CeeLo Green,Fuck You
358,Beyoncé,Love On Top
358,Adele,When We Were Young
358,The Chainsmokers,Don't Let Me Down
358,Ruth B.,Lost Boy
358,Alicia Keys,No One
358,Alicia Keys,Empire State of Mind (Part II) Broken Down
358,Colbie Caillat,Try
359,Akon,I Wanna Love You
359,Taio Cruz,Break Your Heart
359,Busta Rhymes,Don't Cha
359,The Pussycat Dolls,When I Grow Up
359,Gwen Stefani,Rich Girl
359,Rihanna,Pon de Replay
359,Rihanna,Don't Stop The Music
359,Shaggy,Angel
359,Macklemore & Ryan Lewis,Thrift Shop (feat. Wanz)
359,Britney Spears,Oops!...I Did It Again
359,*NSYNC,Bye Bye Bye
359,Kanye West,Heartless
359,Backstreet Boys,I Want It That Way
359,The Jackson 5,I Want You Back
359,R. Kelly,Ignition - Remix
359,Backstreet Boys,Larger Than Life
359,Nickelback,Rockstar
359,Ne-Yo,So Sick
359,Soulja Boy,Kiss Me Thru The Phone
359,Simple Plan,Perfect
359,The Lumineers,Ho Hey
359,Christina Perri,Jar of Hearts
359,Jeremih,Down On Me
359,Daughtry,Over You
360,Empire of the Sun,Alive
360,Fat Joe,All The Way Up (Remix)
360,Sia,Cheap Thrills
360,The Chainsmokers,Closer
360,The Chainsmokers,Don't Let Me Down
360,Sigala,Easy Love
360,MØ,Final Song
360,Twenty One Pilots,Heathens
360,Lykke Li,I Follow Rivers - The Magician Remix
360,MØ,Kamikaze
360,DJ Snake,Let Me Love You
360,DJ Snake,Middle
360,Flo Rida,My House
360,Drake,One Dance
360,Calvin Harris,This Is What You Came For
360,Fetty Wap,Trap Queen
360,Twenty One Pilots,Ride
360,Queen,Under Pressure - Remastered 2011
360,Tom Petty and the Heartbreakers,American Girl
360,Van Morrison,Brown Eyed Girl
360,Weezer,Island In The Sun
360,Dave Matthews Band,Ants Marching
360,Disclosure,You & Me - Flume Remix
360,Martin Garrix,In the Name of Love
360,Hailee Steinfeld,Starving
360,Migos,Bad and Boujee (feat. Lil Uzi Vert)
360,Migos,Bad and Boujee (feat. Lil Uzi Vert)
360,The Chainsmokers,Paris
360,Big Sean,Bounce Back
360,The Weeknd,Starboy
360,Machine Gun Kelly,Bad Things (with Camila Cabello)
360,Rae Sremmurd,Black Beatles
360,Hailee Steinfeld,Starving
360,The Chainsmokers,Something Just Like This
360,Bruno Mars,That's What I Like
360,Post Malone,Congratulations
360,Future,Mask Off
360,Marshmello,Silence
360,Kendrick Lamar,HUMBLE.
360,Dua Lipa,New Rules
360,Khalid,Location
360,Childish Gambino,Redbone
361,alt-J,Breezeblocks
361,Yeah Yeah Yeahs,Maps
361,Kimbra,Settle Down
361,Calvin Harris,Feel So Close - Radio Edit
361,The Offspring,"You're Gonna Go Far, Kid"
361,Of Monsters and Men,Dirty Paws
361,Florence + The Machine,Shake It Out
361,Florence + The Machine,Dog Days Are Over
361,Mike Posner,Cooler Than Me - Single Mix
361,Vance Joy,Riptide
361,George Ezra,Budapest
361,Benny Benassi,Satisfaction
361,The Offspring,Why Don't You Get A Job
361,Calvin Harris,My Way
362,Little Mix,Love Me Like You
362,Nicki Minaj,Only
362,Plain White T's,Hey There Delilah
362,Shania Twain,Man! I Feel Like A Woman!
362,Shania Twain,That Don't Impress Me Much
362,Shania Twain,You're Still The One
362,Sam Smith,Stay With Me
362,Sam Smith,I'm Not The Only One
362,The Neighbourhood,Sweater Weather
362,Alessia Cara,Here
362,Maroon 5,She Will Be Loved - Radio Mix
362,OneRepublic,Apologize
362,Eminem,Love The Way You Lie
362,Beyoncé,Halo
362,Britney Spears,Oops!...I Did It Again
362,The Vamps,Can We Dance
362,Maroon 5,This Love
362,Britney Spears,...Baby One More Time
362,Adele,Make You Feel My Love
362,Drake,One Dance
362,Rihanna,Needed Me
362,Paramore,The Only Exception
362,Michael Bublé,Home
362,X Ambassadors,Unsteady
362,Kelly Clarkson,Because of You
362,Twenty One Pilots,Car Radio
362,No Doubt,Don't Speak
362,Ed Sheeran,Shape of You
362,Ed Sheeran,Perfect
362,Rihanna,Love On The Brain
362,No Doubt,Just A Girl
362,Future,Mask Off
362,Fergie,Fergalicious
362,Sam Hunt,Take Your Time
362,Jason Aldean,Big Green Tractor
362,Billy Currington,Must Be Doin' Somethin' Right
362,Miranda Lambert,Mama's Broken Heart
362,Paramore,Misery Business
362,Avril Lavigne,When You're Gone
362,Avril Lavigne,I'm with You
362,Avril Lavigne,Complicated
362,Khalid,Young Dumb & Broke
362,2 Chainz,It's A Vibe
362,Harry Styles,Sign of the Times
362,Khalid,Location
362,Russ,Losin Control
362,A Boogie Wit da Hoodie,Drowning (feat. Kodak Black)
362,Fleetwood Mac,Landslide
362,Lynyrd Skynyrd,Tuesday's Gone
362,Niall Horan,Slow Hands
362,Gotye,Somebody That I Used To Know
362,Childish Gambino,Redbone
362,John Mayer,Gravity
362,Brett Young,In Case You Didn't Know
362,Thomas Rhett,Die A Happy Man
362,Chris Young,I'm Comin' Over
362,Sam Hunt,Body Like A Back Road
362,Brett Eldredge,Wanna Be That Song
362,The Fray,How to Save a Life
362,Sam Hunt,Make You Miss Me
362,Soulja Boy,Kiss Me Thru The Phone
362,Niall Horan,Too Much To Ask
362,Niall Horan,Flicker
363,Mötley Crüe,Home Sweet Home
363,Mötley Crüe,Kickstart My Heart
363,Mötley Crüe,Dr. Feelgood
363,Mötley Crüe,"Girls, Girls, Girls"
363,Ozzy Osbourne,"Mama, I'm Coming Home"
363,Europe,The Final Countdown
363,Europe,Rock the Night
363,Survivor,Eye of the Tiger
363,Aerosmith,Dream On
363,Whitesnake,Here I Go Again
363,KISS,I Was Made For Lovin' You
363,KISS,Rock And Roll All Nite
363,KISS,Love Gun
363,KISS,Crazy Crazy Nights
363,Journey,Don't Stop Believin'
363,Journey,Faithfully
363,Journey,Wheel in the Sky
363,Aerosmith,Dude (Looks Like A Lady)
363,Journey,Any Way You Want It
363,REO Speedwagon,Can't Fight This Feeling
363,Boston,More Than a Feeling
363,Lynyrd Skynyrd,Sweet Home Alabama
363,Creedence Clearwater Revival,Fortunate Son
363,Creedence Clearwater Revival,Born On The Bayou
363,Queen,Another One Bites The Dust - Remastered 2011
363,The Who,Baba O'Riley
363,Aerosmith,Sweet Emotion
363,The Animals,House Of The Rising Sun
363,Lynyrd Skynyrd,Simple Man
363,Creedence Clearwater Revival,Bad Moon Rising
363,Don McLean,American Pie
363,The Kinks,All Day and All of the Night
363,Creedence Clearwater Revival,Down On The Corner
363,Kansas,Carry on Wayward Son
363,Van Morrison,Brown Eyed Girl
363,Blue Öyster Cult,(Don't Fear) The Reaper
363,AC/DC,Thunderstruck
363,Frank Sinatra,My Way
363,Kid Rock,All Summer Long
363,Lynyrd Skynyrd,Gimme Three Steps
363,Guns N' Roses,Paradise City
363,Guns N' Roses,Welcome To The Jungle
363,KISS,Heaven's On Fire
363,Guns N' Roses,Knockin' On Heaven's Door
364,Fetty Wap,My Way (feat. Monty)
364,Milky Chance,Stolen Dance
364,DJ Snake,You Know You Like It
364,Fetty Wap,Trap Queen
364,WALK THE MOON,Shut Up and Dance
364,Jason Derulo,Want to Want Me
364,Fetty Wap,679 (feat. Remy Boyz)
364,Fetty Wap,679 (feat. Remy Boyz)
364,Avicii,The Nights
364,Galantis,Runaway (U & I)
364,Tove Lo,Talking Body
364,Nick Jonas,Levels
364,Justin Bieber,Sorry
364,Justin Bieber,What Do You Mean?
364,The Chainsmokers,Roses
364,Fetty Wap,Trap Queen
364,Galantis,Runaway (U & I)
364,Don Omar,Danza Kuduro
364,B.o.B,HeadBand (feat. 2 Chainz)
365,alt-J,Breezeblocks
365,Phoenix,Lisztomania
365,Two Door Cinema Club,Undercover Martyn
365,Arctic Monkeys,Why'd You Only Call Me When You're High?
365,Milky Chance,Down By The River
365,Phoenix,1901
365,Arctic Monkeys,Fluorescent Adolescent
365,Two Door Cinema Club,What You Know
365,The Strokes,Last Nite
365,Tame Impala,The Less I Know The Better
365,The Black Keys,Tighten Up
365,Cage The Elephant,Trouble
365,Of Monsters and Men,Crystals
365,The National,I Need My Girl
365,Of Monsters and Men,Empire
365,The Strokes,Someday
365,X Ambassadors,Unsteady
365,Modest Mouse,Ocean Breathes Salty
365,alt-J,Tessellate
365,Red Hot Chili Peppers,Scar Tissue
365,Foster The People,Pumped Up Kicks
365,Modest Mouse,Dramamine
365,X Ambassadors,Renegades
365,Arcade Fire,The Suburbs
365,Of Monsters and Men,Mountain Sound
365,alt-J,Left Hand Free
365,Arctic Monkeys,Do I Wanna Know?
365,Arctic Monkeys,Arabella
365,MGMT,Electric Feel
365,Tame Impala,Feels Like We Only Go Backwards
365,Empire of the Sun,Walking On A Dream
365,alt-J,Something Good
365,Modest Mouse,Float On
365,Modest Mouse,Dashboard
366,John Legend,All of Me
366,Nirvana,Come As You Are
366,Nirvana,Lithium
366,Nirvana,Heart-Shaped Box
366,Nirvana,Come As You Are
367,Maroon 5,Sugar
367,Ellie Goulding,"Love Me Like You Do - From ""Fifty Shades Of Grey"""
367,Fall Out Boy,My Songs Know What You Did In The Dark (Light Em Up)
367,All Time Low,"Dear Maria, Count Me In"
367,Adam Levine,Lost Stars
367,Maroon 5,Maps
367,Maroon 5,Payphone
367,Maroon 5,This Love
367,Jennifer Lopez,On The Floor
367,Kelly Clarkson,Since U Been Gone
367,Kelly Clarkson,Breakaway
367,Kelly Clarkson,My Life Would Suck Without You
367,Foo Fighters,Learn to Fly
367,Foo Fighters,Walk
367,Justin Bieber,Sorry
367,Justin Bieber,What Do You Mean?
367,Demi Lovato,Confident
367,OneRepublic,Counting Stars
367,P!nk,Raise Your Glass
367,Muse,Uprising
367,Foo Fighters,The Pretender
367,Foo Fighters,Everlong
367,Foo Fighters,Best of You
367,All Time Low,Weightless
367,Miley Cyrus,Wrecking Ball
367,P!nk,Try
367,Fall Out Boy,Thnks fr th Mmrs
367,Panic! At The Disco,Victorious
367,Panic! At The Disco,I Write Sins Not Tragedies
367,Nick Jonas,Close
367,blink-182,I Miss You
367,Backstreet Boys,I Want It That Way
367,The Killers,When You Were Young
367,Rage Against The Machine,Bulls On Parade
367,One Direction,Story of My Life
367,One Direction,Night Changes
367,Nightwish,Élan
367,Smash Mouth,All Star
367,Sara Bareilles,Love Song
367,Sara Bareilles,I Choose You
367,Arctic Monkeys,Do I Wanna Know?
367,Ellie Goulding,"Still Falling For You - From ""Bridget Jones's Baby"""
367,Sia,Cheap Thrills
367,Green Day,American Idiot
367,Queen,Bohemian Rhapsody - Remastered 2011
367,Coldplay,A Sky Full of Stars
368,A Tribe Called Quest,Can I Kick It?
368,Childish Gambino,Redbone
368,Mos Def,Mathematics
368,Childish Gambino,Me and Your Mama
368,Kanye West,Homecoming
368,Kanye West,Bound 2
368,Blackstreet,No Diggity
369,Willie Colón,La Murga
369,Marc Anthony,Vivir Mi Vida
369,Willie Colón,Todo Tiene Su Final
369,Marc Anthony,Tu Amor Me Hace Bien - Salsa Version
369,Gilberto Santa Rosa,Conteo Regresivo - Salsa Version
369,Gilberto Santa Rosa,Conciencia
369,Gilberto Santa Rosa,Que Alguien Me Diga
369,Gilberto Santa Rosa,La Agarro Bajando
369,Willie Colón,Todo Tiene Su Final
369,Rubén Blades,Pedro Navaja
370,Nat King Cole,The Christmas Song (Merry Christmas To You)
370,Bing Crosby,White Christmas
370,Bing Crosby,It's Beginning To Look A Lot Like Christmas
370,Ella Fitzgerald,Sleigh Ride
370,Nat King Cole,Deck The Halls
370,Mariah Carey,All I Want for Christmas Is You
370,Wham!,Last Christmas
370,José Feliciano,Feliz Navidad
370,Vince Guaraldi Trio,Linus And Lucy
370,The Jackson 5,I Saw Mommy Kissing Santa Claus
370,Gene Autry,Rudolph the Red-Nosed Reindeer
370,Tony Bennett,O Christmas Tree
370,Andy Williams,It's the Most Wonderful Time of the Year
370,Justin Bieber,Mistletoe
371,Kodaline,All I Want
371,Hozier,Cherry Wine - Live
373,Mumford & Sons,I Will Wait
373,Mumford & Sons,Believe
373,Kesha,Praying
373,James Arthur,Can I Be Him
373,The Lumineers,Ho Hey
373,The Lumineers,Stubborn Love
373,The Lumineers,Sleep On The Floor
373,The Lumineers,Ophelia
373,The Lumineers,Cleopatra
373,Khalid,Location
373,Hozier,Cherry Wine - Live
373,Kodaline,All I Want
373,James Bay,Hold Back The River
373,X Ambassadors,Renegades
373,Passenger,Let Her Go
373,Calum Scott,Dancing On My Own
373,X Ambassadors,Unsteady
373,Ruth B.,Lost Boy
373,P!nk,What About Us
373,Little Mix,Shout Out to My Ex
373,Labrinth,Jealous
373,Rag'n'Bone Man,Skin
373,The Script,The Man Who Can't Be Moved
373,Sam Smith,Too Good At Goodbyes
374,Electric Light Orchestra,Mr. Blue Sky
374,Yusuf / Cat Stevens,Father And Son
374,The Jackson 5,I Want You Back
374,Guns N' Roses,Sweet Child O' Mine
374,Marvin Gaye,Ain't No Mountain High Enough
374,Kansas,Carry on Wayward Son
374,Billy Joel,Piano Man
374,Bill Withers,Lean on Me
374,Jimmy Buffett,Margaritaville
374,The Beatles,Hey Jude - Remastered 2015
374,The Beatles,Twist And Shout - Remastered 2009
374,Foster The People,Pumped Up Kicks
374,Weezer,Beverly Hills
374,The Beach Boys,I Get Around (Mono)
374,Bryan Adams,Summer Of '69
374,Neil Diamond,Sweet Caroline
374,Lynyrd Skynyrd,Sweet Home Alabama
374,Bon Jovi,Wanted Dead Or Alive
374,Soft Cell,Tainted Love
374,Gloria Gaynor,I Will Survive
374,Bon Jovi,You Give Love A Bad Name
374,The Killers,Mr. Brightside
374,Queen,Another One Bites The Dust - Remastered 2011
374,Lynyrd Skynyrd,Free Bird
374,Bon Jovi,Livin' On A Prayer
374,Van Morrison,Brown Eyed Girl
374,Billy Joel,My Life
374,The Animals,House Of The Rising Sun
374,Kansas,Dust in the Wind
374,The White Stripes,Seven Nation Army
374,Billy Joel,It's Still Rock and Roll to Me
374,Queen,Bohemian Rhapsody - Remastered 2011
374,AC/DC,Highway to Hell
374,Europe,The Final Countdown
374,Aerosmith,Sweet Emotion
374,Electric Light Orchestra,Evil Woman
374,Supertramp,Goodbye Stranger - 2010 Remastered
374,The Cars,Just What I Needed
374,The Cars,My Best Friend's Girl
374,The Cars,Good Times Roll
374,REO Speedwagon,Can't Fight This Feeling
374,Elton John,Don't Go Breaking My Heart
374,Boston,More Than a Feeling
374,ABBA,Dancing Queen
374,Michael Jackson,Billie Jean
375,Rascal Flatts,Bless The Broken Road
375,The Goo Goo Dolls,Black Balloon
375,The Goo Goo Dolls,Here Is Gone
375,The Goo Goo Dolls,Slide
375,All Time Low,Remembering Sunday
375,Sublime,Santeria
375,John Mayer,Your Body Is a Wonderland
375,blink-182,First Date
375,blink-182,Dammit
375,John Mayer,Gravity
375,Matchbox Twenty,3AM
375,Sum 41,With Me
375,Mumford & Sons,Believe
375,Mumford & Sons,Little Lion Man
375,Mumford & Sons,The Cave
375,Matchbox Twenty,Push
375,John Mayer,You're Gonna Live Forever in Me
375,Amy Winehouse,"Valerie - Live At BBC Radio 1 Live Lounge, London / 2007"
376,Birdy,Skinny Love
376,Sam Smith,Stay With Me
376,Alesso,Heroes (we could be)
376,Jeremih,Planez
376,Rae Sremmurd,Throw Sum Mo
376,Trey Songz,Neighbors Know My Name
376,Fetty Wap,Trap Queen
376,Trey Songz,Slow Motion
376,Avicii,Waiting For Love
376,J. Cole,Work Out
376,Alessia Cara,Here
376,Rae Sremmurd,This Could Be Us
376,Marvin Gaye,Sexual Healing - Kygo Remix
376,The Chainsmokers,Roses
376,Fetty Wap,679 (feat. Remy Boyz)
376,Fetty Wap,Again
376,Macklemore & Ryan Lewis,"Downtown (feat. Melle Mel, Grandmaster Caz, Kool Moe Dee & Eric Nally)"
376,Zara Larsson,Never Forget You
376,DJ Snake,You Know You Like It
376,Phoenix,Lisztomania
376,Foster The People,Helena Beat
376,Mumford & Sons,I Will Wait
376,Mumford & Sons,Believe
376,R. Kelly,Cookie
378,Blake Shelton,Boys 'Round Here (feat. Pistol Annies & Friends)
378,Little Big Town,Boondocks
378,Little Big Town,Pontoon
378,Darius Rucker,Come Back Song
378,Darius Rucker,Alright
378,Darius Rucker,Wagon Wheel
378,Florida Georgia Line,Cruise
378,Carrie Underwood,Cowboy Casanova
378,Carrie Underwood,Before He Cheats
378,Dierks Bentley,What Was I Thinkin'
378,Zac Brown Band,Whatever It Is
378,Zac Brown Band,Knee Deep (feat. Jimmy Buffett)
378,Zac Brown Band,Chicken Fried
378,Luke Bryan,Country Girl (Shake It For Me)
378,Luke Bryan,That's My Kind Of Night
378,Miranda Lambert,Gunpowder & Lead
378,Miranda Lambert,Mama's Broken Heart
378,Little Big Town,Girl Crush
378,Little Big Town,Day Drinking
378,Miranda Lambert,Automatic
378,Maren Morris,My Church
378,Thomas Rhett,Die A Happy Man
378,Thomas Rhett,Make Me Wanna
379,Kings of Leon,Supersoaker
380,Britney Spears,Circus
380,Taio Cruz,Dynamite
380,Fergie,Fergalicious
380,Fergie,Glamorous
380,Lady Gaga,Poker Face
380,LMFAO,Sexy And I Know It
380,Nicki Minaj,Super Bass
380,Lady Gaga,Bad Romance
380,Nicki Minaj,Starships
380,Lady Gaga,Just Dance
380,Katy Perry,Last Friday Night (T.G.I.F.)
380,Bruno Mars,Grenade
380,Natasha Bedingfield,Pocketful of Sunshine
380,Katy Perry,Firework
380,Justin Bieber,Baby
380,Carly Rae Jepsen,Call Me Maybe
380,Kanye West,Heartless
380,Taio Cruz,Break Your Heart
380,Maroon 5,Payphone
380,Beyoncé,Halo
380,LMFAO,Shots
380,Adele,Rolling in the Deep
380,Adele,Set Fire to the Rain
380,Adele,Someone Like You
380,Beyoncé,Halo
380,Miley Cyrus,Party In The U.S.A.
380,Bruno Mars,Treasure
380,Miley Cyrus,We Can't Stop
380,Kesha,TiK ToK
380,P!nk,So What
380,Far East Movement,Like A G6
380,50 Cent,Candy Shop
380,Florida Georgia Line,Cruise
380,Jay Sean,Down
380,Soulja Boy,Crank That (Soulja Boy)
380,Soulja Boy,Turn My Swag On
380,Soulja Boy,Kiss Me Thru The Phone
380,Soulja Boy,Pretty Boy Swag
380,Sean Kingston,Beautiful Girls
380,Jason Derulo,Whatcha Say
380,Kesha,We R Who We R
380,Gwen Stefani,Hollaback Girl
380,LMFAO,Party Rock Anthem
380,Rihanna,Only Girl (In The World)
380,Selena Gomez & The Scene,A Year Without Rain
380,Rihanna,Umbrella
380,Destiny's Child,Say My Name
380,Destiny's Child,Survivor
380,Alicia Keys,No One
380,TLC,No Scrubs
380,Ginuwine,Pony
380,Rihanna,Don't Stop The Music
380,Kesha,Your Love Is My Drug
380,Nina Simone,Feeling Good
380,Britney Spears,Womanizer
380,Owl City,Fireflies
380,Jason Mraz,I'm Yours
380,Cheat Codes,No Promises (feat. Demi Lovato)
381,Birdy,Skinny Love
381,Don Omar,Danza Kuduro
381,Owl City,Fireflies
381,Imagine Dragons,Demons
381,Imagine Dragons,Radioactive
381,Miley Cyrus,Wrecking Ball
382,Missy Elliott,Lose Control (feat. Ciara & Fat Man Scoop)
382,Mase,What You Want (feat. Total)
382,Faith Evans,Love Like This
382,Nelly Furtado,Maneater
383,Luke Combs,Hurricane
383,Sam Hunt,Body Like A Back Road
383,Florida Georgia Line,May We All
383,Brett Young,In Case You Didn't Know
383,Thomas Rhett,Unforgettable
383,Jon Pardi,Heartache On The Dance Floor
384,Lorde,Buzzcut Season
384,The Weeknd,Starboy
384,Sufjan Stevens,Should Have Known Better
384,Simon & Garfunkel,America
384,The Killers,Mr. Brightside
384,The Killers,The Man
384,Michael Jackson,Billie Jean
384,Lana Del Rey,Young And Beautiful
384,Sia,Chandelier
384,Rihanna,Love On The Brain
385,Jason Mraz,I'm Yours
385,John Legend,All of Me
385,Michael Bublé,Everything
385,Lifehouse,You And Me
385,Train,Marry Me
385,Bryan Adams,(Everything I Do) I Do It For You
385,Bryan Adams,Have You Ever Really Loved A Woman?
385,Clean Bandit,Rather Be (feat. Jess Glynne)
385,James Blunt,You're Beautiful
385,Jason Mraz,Love Someone
385,Justin Timberlake,Mirrors
385,Jason Mraz,I Won't Give Up
385,Jack Johnson,Better Together
385,Maroon 5,Sugar
386,George Ezra,Budapest
386,Jack Johnson,"Sitting, Waiting, Wishing"
386,Jack Johnson,Banana Pancakes
386,Sara Bareilles,Gravity
386,Sara Bareilles,I Choose You
386,Sam Smith,I'm Not The Only One
386,Vance Joy,Riptide
386,John Mayer,XO
387,Three Days Grace,Pain
388,will.i.am,Scream & Shout
388,Macklemore & Ryan Lewis,Thrift Shop (feat. Wanz)
388,Kesha,Die Young
388,Flo Rida,I Cry
388,Flo Rida,Whistle
388,Avicii,Levels - Radio Edit
388,Mike Posner,Cooler Than Me - Single Mix
388,Far East Movement,Like A G6
388,Lil Jon,Outta Your Mind
389,The Weeknd,The Hills
389,Fetty Wap,679 (feat. Remy Boyz)
389,Fetty Wap,Again
389,Fetty Wap,My Way (feat. Monty)
389,Zac Brown Band,Chicken Fried
389,Florida Georgia Line,Cruise
389,Flume,Holdin On
389,Yo Gotti,Down In the DM
389,Denzel Curry,Ultimate
389,Disclosure,You & Me - Flume Remix
389,Galantis,No Money
389,Bryson Tiller,Don't
389,Bryson Tiller,Exchange
389,Russ,What They Want
389,Troye Sivan,YOUTH
389,Florida Georgia Line,H.O.L.Y.
389,Missy Elliott,Work It
389,Frank Ocean,Pink + White
389,Jason Aldean,She's Country
389,Jack Johnson,Banana Pancakes
389,Jack Johnson,Upside Down
389,Fergie,Big Girls Don't Cry (Personal)
389,Britney Spears,Toxic
389,Jason Mraz,I'm Yours
389,Christina Perri,A Thousand Years
389,Lily Allen,Somewhere Only We Know
389,Lily Allen,Fuck You
389,Big Sean,Bounce Back
389,Migos,Bad and Boujee (feat. Lil Uzi Vert)
389,J. Cole,Wet Dreamz
389,ScHoolboy Q,Man Of The Year
389,Nelly,The Fix (feat. Jeremih)
389,Vance Joy,Georgia
389,The Lumineers,Ophelia
389,Passenger,Let Her Go
389,Chief Keef,Hate Bein' Sober
389,Gucci Mane,Both (feat. Drake)
389,Mariah Carey,Obsessed
389,Rihanna,Pon de Replay
389,Trey Songz,Na Na
389,Vince Staples,Big Fish
389,2 Chainz,It's A Vibe
389,A$AP Ferg,Plain Jane
389,Kodak Black,Transportin'
390,Jorge Ben Jor,"Mas, Que Nada!"
390,Antônio Carlos Jobim,Águas De Março
391,Cigarettes After Sex,Nothing's Gonna Hurt You Baby
392,OneRepublic,Counting Stars
392,Kesha,Blow
392,Robin Thicke,Blurred Lines
392,Zedd,Clarity
392,Keri Hilson,Pretty Girl Rock
392,Mariah Carey,Fantasy
392,Foreigner,Hot Blooded
392,Queen,We Are The Champions - Remastered 2011
392,Katy Perry,Roar
392,Little Big Town,Pontoon
392,Katy Perry,Dark Horse
392,Lorde,Royals
392,Imagine Dragons,Demons
392,Tracy Chapman,Give Me One Reason
392,Sia,Chandelier
392,Iggy Azalea,Fancy
392,DJ Snake,Turn Down for What
392,Owl City,Fireflies
392,Jessie J,Bang Bang
393,Florida Georgia Line,Cruise
393,Darius Rucker,Wagon Wheel
393,Tim McGraw,Highway Don't Care
393,Florida Georgia Line,Round Here
393,Eric Church,Drink In My Hand
393,Jason Aldean,She's Country
393,Eric Church,Springsteen
393,Tim McGraw,Something Like That
393,Billy Currington,Good Directions
393,Billy Currington,Pretty Good At Drinkin' Beer
393,Brett Eldredge,Don't Ya
393,Brooks & Dunn,My Maria
393,Darius Rucker,Alright
393,Kacey Musgraves,Follow Your Arrow
393,Kacey Musgraves,Merry Go 'Round
393,Zac Brown Band,Chicken Fried
393,Jason Aldean,Burnin' It Down
393,Migos,Bad and Boujee (feat. Lil Uzi Vert)
394,XXXTENTACION,Look At Me!
394,Frank Ocean,Self Control
394,Soulja Boy,Pretty Boy Swag
394,Leon Bridges,River
394,Leon Bridges,Coming Home
394,Of Monsters and Men,Little Talks
395,Bill Withers,Lean on Me
395,Paul Simon,Kodachrome
395,MGMT,Congratulations
395,Paul Simon,You Can Call Me Al
395,Paul Simon,Me and Julio Down by the Schoolyard
395,Aretha Franklin,I Say a Little Prayer
395,Bob Dylan,Like a Rolling Stone
395,Iggy Pop,The Passenger
395,Coldplay,The Scientist
395,Bon Iver,Skinny Love
395,Alice Cooper,School's Out
395,Billy Joel,Movin' Out (Anthony's Song)
395,Kool & The Gang,Celebration
395,Pink Floyd,"Another Brick in the Wall, Pt. 2"
395,The Rolling Stones,Gimme Shelter
395,The Temptations,My Girl
395,Vance Joy,Riptide
395,The Doors,People Are Strange
395,Billy Joel,Movin' Out (Anthony's Song)
396,Miley Cyrus,We Can't Stop
396,B.o.B,So Good
396,Pharrell Williams,"Happy - From ""Despicable Me 2"""
396,TLC,Waterfalls
396,Beyoncé,Love On Top
396,Keri Hilson,Knock You Down
396,Aloe Blacc,The Man
396,Keri Hilson,Pretty Girl Rock
396,Katy Perry,Dark Horse
396,TLC,No Scrubs
396,*NSYNC,Bye Bye Bye
396,Destiny's Child,Say My Name
396,Chris Brown,Forever
396,Soulja Boy,Crank That (Soulja Boy)
396,Iggy Azalea,Black Widow
396,Iggy Azalea,Fancy
396,Pharrell Williams,"Happy - From ""Despicable Me 2"""
396,Sia,Chandelier
396,DJ Snake,Turn Down for What
396,Bastille,Pompeii
396,fun.,Some Nights
396,Clean Bandit,Rather Be (feat. Jess Glynne)
396,Alesso,Heroes (we could be)
396,Pitbull,Time of Our Lives
396,Rihanna,We Found Love
396,Bruno Mars,Treasure
396,One Direction,Steal My Girl
396,Far East Movement,Like A G6
396,T-Pain,Best Love Song
396,Lupe Fiasco,The Show Goes On
396,Snoop Dogg,Drop It Like It's Hot
396,Ellie Goulding,Burn
396,Sam Smith,I'm Not The Only One
396,Nick Jonas,Chains
396,Nick Jonas,Jealous - Remix
396,Tove Lo,Habits (Stay High)
396,WALK THE MOON,Shut Up and Dance
396,Meghan Trainor,Dear Future Husband
396,Meghan Trainor,Lips Are Movin
396,Disclosure,Latch
396,Pitbull,Time of Our Lives
397,J. Cole,Wet Dreamz
397,ScHoolboy Q,THat Part
400,Alabama,Dixieland Delight
400,Childish Gambino,Sober
400,Rae Sremmurd,This Could Be Us
400,Jason Derulo,Want to Want Me
400,Fetty Wap,My Way (feat. Monty)
400,Jeremih,Planez
401,Hailee Steinfeld,Starving
401,The Vamps,All Night
401,Lil Wayne,Right Above It
401,B.o.B,HeadBand (feat. 2 Chainz)
401,Alan Walker,Alone
401,The Chainsmokers,Paris
401,Travis Scott,goosebumps
401,The Chainsmokers,Something Just Like This
401,Cheat Codes,No Promises (feat. Demi Lovato)
401,Big Sean,Bounce Back
401,Lil Uzi Vert,Money Longer
401,Sean Paul,Temperature
401,Soulja Boy,Crank That (Soulja Boy)
401,B.o.B,HeadBand (feat. 2 Chainz)
401,Kanye West,Gold Digger
401,Lil Wayne,A Milli
401,Lil Wayne,6 Foot 7 Foot
401,Fergie,London Bridge
401,Nelly Furtado,Promiscuous
402,Chet Baker,My Funny Valentine
402,Norah Jones,The Nearness Of You
403,DJ Snake,Middle
403,Shaggy,It Wasn't Me
403,Russ,Losin Control
403,Russ,What They Want
403,ScHoolboy Q,THat Part
403,Joey Bada$$,DEVASTATED
403,The Chainsmokers,Closer
403,Frank Ocean,Pink + White
403,Travis Scott,goosebumps
403,Big Sean,I Know
403,Lil Uzi Vert,Money Longer
403,Kevin Gates,2 Phones
403,Kid Cudi,Erase Me - Main
403,Big Sean,Beware
403,Rae Sremmurd,Black Beatles
403,YG,Who Do You Love?
403,Ne-Yo,She Knows
403,Fat Joe,All The Way Up (Remix)
403,Russ,What They Want
403,Nelly,The Fix (feat. Jeremih)
403,Kevin Gates,Hard For
403,R. Kelly,Bump n' Grind
403,Nelly,Ride Wit Me
403,Akon,Right Now (Na Na Na)
403,Big Sean,Bounce Back
403,Janelle Monáe,Primetime (feat. Miguel)
403,Alan Walker,Alone
403,Migos,Bad and Boujee (feat. Lil Uzi Vert)
403,Post Malone,Congratulations
403,AJR,Weak
403,PARTYNEXTDOOR,Come and See Me (feat. Drake)
403,Logic,Everybody
403,Kendrick Lamar,HUMBLE.
403,Khalid,Young Dumb & Broke
403,Future,Mask Off
403,Childish Gambino,Redbone
403,Meek Mill,Blue Notes
403,Marshmello,Silence
403,Avicii,Without You (feat. Sandro Cavazza)
403,A$AP Ferg,Plain Jane
403,Logic,1-800-273-8255
403,Skrillex,HUMBLE. - SKRILLEX REMIX
404,Sum 41,Fat Lip
404,Sum 41,In Too Deep
404,Nirvana,Smells Like Teen Spirit
404,blink-182,What's My Age Again?
404,blink-182,All The Small Things
404,Fall Out Boy,"Dance, Dance"
404,Fall Out Boy,"Sugar, We're Goin Down"
404,The Strokes,Last Nite
404,Paramore,Misery Business
404,My Chemical Romance,I'm Not Okay (I Promise)
404,My Chemical Romance,Dead!
404,My Chemical Romance,Welcome to the Black Parade
404,My Chemical Romance,I Don't Love You
404,My Chemical Romance,Cancer
404,My Chemical Romance,Teenagers
404,My Chemical Romance,Famous Last Words
404,No Doubt,Sunday Morning
404,No Doubt,Don't Speak
404,No Doubt,Just A Girl
405,Ne-Yo,So Sick
405,Ne-Yo,Mad
405,Ne-Yo,Because Of You
405,Ne-Yo,Miss Independent
405,Mario,Let Me Love You
405,Jeremih,Love Don't Change
405,Chris Brown,With You
405,Mario,I Choose You
405,Mario,How Do I Breathe
405,Usher,My Boo
405,Joe,I Wanna Know
405,Ne-Yo,Closer
405,Frank Ocean,Thinkin Bout You
405,Mariah Carey,Always Be My Baby
405,6LACK,Ex Calling
405,Russ,Losin Control
405,Mariah Carey,We Belong Together
405,TLC,No Scrubs
405,Khalid,Location
405,Nelly,Dilemma
405,Ne-Yo,Sexy Love
405,James Arthur,Say You Won't Let Go
405,Ed Sheeran,Happier
405,Lloyd,Tru
405,H.E.R.,Every Kind Of Way
405,Ginuwine,Differences
405,Rascal Flatts,Bless The Broken Road
405,The Pussycat Dolls,Stickwitu
405,Lil Uzi Vert,The Way Life Goes (feat. Oh Wonder)
405,XXXTENTACION,Everybody Dies In Their Nightmares
405,Trey Songz,Love Faces
405,A Boogie Wit da Hoodie,Still Think About You
405,Russ,"Psycho, Pt. 2"
405,Daniel Caesar,Get You (feat. Kali Uchis)
405,XXXTENTACION,Fuck Love (feat. Trippie Redd)
405,XXXTENTACION,Jocelyn Flores
405,Lloyd,Southside
405,Usher,U Got It Bad
405,Ja Rule,Always On Time
405,Jeremih,Remember Me
405,Miguel,Adorn
405,Akon,Don't Matter
405,Ja Rule,Mesmerize
405,Sam Smith,Too Good At Goodbyes
405,Post Malone,I Fall Apart
406,Nirvana,Smells Like Teen Spirit
406,R.E.M.,Nightswimming
406,Counting Crows,Round Here
406,Soundgarden,Burden In My Hand
406,Nirvana,Come As You Are
406,Soundgarden,Spoonman
406,Soundgarden,Blow Up The Outside World
406,Soundgarden,Black Hole Sun
406,Counting Crows,Mr. Jones
406,The Cranberries,Zombie
406,Nirvana,The Man Who Sold The World
406,The Cranberries,Dreams
406,R.E.M.,Drive
406,Weezer,Buddy Holly
406,Alice In Chains,Man in the Box
406,Counting Crows,Rain King
406,Weezer,Undone - The Sweater Song
406,Nirvana,Lithium
406,Oasis,Wonderwall - Remastered
406,Incubus,Stellar
406,Rage Against The Machine,Killing In The Name
406,Beastie Boys,Sabotage
406,Radiohead,No Surprises
406,Nirvana,Come As You Are
406,Foo Fighters,My Hero
406,Radiohead,Fake Plastic Trees
406,Red Hot Chili Peppers,Californication
406,Rage Against The Machine,Bombtrack
406,Counting Crows,A Long December
406,Nirvana,Heart-Shaped Box
406,Radiohead,Karma Police
406,Duran Duran,Ordinary World
406,Red Hot Chili Peppers,Scar Tissue
406,R.E.M.,Man On The Moon
406,Rage Against The Machine,Sleep Now In the Fire
406,Foo Fighters,Everlong
406,No Doubt,Just A Girl
406,Red Hot Chili Peppers,Give It Away
406,Counting Crows,Mr. Jones
406,No Doubt,Spiderwebs
406,Rage Against The Machine,Bulls On Parade
406,Beastie Boys,Sure Shot
406,Weezer,My Name Is Jonas
406,Counting Crows,Rain King
406,Weezer,Say It Ain't So
406,INXS,Disappear
406,Rage Against The Machine,Guerrilla Radio
406,No Doubt,Don't Speak
406,R.E.M.,Everybody Hurts
406,No Doubt,Sunday Morning
406,Counting Crows,Omaha
406,Foo Fighters,Monkey Wrench
406,The Verve,Bitter Sweet Symphony
406,Foo Fighters,Learn to Fly
406,R.E.M.,Losing My Religion
406,Incubus,Pardon Me
406,INXS,Suicide Blonde
406,Rage Against The Machine,Testify
406,Duran Duran,Come Undone
406,The Prodigy,Smack My Bitch Up
406,The Prodigy,Firestarter
406,Third Eye Blind,Semi-Charmed Life
408,A Tribe Called Quest,Award Tour
408,Carly Rae Jepsen,Call Me Maybe
409,DMX,Party Up
409,Nelly,Hot In Herre
409,Nelly,Country Grammar (Hot Shit)
409,Nelly,Ride Wit Me
409,Ludacris,What's Your Fantasy (Featuring Shawna)
409,Warren G,Regulate
409,Mary J. Blige,Family Affair
409,50 Cent,In Da Club
409,50 Cent,P.I.M.P.
409,D12,My Band
409,D12,Fight Music
409,Ying Yang Twins,What's Happenin!
410,Bullet For My Valentine,Your Betrayal
410,Bullet For My Valentine,The Last Fight
410,Bullet For My Valentine,Waking the Demon
410,Bullet For My Valentine,You Want a Battle? (Here's a War)
410,My Chemical Romance,Welcome to the Black Parade
410,I Prevail,Scars
411,Zara Larsson,Lush Life
411,Zara Larsson,Never Forget You
411,Twenty One Pilots,Stressed Out
411,The Chainsmokers,Roses
411,Christina Perri,A Thousand Years
411,Ruth B.,Lost Boy
411,Birdy,Skinny Love
411,Jeremih,Planez
411,G-Eazy,"Me, Myself & I"
411,Charlie Puth,One Call Away
411,Kid Cudi,Day 'N' Nite (nightmare)
411,The Neighbourhood,Sweater Weather
411,Colbie Caillat,Try
411,Nelly,The Fix (feat. Jeremih)
411,Justin Bieber,What Do You Mean?
411,Justin Bieber,Sorry
411,Jeremih,Don't Tell 'Em
411,Beyoncé,Halo
411,J. Cole,No Role Modelz
411,Fetty Wap,Trap Queen
411,Rae Sremmurd,This Could Be Us
411,Nicki Minaj,Only
411,Kanye West,Stronger
411,Troye Sivan,YOUTH
411,ZAYN,PILLOWTALK
411,Fetty Wap,Again
411,R. Kelly,Ignition - Remix
411,Tory Lanez,Say It
411,Meghan Trainor,NO
411,Mike Posner,I Took A Pill In Ibiza - Seeb Remix
411,DJ Snake,Middle
411,J. Cole,Work Out
411,Melanie Martinez,Training Wheels
411,Melanie Martinez,Pity Party
411,Rihanna,Needed Me
411,Drake,One Dance
411,James Bay,Let It Go
411,The Chainsmokers,Don't Let Me Down
411,Bryson Tiller,Exchange
411,Bryson Tiller,Don't
411,Jeremih,oui
411,Hailee Steinfeld,Rock Bottom
411,Melanie Martinez,Soap
411,X Ambassadors,Unsteady
411,Miley Cyrus,We Can't Stop
411,Miley Cyrus,Wrecking Ball
411,Nicky Jam,Hasta el Amanecer
411,Kevin Gates,Really Really
411,Shawn Mendes,Treat You Better
411,The Chainsmokers,Closer
411,Charlie Puth,We Don't Talk Anymore (feat. Selena Gomez)
411,Kesha,Your Love Is My Drug
412,Luke Bryan,Kick The Dust Up
412,Kenny Chesney,American Kids
412,Sam Hunt,Take Your Time
412,Zac Brown Band,Loving You Easy
412,Florida Georgia Line,Anything Goes
412,Chris Young,I'm Comin' Over
412,Sam Hunt,Break Up In A Small Town
412,Sam Hunt,Make You Miss Me
412,Thomas Rhett,Die A Happy Man
412,Sam Hunt,House Party
412,Dierks Bentley,I Hold On
412,Dierks Bentley,Drunk On A Plane
412,Billy Currington,Good Directions
412,Billy Currington,Do I Make You Wanna
412,Jon Pardi,Head Over Boots
412,Brad Paisley,Mud on the Tires
412,Chris Stapleton,Tennessee Whiskey
412,Jason Aldean,Burnin' It Down
412,Kelly Clarkson,Because of You
412,Lee Brice,I Don't Dance
412,Eric Church,Springsteen
412,Eric Church,Talladega
412,Eric Church,Drink In My Hand
412,Dierks Bentley,Somewhere On A Beach
412,Rascal Flatts,I Like The Sound Of That
412,Tim McGraw,Humble And Kind
412,Chris Young,Think of You
412,Dan + Shay,From the Ground Up
412,Chris Stapleton,Fire Away
412,Luke Bryan,"Huntin', Fishin' And Lovin' Every Day"
412,Carrie Underwood,Church Bells
412,Florida Georgia Line,H.O.L.Y.
412,Brett Eldredge,Wanna Be That Song
412,Kelsea Ballerini,Peter Pan
412,Billy Currington,It Don't Hurt Like It Used To
412,Brett Young,Sleep Without You
412,Brett Young,In Case You Didn't Know
412,Eric Church,Record Year
412,Keith Urban,Blue Ain't Your Color
412,Little Big Town,Better Man
412,Jon Pardi,Dirt On My Boots
412,Carrie Underwood,Dirty Laundry
412,Brantley Gilbert,The Weekend
412,Little Big Town,Girl Crush
412,Luke Combs,Hurricane
412,Keith Urban,The Fighter
412,Josh Turner,Hometown Girl
413,Kanye West,Stronger
413,Survivor,Eye of the Tiger
413,The Killers,Mr. Brightside
413,will.i.am,Scream & Shout
413,Flo Rida,Good Feeling
413,Moby,Flower
413,Kelly Clarkson,Stronger (What Doesn't Kill You)
413,Mase,"Breathe, Stretch, Shake (feat. P. Diddy)"
414,The All-American Rejects,Gives You Hell
414,The All-American Rejects,Dirty Little Secret
414,The All-American Rejects,Move Along
414,Avril Lavigne,Sk8er Boi
414,Panic! At The Disco,I Write Sins Not Tragedies
414,Fall Out Boy,"Dance, Dance"
414,Green Day,21 Guns
415,Fall Out Boy,My Songs Know What You Did In The Dark (Light Em Up)
415,Skillet,Monster
415,Skillet,Awake and Alive
415,Skillet,Not Gonna Die
415,Fall Out Boy,Centuries
416,The Rolling Stones,Miss You - Remastered
416,Justin Timberlake,Rock Your Body
416,*NSYNC,Pop
416,Queen,Another One Bites The Dust - Remastered 2011
416,The Clash,Should I Stay or Should I Go - Remastered
416,Queen,Under Pressure - Remastered 2011
416,The Chainsmokers,Closer
416,The Chainsmokers,Roses
416,Leona Lewis,Bleeding Love
416,Adele,Rolling in the Deep
416,Bruce Springsteen,Hungry Heart
416,Aretha Franklin,Respect
416,Aretha Franklin,Chain of Fools
416,Maroon 5,Animals
416,Michael Jackson,Billie Jean
416,Owl City,Fireflies
416,Maroon 5,She Will Be Loved - Radio Mix
416,Amy Winehouse,You Know I'm No Good
416,Stevie Ray Vaughan,Pride and Joy
416,Ed Sheeran,Shape of You
416,Imagine Dragons,Thunder
417,Fall Out Boy,Centuries
418,A$AP Rocky,L$D
418,Vince Staples,Norf Norf
419,Kendrick Lamar,Alright
419,Lykke Li,I Follow Rivers
419,Björk,Joga
419,Arcade Fire,Afterlife
419,The National,Bloodbuzz Ohio
419,Phantogram,You Don’t Get Me High Anymore
419,Yeah Yeah Yeahs,Maps
419,A Tribe Called Quest,Can I Kick It?
419,Frank Ocean,Ivy
419,Anderson .Paak,Come Down
419,Arcade Fire,The Suburbs
419,Arcade Fire,Everything Now
419,Sufjan Stevens,Chicago
421,Jimi Hendrix,Purple Haze
421,The Doors,Light My Fire
422,50 Cent,21 Questions
422,50 Cent,In Da Club
422,50 Cent,Candy Shop
422,50 Cent,Disco Inferno
422,Bone Thugs-N-Harmony,Tha Crossroads
422,Bone Thugs-N-Harmony,1st of Tha Month
422,Fat Joe,Make It Rain
422,Eazy-E,Eazy-Duz-It
422,Eminem,The Real Slim Shady
422,Juelz Santana,There It Go (The Whistle Song)
422,Kanye West,Homecoming
422,Kanye West,Gold Digger
422,Nelly,Country Grammar (Hot Shit)
422,Nelly,Hot In Herre
422,Nelly,Dilemma
422,Rihanna,Pon de Replay
422,Snoop Dogg,Drop It Like It's Hot
422,Eminem,Mockingbird
423,Rae Sremmurd,Come Get Her
423,Rae Sremmurd,This Could Be Us
423,Rae Sremmurd,No Type
423,Rae Sremmurd,Throw Sum Mo
423,YG,Who Do You Love?
424,Chris Tomlin,Our God
424,Hillsong Worship,This I Believe (The Creed) - Live
424,Lauren Daigle,How Can It Be
424,Hillsong Worship,Broken Vessels (Amazing Grace) - Live
426,The All-American Rejects,Dirty Little Secret
426,Kelly Clarkson,Since U Been Gone
426,Panic! At The Disco,I Write Sins Not Tragedies
426,Snow Patrol,Chasing Cars
426,Gotye,Somebody That I Used To Know
426,The Chainsmokers,Something Just Like This
426,Ed Sheeran,Shape of You
426,The Chainsmokers,Closer
426,Calvin Harris,This Is What You Came For
426,Shawn Mendes,Treat You Better
426,Shawn Mendes,Mercy
426,The Chainsmokers,Paris
426,The Chainsmokers,Something Just Like This
426,Journey,Don't Stop Believin'
426,Journey,Any Way You Want It
426,Passenger,Let Her Go
426,Mumford & Sons,Little Lion Man
426,Plain White T's,Hey There Delilah
426,Maroon 5,She Will Be Loved - Radio Mix
426,The All-American Rejects,Gives You Hell
426,Train,"Hey, Soul Sister"
426,My Chemical Romance,Teenagers
426,Timbaland,Apologize
426,Jason Derulo,Whatcha Say
426,Vance Joy,Riptide
426,Imagine Dragons,Believer
426,TLC,No Scrubs
426,The Fray,How to Save a Life
426,Alicia Keys,No One
426,The Script,Breakeven
426,Backstreet Boys,I Want It That Way
426,Kelly Clarkson,Breakaway
426,Shawn Mendes,There's Nothing Holdin' Me Back
426,Zedd,Clarity
426,Sam Smith,Too Good At Goodbyes
426,Logic,1-800-273-8255
426,Kesha,Praying
426,James Arthur,Say You Won't Let Go
426,Khalid,Location
426,Khalid,Young Dumb & Broke
426,Khalid,8TEEN
427,The Weeknd,Starboy
427,The Killers,Mr. Brightside
427,Galantis,No Money
427,MØ,Final Song
427,Jonas Blue,Perfect Strangers
427,Creedence Clearwater Revival,Fortunate Son
427,Calvin Harris,This Is What You Came For
427,Zac Brown Band,Homegrown
427,R. Kelly,Ignition - Remix
427,Kanye West,Gold Digger
427,Shaggy,It Wasn't Me
427,Justin Bieber,Sorry
427,blink-182,All The Small Things
427,Neil Diamond,Sweet Caroline
427,50 Cent,In Da Club
427,The All-American Rejects,Dirty Little Secret
427,Rihanna,Pon de Replay
427,Smash Mouth,All Star
427,Justin Bieber,What Do You Mean?
427,Soulja Boy,Crank That (Soulja Boy)
427,Jimmy Eat World,The Middle
427,blink-182,What's My Age Again?
427,Yeah Yeah Yeahs,Heads Will Roll - A-Trak Remix Radio Edit
427,Calvin Harris,Summer
427,ScHoolboy Q,Hands On The Wheel
427,Zedd,Stay The Night - Featuring Hayley Williams Of Paramore
427,Avicii,Levels - Radio Edit
427,50 Cent,Candy Shop
427,50 Cent,21 Questions
427,Migos,Bad and Boujee (feat. Lil Uzi Vert)
427,Migos,Bad and Boujee (feat. Lil Uzi Vert)
427,Travis Scott,goosebumps
427,Timbaland,Apologize
427,Timbaland,The Way I Are
427,Kanye West,Stronger
427,Lil Wayne,Lollipop
427,Nelly Furtado,Promiscuous
428,Rihanna,Needed Me
428,Drake,One Dance
428,Meghan Trainor,Me Too
428,Jon Pardi,Head Over Boots
428,Thomas Rhett,Die A Happy Man
428,Dan + Shay,From the Ground Up
428,Florida Georgia Line,H.O.L.Y.
428,Brett Eldredge,Wanna Be That Song
428,Brett Young,Sleep Without You
428,Rascal Flatts,I Like The Sound Of That
428,Tim McGraw,Humble And Kind
428,George Strait,Check Yes Or No
428,Beyoncé,Love On Top
428,R. Kelly,Bump n' Grind
428,Nick Jonas,Close
428,Trey Songz,Neighbors Know My Name
428,Kid Cudi,Erase Me - Main
428,Justin Bieber,Sorry
428,Justin Bieber,Love Yourself
428,Trey Songz,Slow Motion
428,Trey Songz,"Touchin, Lovin (feat. Nicki Minaj)"
428,The Chainsmokers,Closer
428,Billy Currington,Do I Make You Wanna
429,John Newman,Love Me Again
431,Passenger,Let Her Go
431,Lifehouse,You And Me
431,Jason Mraz,I Won't Give Up
431,OneRepublic,Apologize
431,Ne-Yo,So Sick
431,Snow Patrol,Chasing Cars
431,The Script,Breakeven
431,Adele,When We Were Young
431,Hoobastank,The Reason
431,Colbie Caillat,Try
431,Fergie,Big Girls Don't Cry (Personal)
431,Colbie Caillat,Bubbly
431,Nickelback,Far Away
431,Oasis,Wonderwall - Remastered
431,Train,Drive By
431,X Ambassadors,Unsteady
431,3 Doors Down,Kryptonite
431,Owl City,Fireflies
431,Enrique Iglesias,Hero
431,Rascal Flatts,Bless The Broken Road
431,Imagine Dragons,Demons
431,James Blunt,You're Beautiful
431,Ne-Yo,Mad
431,Maroon 5,She Will Be Loved - Radio Mix
431,Coldplay,Viva La Vida
431,3 Doors Down,Here Without You
431,Chris Brown,Forever
431,Maroon 5,Payphone
431,Nelly,Dilemma
431,Backstreet Boys,As Long as You Love Me
431,Evanescence,My Immortal
431,Jason Derulo,Whatcha Say
431,Mario,How Do I Breathe
431,Ne-Yo,Closer
431,Savage Garden,Truly Madly Deeply
431,Akon,Don't Matter
431,The Pussycat Dolls,Stickwitu
431,Céline Dion,"Because You Loved Me (Theme from ""Up Close and Personal"")"
431,Backstreet Boys,Incomplete
431,Mariah Carey,We Belong Together
431,Chris Brown,With You
431,Thomas Rhett,Die A Happy Man
431,Lee Brice,Hard To Love
431,Boyz II Men,I'll Make Love To You
432,Yeah Yeah Yeahs,Maps
432,Thundercat,Them Changes
432,Billy Joel,Piano Man
432,fun.,Some Nights
432,Thundercat,Walk On By
432,Katy Perry,The One That Got Away
432,Cage The Elephant,Trouble
432,Ella Fitzgerald,Dream A Little Dream Of Me
432,Kings of Leon,Closer
432,Diana Ross,I'm Coming Out
432,Diana Ross,Upside Down
432,Stevie Wonder,"Signed, Sealed, Delivered (I'm Yours)"
432,Glass Animals,The Other Side Of Paradise
432,Milky Chance,Cocoon
432,Arctic Monkeys,Why'd You Only Call Me When You're High?
432,Ms. Lauryn Hill,Ex-Factor
432,Keri Hilson,Knock You Down
432,Jorja Smith,On My Mind (Jorja Smith X Preditah)
433,Bryan Adams,Please Forgive Me
433,Christina Perri,human
433,Fleetwood Mac,Landslide
433,Sam Smith,Like I Can
433,Christina Perri,Jar of Hearts
433,Passenger,Let Her Go
433,Heart,Alone
433,Bonnie Tyler,Total Eclipse of the Heart
433,Jason Mraz,I Won't Give Up
434,Childish Gambino,Sober
434,Childish Gambino,Bonfire
434,Kid Cudi,Day 'N' Nite (nightmare)
434,Kid Cudi,Erase Me - Main
434,Kendrick Lamar,Alright
434,J. Cole,No Role Modelz
434,J. Cole,Wet Dreamz
434,Kanye West,Bound 2
434,X Ambassadors,Renegades
434,Justin Bieber,Sorry
434,G-Eazy,"Me, Myself & I"
434,Don McLean,American Pie
434,Bob Dylan,Like a Rolling Stone
434,Bob Marley & The Wailers,Redemption Song
434,Bob Marley & The Wailers,Is This Love
434,Justin Bieber,Sorry
434,X Ambassadors,Renegades
434,Rae Sremmurd,Come Get Her
434,Rae Sremmurd,No Type
434,X Ambassadors,Jungle - Remix
434,Kid Cudi,Just What I Am
434,Big Sean,Beware
434,Calvin Harris,How Deep Is Your Love
434,Justin Bieber,Love Yourself
435,Pixies,Debaser
435,Sublime,What I Got
435,Sublime,Santeria
435,José González,Stay Alive
435,Birdy,Skinny Love
435,Milky Chance,Stolen Dance
435,Kansas,Carry on Wayward Son
435,Incubus,Drive
435,Vance Joy,Riptide
435,The Velvet Underground,Sunday Morning
435,Pixies,Here Comes Your Man
436,Falling In Reverse,The Drug In Me Is You
436,Falling In Reverse,Bad Girls Club
436,Falling In Reverse,Fashionably Late
436,My Chemical Romance,Dead!
436,Rise Against,Help Is On The Way
436,Thousand Foot Krutch,Let the Sparks Fly
436,Avenged Sevenfold,Bat Country
436,Avenged Sevenfold,Welcome to the Family
436,Green Day,Basket Case
436,Rise Against,Savior
436,Sum 41,Fat Lip
436,Sum 41,The Hell Song
436,Three Days Grace,Pain
436,Three Days Grace,Animal I Have Become
436,Thousand Foot Krutch,Courtesy Call
436,Pierce The Veil,Hell Above
436,Set It Off,I'll Sleep When I'm Dead
436,Set It Off,Why Worry
436,Pierce The Veil,King For A Day
436,Rise Against,Under The Knife
436,The Offspring,"You're Gonna Go Far, Kid"
436,Falling In Reverse,Sexy Drug
436,Falling In Reverse,I'm Not A Vampire
436,Three Days Grace,Riot
436,Avenged Sevenfold,Hail to the King
436,Avenged Sevenfold,So Far Away
436,Avenged Sevenfold,Afterlife
436,Five Finger Death Punch,Bad Company
436,Avenged Sevenfold,Nightmare
436,Five Finger Death Punch,Bad Company
436,System Of A Down,Chop Suey!
436,System Of A Down,B.Y.O.B.
436,System Of A Down,Violent Pornography
436,The Offspring,Why Don't You Get A Job
436,Panic! At The Disco,I Write Sins Not Tragedies
437,blink-182,I Miss You
437,The Chainsmokers,Don't Let Me Down
437,The Chainsmokers,Roses
437,Demi Lovato,Confident
437,Disclosure,Omen - Radio Edit
437,DJ Snake,Middle
437,James Arthur,Impossible
437,Justin Bieber,Sorry
437,Justin Bieber,Love Yourself
437,Justin Bieber,What Do You Mean?
437,Kygo,Stole the Show
437,LANY,ILYSB
437,Lukas Graham,7 Years
437,Mikky Ekko,Smile
437,Owl City,Verge
437,Robin Schulz,Sugar (feat. Francesco Yates)
437,Sam Hunt,Break Up In A Small Town
437,Sam Hunt,Make You Miss Me
437,Shawn Mendes,Stitches
437,James Bay,Let It Go
437,Galantis,Runaway (U & I)
437,Kygo,Firestone
437,Mike Posner,I Took A Pill In Ibiza
437,Avicii,Waiting For Love
437,Ruth B.,Lost Boy
437,The Lumineers,Ophelia
437,Mumford & Sons,The Cave
437,Rascal Flatts,I Like The Sound Of That
437,Nelly,The Fix (feat. Jeremih)
437,Meghan Trainor,NO
437,Little Big Town,Day Drinking
437,Kelly Clarkson,Breakaway
437,5 Seconds of Summer,She Looks So Perfect
437,Vance Joy,Riptide
437,Rascal Flatts,What Hurts The Most
437,Drake,One Dance
437,Birdy,Skinny Love
437,Drake,One Dance
437,X Ambassadors,Unsteady
437,Zac Brown Band,Homegrown
437,Dan + Shay,From the Ground Up
437,Tim McGraw,Humble And Kind
437,Kelsea Ballerini,Peter Pan
437,Alessia Cara,Wild Things
437,Kelly Clarkson,Because of You
437,Kacey Musgraves,Merry Go 'Round
437,Leslie Odom Jr.,Dear Theodosia
437,The Chainsmokers,Closer
437,Hailee Steinfeld,Starving
437,Lukas Graham,Mama Said
437,DJ Snake,Let Me Love You
437,Leslie Odom Jr.,Alexander Hamilton
437,Eric Church,Springsteen
437,Eric Church,Record Year
437,Billy Currington,It Don't Hurt Like It Used To
437,Alessia Cara,Scars To Your Beautiful
437,Andy Grammer,Fresh Eyes
438,The Chainsmokers,Closer
438,Phantogram,Fall In Love
438,Phantogram,Fall In Love
438,DJ Snake,Let Me Love You
439,Twista,Slow Jamz
439,Rae Sremmurd,Throw Sum Mo
439,Rae Sremmurd,No Type
439,2 Chainz,No Lie
439,Lil Wayne,A Milli
439,Big Sean,Blessings
439,Big Sean,I Don't Fuck With You
439,Kanye West,Bound 2
439,Ja Rule,Always On Time
439,Ja Rule,Mesmerize
439,Ja Rule,Put It On Me
439,Ja Rule,Livin' It Up
439,Ja Rule,Between Me & You
439,Juelz Santana,There It Go (The Whistle Song)
439,50 Cent,In Da Club
439,The Game,Hate It Or Love It
439,PARTYNEXTDOOR,Recognize (feat. Drake)
439,Mary J. Blige,Real Love
439,Nelly,Country Grammar (Hot Shit)
439,Nicki Minaj,Only
439,TLC,No Scrubs
439,Ciara,Body Party
439,Ginuwine,Pony
439,R. Kelly,Ignition - Remix
439,Mary J. Blige,Just Fine
439,Destiny's Child,Say My Name
439,Destiny's Child,"Jumpin', Jumpin'"
439,Meek Mill,R.I.C.O. (feat. Drake)
439,Fetty Wap,679 (feat. Remy Boyz)
439,Mary J. Blige,Family Affair
439,Destiny's Child,Lose My Breath
439,Beyoncé,Run the World (Girls)
439,Destiny's Child,Bootylicious
439,Mary J. Blige,I Can Love You
439,DJ Khaled,I'm On One
439,Timbaland,Say Something (Featuring Drake)
439,ScHoolboy Q,Studio
441,Vance Joy,Georgia
441,Gregory Alan Isakov,Amsterdam
441,Gregory Alan Isakov,The Stable Song
441,The Paper Kites,Bloom - Bonus Track
441,James Bay,Let It Go
441,Mumford & Sons,Tompkins Square Park
441,Tracy Chapman,Fast Car
441,Kings of Leon,Closer
441,Kings of Leon,Wait for Me
441,Ms. Lauryn Hill,Ex-Factor
441,Of Monsters and Men,Love Love Love
441,Bon Iver,Flume
441,José González,Stay Alive
441,Beck,Morning
441,Norah Jones,Sunrise
441,Labrinth,Jealous
441,Sleeping At Last,Turning Page
441,Lord Huron,Ends of the Earth
441,Paolo Nutini,Iron Sky
441,Paolo Nutini,Last Request
441,Mikky Ekko,Pull Me Down
441,M83,Wait
441,Cage The Elephant,Cigarette Daydreams
441,Jack Johnson,Better Together
441,Alessia Cara,Here
441,Leon Bridges,River
441,Bob Marley & The Wailers,Redemption Song
441,Bob Marley & The Wailers,Three Little Birds
441,Arctic Monkeys,I Wanna Be Yours
441,Bob Marley & The Wailers,Is This Love
441,José González,Crosses
441,Glass Animals,Gooey
441,Patrick Watson,Love Songs For Robots
442,2 Chainz,No Lie
442,Dr. Dre,The Next Episode
442,Ne-Yo,Let Me Love You (Until You Learn To Love Yourself)
442,The Lumineers,Ho Hey
442,Imagine Dragons,Radioactive
442,Imagine Dragons,Demons
442,Frank Ocean,Novacane
442,T.I.,Whatever You Like
442,Eminem,Not Afraid
442,Eminem,Love The Way You Lie
442,Eminem,Mockingbird
442,Miguel,Sure Thing
442,Miguel,Adorn
442,Fat Joe,"Lean Back (feat. Lil Jon, Eminem, Mase & Remy Martin) - Remix"
442,Nelly,Hot In Herre
442,Nelly,Dilemma
442,Nelly,Ride Wit Me
442,DJ Khaled,I'm On One
442,The Goo Goo Dolls,Iris
442,Chief Keef,Love Sosa
442,Bruno Mars,When I Was Your Man
442,Ne-Yo,Miss Independent
442,Jamie Foxx,Blame It
442,Ludacris,How Low
442,Ludacris,My Chick Bad
442,Flo Rida,Whistle
442,Prince,When Doves Cry
442,Prince,Purple Rain
442,Chris Brown,With You
442,Sean Kingston,Beautiful Girls
442,Sean Kingston,Fire Burning
442,Frank Ocean,Thinkin Bout You
442,Lil Wayne,Love Me
442,Taio Cruz,Break Your Heart
442,Imagine Dragons,Demons
442,Dr. Dre,The Next Episode
442,DJ Drama,"My Moment (feat. 2 Chainz, Meek Mill and Jeremih)"
442,Eminem,Sing For The Moment
442,Trey Songz,Love Faces
442,T-Pain,Best Love Song
443,Moby,Porcelain
443,Gorillaz,On Melancholy Hill
443,Arcade Fire,Wake Up
443,Arcade Fire,Rebellion (Lies)
443,Flume,Holdin On
443,Aphex Twin,Avril 14th
443,Grimes,Genesis
443,Sam Smith,I'm Not The Only One
443,Vance Joy,Riptide
444,Childish Gambino,Bonfire
444,J. Cole,No Role Modelz
444,Childish Gambino,Heartbeat
444,Childish Gambino,Sober
445,Counting Crows,Mr. Jones
445,The Goo Goo Dolls,Slide
445,Lifehouse,Hanging By A Moment
445,Dave Matthews Band,Crash into Me
445,R.E.M.,Shiny Happy People
445,The Goo Goo Dolls,Name
445,R.E.M.,Nightswimming
445,The Goo Goo Dolls,Iris
445,Lifehouse,Hanging By A Moment
445,Train,Meet Virginia
446,Aretha Franklin,Respect
446,ABBA,Dancing Queen
446,Gloria Gaynor,I Will Survive
446,Dolly Parton,Jolene
446,Bill Withers,Lean on Me
446,The Jackson 5,I Want You Back
446,Queen,Bohemian Rhapsody - Remastered 2011
446,AC/DC,Highway to Hell
446,Lynyrd Skynyrd,Sweet Home Alabama
446,Journey,Don't Stop Believin'
446,Survivor,Eye of the Tiger
446,Simple Minds,Don't You (Forget About Me)
446,Rick Astley,Never Gonna Give You Up
446,Creedence Clearwater Revival,Up Around The Bend
446,Neil Diamond,Sweet Caroline
446,The Jackson 5,ABC
446,U2,I Still Haven't Found What I'm Looking For
446,Jack Johnson,Upside Down
446,Bon Iver,Skinny Love
446,Bryan Adams,Summer Of '69
446,AC/DC,It's a Long Way to the Top (If You Wanna Rock 'N' Roll)
447,Sergei Rachmaninoff,"10 Preludes, Op. 23: No. 5 in G Minor: Alla marcia"
448,A$AP Ferg,Plain Jane
448,XXXTENTACION,Revenge
448,XXXTENTACION,Fuck Love (feat. Trippie Redd)
448,Childish Gambino,Redbone
448,Imagine Dragons,Thunder
448,A$AP Rocky,L$D
449,Meek Mill,R.I.C.O. (feat. Drake)
450,Tove Lo,Talking Body
450,Daya,"Sit Still, Look Pretty"
450,Daya,Hide Away
450,Nick Jonas,Close
450,Sia,Cheap Thrills
450,The Vamps,Somebody To You
450,The All-American Rejects,Gives You Hell
450,Avril Lavigne,Sk8er Boi
450,Avril Lavigne,Here's to Never Growing Up
450,Avril Lavigne,What the Hell
450,Fifth Harmony,Worth It
450,P!nk,So What
450,Lady Gaga,Just Dance
450,Rihanna,Only Girl (In The World)
450,Lady Gaga,Poker Face
450,Katy Perry,Last Friday Night (T.G.I.F.)
450,Sia,Chandelier
450,Selena Gomez & The Scene,Who Says
450,Avril Lavigne,Complicated
450,Jessie J,Price Tag
450,The Pussycat Dolls,When I Grow Up
450,Soulja Boy,Kiss Me Thru The Phone
450,Lady Gaga,Bad Romance
450,Miley Cyrus,Party In The U.S.A.
450,P!nk,Raise Your Glass
450,Selena Gomez & The Scene,Tell Me Something I Don't Know
450,Rihanna,Don't Stop The Music
450,Kid Cudi,Day 'N' Nite (nightmare)
450,Big Sean,I Don't Fuck With You
452,Zara Larsson,Lush Life
452,Rihanna,Needed Me
452,Sia,Cheap Thrills
452,The Chainsmokers,Don't Let Me Down
452,Justin Bieber,Love Yourself
452,Mike Posner,I Took A Pill In Ibiza - Seeb Remix
452,Martin Garrix,In the Name of Love
452,The Weeknd,Starboy
452,G-Eazy,"Me, Myself & I"
452,Galantis,No Money
452,Alan Walker,Faded
452,AJR,Weak
452,Drake,One Dance
452,Yo Gotti,Down In the DM
452,Justin Bieber,Sorry
452,Ed Sheeran,Shape of You
452,Julia Michaels,Issues
452,Zedd,Beautiful Now
452,Far East Movement,Like A G6
452,YG,My Nigga
452,Shaggy,It Wasn't Me
452,Nicki Minaj,Super Bass
452,Rihanna,Pon de Replay
452,MGMT,Kids
453,Matchbox Twenty,If You're Gone
453,Paloma Faith,Only Love Can Hurt Like This
453,Sara Bareilles,Brave
453,Adele,Make You Feel My Love
453,Nickelback,Far Away
453,Passenger,Let Her Go
453,Alicia Keys,No One
453,Miley Cyrus,Wrecking Ball
453,James Blunt,Bonfire Heart
453,Savage Garden,I Knew I Loved You
453,REO Speedwagon,Can't Fight This Feeling
453,Air Supply,All Out of Love
453,Air Supply,Here I Am (Just When I Thought I Was Over You)
453,Air Supply,Making Love Out of Nothing at All
453,Selena Gomez & The Scene,A Year Without Rain
453,Iggy Pop,Candy
453,Jack Johnson,Better Together
453,Daughtry,What About Now
453,Ashanti,Foolish
453,Adele,Rolling in the Deep
453,No Doubt,Don't Speak
453,Adele,Someone Like You
453,Kelly Clarkson,Since U Been Gone
453,Journey,Separate Ways (Worlds Apart)
453,Daughtry,Over You
453,Katy Perry,The One That Got Away
453,The Vamps,Somebody To You
453,James Newton Howard,The Hanging Tree
453,MIKA,Happy Ending
453,Sara Bareilles,Gravity
453,Vance Joy,Riptide
453,Demi Lovato,Sorry Not Sorry
453,Dua Lipa,IDGAF
453,Dua Lipa,New Rules
453,Kesha,Praying
454,Kanye West,Gold Digger
454,French Montana,Unforgettable
454,Lil Uzi Vert,Erase Your Social
454,Lil Uzi Vert,Money Longer
454,J. Cole,No Role Modelz
454,Bastille,Pompeii
454,Bastille,Good Grief
454,Bastille,Of The Night
454,Bastille,Things We Lost In The Fire
454,Bastille,Icarus
454,Travis Scott,goosebumps
454,Playboi Carti,Magnolia
454,Eminem,Love The Way You Lie
454,Eminem,Without Me
454,Eminem,Not Afraid
454,Eminem,Stan
454,Eminem,Sing For The Moment
454,Eminem,Without Me
454,Eminem,The Real Slim Shady
454,Eminem,Mockingbird
454,Lil Wayne,6 Foot 7 Foot
454,Lil Wayne,A Milli
454,Lil Wayne,Right Above It
454,Dr. Dre,Still D.R.E.
454,Dr. Dre,The Next Episode
454,Dr. Dre,Forgot About Dre
454,Dr. Dre,I Need A Doctor
454,Kanye West,Stronger
454,Kanye West,Father Stretch My Hands Pt. 1
454,Chief Keef,Faneto
454,XXXTENTACION,Look At Me!
454,XXXTENTACION,Revenge
454,Ski Mask The Slump God,Take A Step Back
454,A Boogie Wit da Hoodie,Drowning (feat. Kodak Black)
454,A Boogie Wit da Hoodie,My Shit
454,Migos,Slippery (feat. Gucci Mane)
454,Migos,Bad and Boujee (feat. Lil Uzi Vert)
454,Rae Sremmurd,Swang
454,Rae Sremmurd,Come Get Her
454,Rae Sremmurd,This Could Be Us
454,blackbear,do re mi
454,Marshmello,Silence
454,XXXTENTACION,Jocelyn Flores
454,Lil Uzi Vert,The Way Life Goes (feat. Oh Wonder)
454,XXXTENTACION,Everybody Dies In Their Nightmares
454,XXXTENTACION,Fuck Love (feat. Trippie Redd)
454,Ski Mask The Slump God,Catch Me Outside
454,Post Malone,I Fall Apart
454,A$AP Ferg,Plain Jane
455,Flo Rida,My House
455,Disclosure,You & Me - Flume Remix
455,Alesso,Heroes (we could be)
455,G-Eazy,"Me, Myself & I"
455,Daya,Hide Away
455,Alessia Cara,Here
455,Mike Posner,I Took A Pill In Ibiza - Seeb Remix
455,Taio Cruz,Dynamite
455,Kygo,Stole the Show
455,Yeah Yeah Yeahs,Heads Will Roll - A-Trak Remix
455,B.o.B,So Good
455,Two Feet,Had Some Drinks
456,Thomas Rhett,Die A Happy Man
456,Sam Hunt,Make You Miss Me
456,Chris Young,Think of You
456,Tim McGraw,Humble And Kind
456,Sam Hunt,Break Up In A Small Town
456,Luke Combs,Hurricane
456,Jon Pardi,Head Over Boots
456,Dan + Shay,From the Ground Up
456,Rascal Flatts,I Like The Sound Of That
456,Florida Georgia Line,H.O.L.Y.
456,Dierks Bentley,Somewhere On A Beach
456,Cody Johnson,Dance Her Home
456,Cody Johnson,Me and My Kind
456,Cody Johnson,Diamond In My Pocket
456,Brooks & Dunn,Red Dirt Road
456,George Strait,Check Yes Or No
456,George Strait,Troubadour
456,George Strait,Amarillo By Morning
456,George Strait,Write This Down
456,Kenny Chesney,American Kids
456,Billy Currington,Good Directions
456,Zac Brown Band,Knee Deep (feat. Jimmy Buffett)
456,Zac Brown Band,Chicken Fried
456,Tim McGraw,Something Like That
456,"Hank Williams, Jr.",If Heaven Ain't A Lot Like Dixie
456,Kelsea Ballerini,Peter Pan
456,Billy Currington,It Don't Hurt Like It Used To
456,Brett Young,Sleep Without You
456,Brett Eldredge,Wanna Be That Song
456,Alabama,Dixieland Delight
456,Alabama,Song of the South
456,Cody Johnson,With You I Am
456,Cody Johnson,Wild as You
456,Chris Stapleton,Parachute
456,Jon Pardi,Dirt On My Boots
456,Florida Georgia Line,May We All
456,Josh Turner,Hometown Girl
456,Jordan Davis,Singles You Up
456,Luke Combs,She Got the Best of Me
456,Luke Combs,When It Rains It Pours
456,Josh Turner,Would You Go With Me
456,Josh Turner,Why Don't We Just Dance
456,Brett Young,Like I Loved You
457,Nelly,The Fix (feat. Jeremih)
457,Nick Jonas,Levels
457,Yelawolf,American You
457,Carly Rae Jepsen,Run Away With Me
457,The Chainsmokers,Roses
457,Daya,Hide Away
457,Justin Bieber,What Do You Mean?
457,Brett Eldredge,Wanna Be That Song
458,Kendrick Lamar,Money Trees
458,James Blake,Retrograde
458,J. Cole,Wet Dreamz
458,Counting Crows,Mr. Jones
458,The Game,Hate It Or Love It
458,Frank Ocean,Novacane
458,Zara Larsson,Lush Life
458,Chris Stapleton,Tennessee Whiskey
458,Drake,One Dance
458,Mike Posner,I Took A Pill In Ibiza - Seeb Remix
458,The Lumineers,Ophelia
458,Tame Impala,The Less I Know The Better
458,Bastille,Good Grief
458,The Weeknd,Starboy
458,Kanye West,Father Stretch My Hands Pt. 1
458,Childish Gambino,Me and Your Mama
458,Frank Ocean,Pink + White
458,Frank Ocean,Ivy
459,The Weeknd,The Hills
459,Tove Lo,Talking Body
459,Lykke Li,Little Bit
459,Sting,Shape Of My Heart
459,Nick Jonas,Close
459,DJ Snake,You Know You Like It
459,ZAYN,PILLOWTALK
459,Kelly Rowland,Motivation
460,The Pussycat Dolls,Stickwitu
460,Beyoncé,Halo
460,Coldplay,Fix You
460,Oasis,Wonderwall - Remastered
460,Hozier,Like Real People Do
460,Avril Lavigne,I'm with You
460,Ne-Yo,So Sick
460,Adele,Make You Feel My Love
460,Elvis Presley,Can't Help Falling in Love
460,Fergie,Big Girls Don't Cry (Personal)
460,Maroon 5,She Will Be Loved - Radio Mix
460,OneRepublic,Apologize
460,Lana Del Rey,Young And Beautiful
460,The Pussycat Dolls,I Hate This Part
460,Snow Patrol,Chasing Cars
460,Amy Winehouse,"Valerie - Live At BBC Radio 1 Live Lounge, London / 2007"
460,Ariana Grande,One Last Time
460,Katy Perry,Unconditionally
460,Bastille,Oblivion
460,Enrique Iglesias,Hero
460,The Cinematic Orchestra,To Build A Home
460,The Goo Goo Dolls,Iris
460,Jason Mraz,I Won't Give Up
460,Lupe Fiasco,Superstar (feat. Matthew Santos)
460,Sam Smith,I'm Not The Only One
460,Adele,Set Fire to the Rain
460,John Mayer,XO
460,Keane,Somewhere Only We Know
460,Noah Cyrus,Make Me (Cry)
460,Ed Sheeran,Perfect
461,Soulja Boy,Crank That (Soulja Boy)
462,Kendrick Lamar,HUMBLE.
462,Future,Mask Off
462,Joey Bada$$,DEVASTATED
462,Rae Sremmurd,Black Beatles
462,Big Sean,Bounce Back
462,A$AP Rocky,L$D
462,blackbear,do re mi
462,Khalid,Young Dumb & Broke
463,Frank Sinatra,My Way
463,Marvin Gaye,Ain't No Mountain High Enough
464,Noah Cyrus,Make Me (Cry)
464,The Vamps,All Night
464,Alok,Hear Me Now
464,Ed Sheeran,Shape of You
464,The Chainsmokers,Paris
465,The Clash,I Fought the Law
465,The Clash,London Calling - Remastered
465,The Clash,Should I Stay or Should I Go - Remastered
466,Hans Zimmer,Mountains
466,Alexandre Desplat,The Imitation Game
466,Sting,Shape Of My Heart
466,Gloria Estefan,Mi Tierra
466,Lionel Richie,Hello
468,Disclosure,You & Me - Flume Remix
468,Yeah Yeah Yeahs,Heads Will Roll - A-Trak Remix Radio Edit
468,The Chainsmokers,Roses
468,Flume,Holdin On
468,Florence + The Machine,Dog Days Are Over
468,Glass Animals,Gooey
468,ODESZA,How Did I Get Here
468,Disclosure,Latch
468,KAYTRANADA,YOU'RE THE ONE
469,Foster The People,Sit Next to Me
469,Foster The People,Lotus Eater
469,Thirty Seconds To Mars,Walk On Water
470,Nat King Cole,The Christmas Song (Merry Christmas To You)
470,Mariah Carey,All I Want for Christmas Is You
470,Vince Guaraldi Trio,Linus And Lucy
470,Bing Crosby,White Christmas
470,Elvis Presley,Blue Christmas
470,Stevie Wonder,Someday At Christmas
470,Stevie Wonder,What Christmas Means To Me
470,Elvis Presley,Here Comes Santa Claus (Right Down Santa Claus Lane)
470,Perry Como,(There's No Place Like) Home for the Holidays - 1959 Version
470,Burl Ives,Rudolph The Red-Nosed Reindeer
470,Ella Fitzgerald,Have Yourself A Merry Little Christmas
470,Wham!,Last Christmas
470,Vince Guaraldi Trio,O Tannenbaum
470,Vince Guaraldi Trio,"Hark, The Herald Angels Sing"
470,The Jackson 5,Santa Claus Is Coming To Town
471,PARTYNEXTDOOR,Come and See Me (feat. Drake)
471,Russ,What They Want
471,Leon Bridges,Better Man
471,Jeremih,oui
471,Kanye West,Father Stretch My Hands Pt. 1
471,The Chainsmokers,Don't Let Me Down
471,Birdy,Keeping Your Head Up
471,J. Cole,No Role Modelz
471,Jonas Blue,Fast Car
471,Twenty One Pilots,Stressed Out
471,Disclosure,Magnets
471,Kid Cudi,Erase Me - Main
471,Justin Bieber,Love Yourself
471,The Chainsmokers,Roses
471,alt-J,Something Good
471,alt-J,Breezeblocks
471,Chris Stapleton,Tennessee Whiskey
471,Justin Bieber,Sorry
471,alt-J,Fitzpleasure
471,Jess Glynne,Hold My Hand
471,Fetty Wap,679 (feat. Remy Boyz)
471,Justin Bieber,What Do You Mean?
471,Shaggy,It Wasn't Me
471,Rae Sremmurd,Throw Sum Mo
471,Milky Chance,Stolen Dance
471,Rae Sremmurd,No Type
471,Drake,One Dance
471,The Chainsmokers,Closer
471,Frank Ocean,Ivy
471,Post Malone,I Fall Apart
471,Lil Uzi Vert,Erase Your Social
471,The Chainsmokers,Paris
471,Post Malone,Congratulations
471,Kid Cudi,Just What I Am
471,Kendrick Lamar,LOVE. FEAT. ZACARI.
471,Khalid,Location
471,Khalid,8TEEN
471,Chief Keef,Love Sosa
472,Incubus,Wish You Were Here
472,Sublime,Badfish
472,Sublime,Smoke Two Joints
472,Bob Marley & The Wailers,Three Little Birds
472,Bob Marley & The Wailers,Could You Be Loved
472,Bob Marley & The Wailers,Redemption Song
472,Bob Marley & The Wailers,Is This Love
472,Incubus,Dig
472,Sublime,What I Got
472,Incubus,Are You In?
473,The Weeknd,Die For You
473,Russ,Losin Control
473,PARTYNEXTDOOR,Come and See Me (feat. Drake)
473,Kendrick Lamar,LOVE. FEAT. ZACARI.
473,Future,Mask Off
473,Frank Ocean,Nights
473,Frank Ocean,Chanel
475,Sleeping At Last,Chasing Cars
475,LANY,ILYSB - STRIPPED
475,Sleeping At Last,Turning Page
475,Angus & Julia Stone,Big Jet Plane
475,James Bay,Let It Go
475,M83,Wait
475,The Cinematic Orchestra,To Build A Home
475,Tom Odell,Heal
475,Bastille,Oblivion
475,Bon Iver,Wash.
475,Jaymes Young,Moondust
475,Kings of Leon,Wait for Me
475,Kodaline,All I Want
475,Paramore,The Only Exception
475,Kodaline,High Hopes
475,Vance Joy,Fire and the Flood
475,Kodaline,The One
475,M83,My Tears Are Becoming A Sea
475,Bon Iver,Blood Bank
475,One Direction,Perfect
475,Sleeping At Last,Already Gone
475,Dean Lewis,Waves
475,Cage The Elephant,Cigarette Daydreams
475,Ruth B.,Dandelions
475,Lewis Capaldi,Bruises
475,Sara Bareilles,Gravity
475,Macklemore & Ryan Lewis,Growing Up (feat. Ed Sheeran)
475,Daniel Caesar,Loose
475,Sam Smith,Too Good At Goodbyes
476,Birdy,Skinny Love
476,Hozier,Like Real People Do
476,Niall Horan,This Town
476,Rihanna,Love On The Brain
476,Melanie Martinez,Training Wheels
476,Labrinth,Jealous
476,Tom Odell,Another Love
476,Kings of Leon,Sex on Fire
476,Little Mix,Love Me Like You
476,Hozier,Cherry Wine - Live
476,Slipknot,Snuff
476,Maroon 5,Sugar
476,Tove Lo,Talking Body
476,Nick Jonas,Close
476,The Neighbourhood,Daddy Issues
476,ZAYN,PILLOWTALK
476,The 1975,Robbers
476,All Time Low,Remembering Sunday
476,Bring Me The Horizon,Follow You
476,Counting Crows,Colorblind
476,Mazzy Star,Fade Into You
476,Paramore,The Only Exception
476,The 1975,Somebody Else
476,James Arthur,Say You Won't Let Go
476,Coldplay,Sparks
476,Snow Patrol,Chasing Cars
476,The Paper Kites,Bloom - Bonus Track
476,Paramore,All I Wanted
476,Julia Michaels,Issues
476,Lady Gaga,Million Reasons
476,Keane,Somewhere Only We Know
476,Tom Odell,Heal
478,Khalid,Young Dumb & Broke
478,Niall Horan,Slow Hands
478,The Vamps,All Night
478,Shawn Mendes,There's Nothing Holdin' Me Back
478,Hailee Steinfeld,Most Girls
478,The Vamps,Middle Of The Night
478,Robin Schulz,Sugar (feat. Francesco Yates)
478,Fetty Wap,679 (feat. Remy Boyz)
478,MØ,Final Song
478,DJ Snake,You Know You Like It
478,Post Malone,Congratulations
478,Zara Larsson,Never Forget You
478,The Chainsmokers,Don't Let Me Down
478,Fifth Harmony,That's My Girl
478,Kendrick Lamar,HUMBLE.
478,Shania Twain,Man! I Feel Like A Woman!
478,Shania Twain,"Honey, I'm Home"
479,Blake Shelton,Boys 'Round Here (feat. Pistol Annies & Friends)
479,Blake Shelton,Honey Bee
479,Miranda Lambert,Mama's Broken Heart
479,Florida Georgia Line,Cruise
479,Little Big Town,Pontoon
479,Josh Turner,Your Man
479,Eric Church,Springsteen
479,Lee Brice,Hard To Love
479,Brantley Gilbert,You Don't Know Her Like I Do
479,Luke Bryan,That's My Kind Of Night
479,Toby Keith,Red Solo Cup
479,Florida Georgia Line,Round Here
479,Sam Hunt,Take Your Time
479,Sheryl Crow,If It Makes You Happy
479,Sheryl Crow,All I Wanna Do
479,Tim McGraw,Live Like You Were Dying
479,Little Big Town,Girl Crush
479,Thomas Rhett,Die A Happy Man
479,Kelsea Ballerini,Peter Pan
480,Skrillex,Bangarang (feat. Sirah)
480,Coldplay,Viva La Vida
480,Andy Grammer,"Honey, I'm Good."
480,Andy Grammer,Keep Your Head Up
480,The Script,Superheroes
480,The Script,Breakeven
480,OneRepublic,Counting Stars
480,OneRepublic,Secrets
480,OneRepublic,Apologize
480,The Fray,How to Save a Life
480,The Fray,You Found Me
480,The Fray,Never Say Never
480,Maroon 5,Maps
480,Maroon 5,She Will Be Loved - Radio Mix
480,Train,"Hey, Soul Sister"
480,Train,Drive By
480,Jason Derulo,Want to Want Me
480,Pitbull,Time of Our Lives
480,Lupe Fiasco,The Show Goes On
480,T.I.,Whatever You Like
480,Michael Jackson,They Don't Care About Us
480,The Jackson 5,I Want You Back
480,The Jackson 5,ABC
480,Coldplay,Paradise
480,Shawn Mendes,Stitches
480,Fall Out Boy,Centuries
480,Fall Out Boy,My Songs Know What You Did In The Dark (Light Em Up)
480,Fall Out Boy,Immortals
480,Fall Out Boy,"Sugar, We're Goin Down"
480,Ed Sheeran,Photograph
480,Maroon 5,Payphone
480,Maroon 5,One More Night
480,Coldplay,A Sky Full of Stars
480,Coldplay,Yellow
480,Imagine Dragons,Demons
480,Foster The People,Pumped Up Kicks
480,Jason Mraz,I Won't Give Up
480,B.o.B,Magic (feat. Rivers Cuomo)
480,Passenger,Let Her Go
480,Twenty One Pilots,Stressed Out
480,Justin Bieber,Love Yourself
480,Vance Joy,Riptide
481,Lukas Graham,7 Years
483,Lorde,Writer In The Dark
483,Lorde,Perfect Places
483,The Wombats,Greek Tragedy
483,Arctic Monkeys,Fluorescent Adolescent
483,Arctic Monkeys,505
483,Arctic Monkeys,Do I Wanna Know?
483,Arctic Monkeys,R U Mine?
483,Arctic Monkeys,Arabella
483,Arctic Monkeys,Snap Out Of It
483,Arctic Monkeys,Why'd You Only Call Me When You're High?
483,Arctic Monkeys,I Wanna Be Yours
483,Post Malone,Congratulations
483,Rihanna,Needed Me
483,Childish Gambino,Heartbeat
483,Childish Gambino,Me and Your Mama
483,Childish Gambino,Redbone
483,Frank Ocean,Thinkin Bout You
483,Frank Ocean,Ivy
483,Kendrick Lamar,Alright
483,Lorde,Ribs
483,Neil Diamond,Sweet Caroline
483,Weezer,Beverly Hills
483,The Lumineers,Ophelia
483,The Lumineers,Stubborn Love
483,Cage The Elephant,Come a Little Closer
483,Khalid,Location
483,Khalid,8TEEN
483,Khalid,Young Dumb & Broke
483,The Neighbourhood,Cry Baby
483,The 1975,Somebody Else
483,Cage The Elephant,Trouble
483,Travis Scott,goosebumps
483,Bryson Tiller,Exchange
483,Bryson Tiller,Right My Wrongs
483,Good Charlotte,The Anthem
484,Hailee Steinfeld,Starving
484,The Chainsmokers,Closer
484,Machine Gun Kelly,Bad Things (with Camila Cabello)
484,Alicia Keys,If I Ain't Got You
484,Niall Horan,This Town
484,James Arthur,Say You Won't Let Go
484,Calvin Harris,My Way
484,Alessia Cara,Scars To Your Beautiful
484,Andy Grammer,Fresh Eyes
484,Andy Grammer,Keep Your Head Up
484,Andy Grammer,Fine By Me
485,The Goo Goo Dolls,Iris
485,Warren G,Regulate
485,Soundgarden,Black Hole Sun
485,Weezer,Buddy Holly
485,Green Day,When I Come Around
485,Mariah Carey,Fantasy
485,Sarah McLachlan,Building a Mystery
485,Oasis,Wonderwall - Remastered
485,TLC,Creep
485,No Doubt,Spiderwebs
485,Guns N' Roses,November Rain
485,Incubus,Drive
485,Mariah Carey,Always Be My Baby
485,Ozzy Osbourne,"Mama, I'm Coming Home"
485,Ozzy Osbourne,No More Tears
485,Rammstein,Du hast
485,*NSYNC,Tearin' up My Heart - Radio Edit
485,Third Eye Blind,Semi-Charmed Life
485,Lenny Kravitz,Again
486,ODESZA,How Did I Get Here
486,ODESZA,Line Of Sight (feat. WYNNE & Mansionair)
487,The Chainsmokers,Don't Let Me Down
487,Zara Larsson,Never Forget You
487,The Chainsmokers,Closer
487,Jonas Blue,Perfect Strangers
487,Hailee Steinfeld,Starving
487,Martin Garrix,In the Name of Love
487,The Weeknd,Starboy
487,G-Eazy,"Me, Myself & I"
487,Mike Posner,I Took A Pill In Ibiza - Seeb Remix
488,Ariana Grande,Santa Tell Me
488,Mariah Carey,All I Want for Christmas Is You
488,Bing Crosby,White Christmas
488,Nat King Cole,The Christmas Song (Merry Christmas To You)
488,Justin Bieber,Mistletoe
488,The Jackson 5,Santa Claus Is Coming To Town
488,José Feliciano,Feliz Navidad
488,Kelly Clarkson,Underneath the Tree
488,Wham!,Last Christmas
489,Elton John,Don't Go Breaking My Heart
489,Ed Sheeran,Shape of You
489,Bruno Mars,When I Was Your Man
489,Ruth B.,Superficial Love - Single Version
489,Ruth B.,Lost Boy
489,Julia Michaels,Issues
489,Machine Gun Kelly,Bad Things (with Camila Cabello)
489,Noah Cyrus,Make Me (Cry)
489,Passenger,Let Her Go
489,Sam Smith,Stay With Me
489,Niall Horan,This Town
489,Sam Smith,I'm Not The Only One
489,Shawn Mendes,Mercy
489,OneRepublic,Apologize
489,Fergie,Big Girls Don't Cry (Personal)
489,Imagine Dragons,Demons
489,Katy Perry,The One That Got Away
489,Alicia Keys,No One
489,Zara Larsson,Uncover
489,Sam Smith,Like I Can
489,Maroon 5,Payphone
489,Gotye,Somebody That I Used To Know
489,Ariana Grande,One Last Time
489,OneRepublic,Counting Stars
489,Maroon 5,One More Night
489,Clean Bandit,Rather Be (feat. Jess Glynne)
489,Maroon 5,Animals
489,Iggy Azalea,Fancy
489,Robin Thicke,Blurred Lines
489,Shawn Mendes,Stitches
489,Justin Bieber,Love Yourself
489,Katy Perry,Dark Horse
489,Maroon 5,Sugar
489,Charlie Puth,One Call Away
489,Katy Perry,Roar
489,Shawn Mendes,Treat You Better
489,Justin Bieber,Sorry
490,Florida Georgia Line,H.O.L.Y.
490,Sam Hunt,Body Like A Back Road
490,Chris Brown,Forever
490,Lee Brice,Love Like Crazy
490,Florida Georgia Line,May We All
491,Gym Class Heroes,Taxi Driver
491,Train,Drive By
491,OneRepublic,Good Life
491,Coldplay,Viva La Vida
491,Green Day,American Idiot
491,blink-182,First Date
491,Sean Paul,She Doesn't Mind
491,OneRepublic,Apologize
491,OneRepublic,Secrets
491,Coldplay,Paradise
491,Hollywood Undead,Bullet
491,Maroon 5,Payphone
491,Pierce The Veil,King For A Day
491,Thirty Seconds To Mars,This Is War
491,blink-182,What's My Age Again?
491,t.A.T.u.,All The Things She Said
491,Three Days Grace,Riot
491,Jimmy Eat World,Sweetness
491,Bring Me The Horizon,Drown
491,Avenged Sevenfold,A Little Piece of Heaven
491,Zedd,Stay The Night - Featuring Hayley Williams Of Paramore
491,Melanie Martinez,Mad Hatter
491,2 Chainz,We Own It (Fast & Furious)
491,Billy Joel,Piano Man
491,Three Days Grace,Never Too Late
491,Three Days Grace,Animal I Have Become
491,Carrie Underwood,Church Bells
491,Twenty One Pilots,Heathens
491,Rae Sremmurd,Black Beatles
491,Muse,Starlight
491,Mindless Self Indulgence,Never Wanted To Dance
491,Twenty One Pilots,Stressed Out
491,The Chainsmokers,Something Just Like This
492,Eminem,Love The Way You Lie
492,Eminem,Not Afraid
492,Eminem,Superman
492,Eminem,Sing For The Moment
492,Eminem,Mockingbird
492,Yelawolf,Best Friend
493,The Cranberries,Zombie
493,Rammstein,Du hast
493,Rob Zombie,Superbeast
493,Rob Zombie,Dragula
493,Scorpions,Wind Of Change
493,The Prodigy,Breathe
493,Godsmack,I Stand Alone
493,System Of A Down,B.Y.O.B.
493,Slipknot,Psychosocial
493,Pantera,Walk
494,John Mayer,XO
494,John Mayer,Gravity
494,Calum Scott,Dancing On My Own
495,Lil Uzi Vert,Erase Your Social
495,PnB Rock,Selfish
495,Lil Uzi Vert,Money Longer
495,A Boogie Wit da Hoodie,My Shit
496,The Temptations,My Girl
496,The Killers,Mr. Brightside
496,Tom Jones,It's Not Unusual
496,Michael Jackson,Billie Jean
496,Billy Joel,Piano Man
496,Amy Winehouse,Me & Mr Jones
496,Neil Diamond,Sweet Caroline
496,Whitney Houston,I Wanna Dance with Somebody (Who Loves Me)
496,Electric Light Orchestra,Mr. Blue Sky
496,Destiny's Child,Survivor
496,Stevie Wonder,"Signed, Sealed, Delivered (I'm Yours)"
498,The Black Keys,Lonely Boy
498,The Black Keys,Tighten Up
498,The White Stripes,Seven Nation Army
498,The White Stripes,Icky Thump
498,Arctic Monkeys,Fluorescent Adolescent
498,Arctic Monkeys,When The Sun Goes Down
498,Arctic Monkeys,R U Mine?
498,Muse,Madness
498,Muse,Uprising
498,Muse,Supermassive Black Hole
498,Muse,Undisclosed Desires
498,Kings of Leon,Sex on Fire
498,Kings of Leon,Closer
498,Kings of Leon,Pyro
498,The Strokes,Reptilia
498,The Strokes,Under Cover of Darkness
498,The Strokes,Someday
498,The Strokes,Last Nite
498,Queens of the Stone Age,No One Knows
498,Queens of the Stone Age,Go With The Flow
498,Queens of the Stone Age,Little Sister
498,Radiohead,No Surprises
498,Radiohead,Creep
498,Soundgarden,Black Hole Sun
498,Soundgarden,Fell On Black Days
498,Soundgarden,Spoonman
498,Alice In Chains,Nutshell
498,The White Stripes,Blue Orchid
499,Tim McGraw,It's Your Love
499,Rascal Flatts,My Wish
499,Flo Rida,Good Feeling
499,Train,Marry Me
499,Neil Diamond,Sweet Caroline
499,Whitney Houston,I Wanna Dance with Somebody (Who Loves Me)
499,Pharrell Williams,"Happy - From ""Despicable Me 2"""
499,WALK THE MOON,Shut Up and Dance
499,Josh Turner,Time Is Love
499,John Legend,All of Me
499,Journey,Don't Stop Believin'
499,Ed Sheeran,Photograph
499,Rihanna,We Found Love
499,Marvin Gaye,Ain't No Mountain High Enough
499,The Temptations,My Girl
499,Chris Brown,Forever
499,Rascal Flatts,Bless The Broken Road
499,Dan + Shay,From the Ground Up
499,Robin Thicke,Blurred Lines
499,Norah Jones,Come Away With Me
499,Michael Bublé,Everything
499,Al Green,Let's Stay Together
499,Calvin Harris,Feel So Close - Radio Edit
499,DJ Snake,Turn Down for What
499,Brad Paisley,She's Everything
499,Christina Perri,A Thousand Years
499,Clean Bandit,Rather Be (feat. Jess Glynne)
499,Zedd,I Want You To Know
499,LMFAO,Party Rock Anthem
499,John Mayer,Gravity
499,Bruno Mars,That's What I Like
499,Taio Cruz,Dynamite
499,Katy Perry,Firework
499,Rihanna,Don't Stop The Music
499,Kool & The Gang,Celebration
499,Justin Bieber,What Do You Mean?
499,Zac Brown Band,Chicken Fried
499,Zac Brown Band,Whatever It Is
499,Bruno Mars,Just the Way You Are
500,Marvin Gaye,Ain't No Mountain High Enough
500,Boston,More Than a Feeling
500,The Animals,House Of The Rising Sun
500,John Mellencamp,Jack & Diane
500,Bryan Adams,Summer Of '69
500,Scorpions,Rock You Like A Hurricane
500,Tom Petty,Free Fallin'
500,Guns N' Roses,Paradise City
500,Thin Lizzy,The Boys Are Back In Town
500,Bill Withers,Lean on Me
500,Nirvana,Come As You Are
500,Nirvana,Lithium
500,Nirvana,Dumb
500,Nirvana,All Apologies
500,Beastie Boys,Brass Monkey
500,Beastie Boys,No Sleep Till Brooklyn
501,Nicky Jam,Hasta el Amanecer
501,Plan B,Fanática Sensual
502,Lana Del Rey,Summertime Sadness
502,Sabrina Carpenter,Thumbs
502,Machine Gun Kelly,Bad Things (with Camila Cabello)
502,Meghan Trainor,Dear Future Husband
502,Rihanna,Love On The Brain
502,Taio Cruz,Telling The World
502,Rihanna,Umbrella
502,Lorde,Green Light
502,Michael Bublé,Feeling Good
502,Hailee Steinfeld,Starving
502,Hailee Steinfeld,Rock Bottom
503,Yann Tiersen,"Comptine d'un autre été, l'après-midi"
503,Jóhann Jóhannsson,The Theory of Everything
503,John Williams,Theme From Schindler's List
503,Max Richter,The Departure
503,Yiruma,River Flows In You
504,Ray Charles,Hit the Road Jack
504,Marvin Gaye,Ain't No Mountain High Enough
504,Stevie Wonder,"Signed, Sealed, Delivered (I'm Yours)"
504,Kool & The Gang,Get Down On It - Single Version
504,Commodores,Brick House
504,Kool & The Gang,Celebration
504,Rick Astley,Never Gonna Give You Up
504,Al Green,Let's Stay Together
504,The Jackson 5,ABC
504,Coolio,Gangsta's Paradise
504,"Earth, Wind & Fire",Let's Groove
504,Michael Jackson,Rock with You - Single Version
504,Kool & The Gang,Get Down On It - Single Version
504,Commodores,Brick House
504,The Temptations,My Girl
504,Al Green,Love and Happiness
504,"Earth, Wind & Fire",Boogie Wonderland
504,The Jackson 5,I Want You Back
504,Marvin Gaye,Let's Get It On
504,Marvin Gaye,Mercy Mercy Me (The Ecology)
504,Prince,When Doves Cry
504,Prince,Purple Rain
504,Prince,Kiss
504,Michael Jackson,Billie Jean
504,Prince,I Would Die 4 U
504,Ashanti,Foolish
504,Marvin Gaye,Let's Get It On
504,James Brown,The Payback
504,Marvin Gaye,Sexual Healing
504,Fugees,Fu-Gee-La
504,Cypress Hill,Insane in the Brain
504,Missy Elliott,Get Ur Freak On
504,2Pac,Dear Mama
504,Al Green,Love and Happiness
504,Stevie Wonder,Sir Duke
504,Blackstreet,No Diggity
504,Erykah Badu,On & On
504,Mary J. Blige,Be Happy
504,Michael Jackson,Smooth Criminal - 2012 Remaster
504,2Pac,Ambitionz Az A Ridah
504,2Pac,Keep Ya Head Up
504,Fugees,Ready or Not
504,Whitney Houston,I Wanna Dance with Somebody (Who Loves Me)
504,Janet Jackson,"Any Time, Any Place"
505,Frank Ocean,Ivy
505,Tame Impala,Feels Like We Only Go Backwards
505,MGMT,Time to Pretend
505,M83,Midnight City
505,The 1975,Robbers
505,Interpol,Obstacle 1
505,Weezer,Island In The Sun
505,MGMT,Kids
505,Empire of the Sun,Walking On A Dream
505,Two Door Cinema Club,What You Know
505,Modest Mouse,Float On
505,Gorillaz,On Melancholy Hill
505,Tame Impala,The Less I Know The Better
505,Daniel Caesar,Get You (feat. Kali Uchis)
505,Tame Impala,Eventually
505,The 1975,Somebody Else
506,Nicky Jam,Hasta el Amanecer
506,Don Omar,Danza Kuduro
506,Luis Fonsi,No Me Doy Por Vencido
506,Don Omar,Dile
506,Enrique Iglesias,Bailando - Spanish Version
506,Enrique Iglesias,Cuando Me Enamoro
506,Prince Royce,Deja vu
506,Carlos Vives,La Bicicleta
506,Maluma,Felices los 4
506,Maluma,Borro Cassette
506,Prince Royce,Darte un Beso
507,Bryson Tiller,Right My Wrongs
507,Bryson Tiller,Exchange
507,PARTYNEXTDOOR,Come and See Me (feat. Drake)
507,Russ,Losin Control
507,Khalid,Location
508,2 Chainz,It's A Vibe
508,Demi Lovato,Sorry Not Sorry
508,Kodak Black,Transportin'
509,Christina Perri,human
509,Oasis,Wonderwall - Remastered
509,Oasis,Champagne Supernova - Remastered
509,Coldplay,The Scientist
509,Coldplay,Viva La Vida
509,Bacilos,Caraluna
509,Bacilos,Mi primer millon
509,Maroon 5,She Will Be Loved - Radio Mix
509,James Blunt,You're Beautiful
509,Snow Patrol,Chasing Cars
509,The Fray,How to Save a Life
509,The Fray,You Found Me
509,The Script,Superheroes
509,The Script,Breakeven
509,The Script,The Man Who Can't Be Moved
509,Sia,Elastic Heart
509,Sia,Chandelier
509,3 Doors Down,Here Without You
509,Hoobastank,The Reason
509,Coldplay,Yellow
509,Owl City,Fireflies
509,Counting Crows,Mr. Jones
509,Robin Schulz,Sugar (feat. Francesco Yates)
509,The Chainsmokers,Roses
509,Robbie Williams,Rock DJ
509,Nickelback,Photograph
509,Nickelback,Far Away
509,Plain White T's,Hey There Delilah
509,The Weeknd,Starboy
509,DJ Snake,Let Me Love You
509,3 Doors Down,Kryptonite
509,OneRepublic,Apologize
509,Ed Sheeran,Shape of You
509,Noah Cyrus,Make Me (Cry)
509,Coldplay,Fix You
509,The Who,Behind Blue Eyes
509,Oasis,Stop Crying Your Heart Out
509,The Script,For the First Time
509,Childish Gambino,Redbone
509,Miley Cyrus,Malibu
509,U2,I Still Haven't Found What I'm Looking For
509,John Mayer,Gravity
509,The Doors,People Are Strange
509,The Chainsmokers,Something Just Like This
509,Angus & Julia Stone,Big Jet Plane
510,Bryson Tiller,Right My Wrongs
510,Russ,Losin Control
510,Post Malone,I Fall Apart
510,PnB Rock,Selfish
510,XXXTENTACION,Fuck Love (feat. Trippie Redd)
510,PnB Rock,Notice Me
510,Meek Mill,Blue Notes
510,XXXTENTACION,Jocelyn Flores
510,PARTYNEXTDOOR,Come and See Me (feat. Drake)
510,Labrinth,Jealous
510,X Ambassadors,Unsteady
511,Bryson Tiller,Exchange
511,6LACK,PRBLMS
511,Frank Ocean,Pink + White
511,Frank Ocean,Ivy
511,Jeremih,Impatient
511,Russ,Losin Control
511,Russ,What They Want
511,Rae Sremmurd,Black Beatles
511,PnB Rock,Selfish
511,Migos,Bad and Boujee (feat. Lil Uzi Vert)
511,Rae Sremmurd,Swang
512,Don McLean,Vincent
512,Radiohead,Fake Plastic Trees
512,Lord Huron,The Night We Met
512,Bob Dylan,Girl from the North Country
512,Florence + The Machine,Cosmic Love
512,Don McLean,Crossroads
513,Marshmello,Silence
513,Demi Lovato,Sorry Not Sorry
513,MØ,Nights With You
513,Martin Garrix,There for You
513,Cheat Codes,No Promises (feat. Demi Lovato)
513,Gryffin,Feel Good (feat. Daya)
513,Halsey,Bad At Love
513,Dua Lipa,New Rules
513,Hailee Steinfeld,"Let Me Go (with Alesso, Florida Georgia Line & watt)"
513,Bebe Rexha,Meant to Be (feat. Florida Georgia Line)
513,Bazzi,Mine
514,Glass Animals,Gooey
514,Radiohead,Jigsaw Falling Into Place
514,Yeah Yeah Yeahs,Maps
514,Arctic Monkeys,R U Mine?
514,Tame Impala,The Less I Know The Better
514,Tame Impala,Feels Like We Only Go Backwards
515,The Living Tombstone,Five Nights at Freddy's
515,The Living Tombstone,It's Been So Long
516,Boyz II Men,I'll Make Love To You
516,Boyz II Men,On Bended Knee
516,Ginuwine,Pony
516,R. Kelly,Bump n' Grind
516,Marvin Gaye,Sexual Healing
516,Lionel Richie,Hello
516,Commodores,Three Times A Lady
516,Commodores,Easy
516,Lionel Richie,Truly
516,Lionel Richie,Stuck On You
516,Lionel Richie,Dancing On The Ceiling
516,Usher,U Got It Bad
516,Usher,U Remind Me
516,Marvin Gaye,What's Going On
516,Missy Elliott,Get Ur Freak On
516,Ja Rule,Put It On Me
516,Nelly,Country Grammar (Hot Shit)
516,Michael Jackson,Remember the Time
516,Michael Jackson,They Don't Care About Us
516,Toni Braxton,You're Makin' Me High
516,Toni Braxton,Un-Break My Heart
516,Toni Braxton,Breathe Again
516,Destiny's Child,"Jumpin', Jumpin'"
516,Rihanna,Umbrella
516,50 Cent,In Da Club
516,DJ Snake,Turn Down for What
516,50 Cent,In Da Club
516,Iggy Azalea,Fancy
516,Nelly,Dilemma
516,Nelly,Hot In Herre
516,Blackstreet,Before I Let You Go
516,Ne-Yo,So Sick
516,Lil' Kim,Magic Stick
516,Brandy,Have You Ever
516,Stevie Wonder,"Signed, Sealed, Delivered (I'm Yours)"
516,Marvin Gaye,You're All I Need To Get By
516,The Temptations,I Can't Get Next To You
516,Diana Ross,I'm Coming Out
516,Sam Cooke,Cupid
517,ScHoolboy Q,Man Of The Year
517,Boosie Badazz,"Wipe Me Down (feat. Foxx, Webbie & Lil Boosie) - Remix"
517,Usher,My Boo
518,Chris Tomlin,Good Good Father
519,Bob Marley & The Wailers,Buffalo Soldier
519,Bob Marley & The Wailers,"No Woman, No Cry - Live At The Lyceum, London/1975"
519,Wiz Khalifa,So High (feat. Ghost Loft)
520,Sleeping At Last,Chasing Cars
520,Kodaline,All I Want
520,The Cinematic Orchestra,To Build A Home
520,Birdy,Skinny Love
520,Tom Odell,Heal
520,M83,Wait
520,OneRepublic,Apologize
520,Maroon 5,She Will Be Loved - Radio Mix
520,Ne-Yo,So Sick
520,XXXTENTACION,Fuck Love (feat. Trippie Redd)
521,The Chainsmokers,Something Just Like This
521,MAX,Lights Down Low
521,Post Malone,Congratulations
521,AJR,Weak
521,Snow Patrol,Chasing Cars
521,Coldplay,Fix You
521,Coldplay,The Scientist
521,Three Days Grace,Never Too Late
521,Three Days Grace,Pain
521,Seether,Broken
521,Seether,Breakdown
521,Foo Fighters,Best of You
521,The Killers,Somebody Told Me
521,Good Charlotte,I Don't Wanna Be In Love (Dance Floor Anthem)
521,Russ,Losin Control
521,Lorde,Liability
521,Noah Cyrus,Make Me (Cry)
521,Rag'n'Bone Man,Skin
521,Labrinth,Jealous
521,Little Mix,Shout Out to My Ex
521,Niall Horan,This Town
521,Gotye,Somebody That I Used To Know
521,Martin Garrix,There for You
521,Luis Fonsi,Despacito - Remix
521,Lil Wayne,Mirror
521,Sam Hunt,Body Like A Back Road
521,Kacey Musgraves,Follow Your Arrow
521,blackbear,do re mi
521,Demi Lovato,Sorry Not Sorry
521,Alan Walker,Faded
521,James Arthur,Say You Won't Let Go
521,Imagine Dragons,Believer
521,Brett Young,In Case You Didn't Know
521,Niall Horan,Slow Hands
521,Luke Bryan,Drunk On You
521,Colbie Caillat,Bubbly
522,M83,Midnight City
522,Avicii,Without You (feat. Sandro Cavazza)
522,Of Monsters and Men,Little Talks
522,TheFatRat,Unity
522,TheFatRat,Xenogenesis
522,TheFatRat,Monody (feat. Laura Brehm)
522,Timmy Trumpet,Freaks - Radio Edit
522,WALK THE MOON,Shut Up and Dance
522,Galantis,Runaway (U & I)
523,Meek Mill,R.I.C.O. (feat. Drake)
523,D12,Pimp Like Me
523,Eminem,Superman
523,Dr. Dre,The Next Episode
523,Vince Staples,Norf Norf
523,Dr. Dre,Still D.R.E.
523,2Pac,Ambitionz Az A Ridah
523,The Game,My Life
523,Ice Cube,Why We Thugs
523,Ski Mask The Slump God,Take A Step Back
523,Ying Yang Twins,Naggin'
524,Tame Impala,Feels Like We Only Go Backwards
524,The Black Keys,Lonely Boy
525,Los Tigres Del Norte,Contrabando Y Traición
525,Los Huracanes del Norte,Nomas Por Tu Culpa
526,The Game,The Game & Skrillex: El Chapo
526,The Chainsmokers,Roses
526,Tove Lo,Talking Body
526,50 Cent,P.I.M.P.
526,Coolio,Gangsta's Paradise
526,Kanye West,Father Stretch My Hands Pt. 1
526,Kanye West,Gold Digger
526,T.I.,Whatever You Like
526,Ludacris,My Chick Bad
526,Justin Bieber,Sorry
526,Miley Cyrus,Party In The U.S.A.
526,Rae Sremmurd,Come Get Her
526,Tech N9ne,Caribou Lou
526,Lorde,Team
526,Kygo,Stole the Show
526,Maroon 5,This Love
526,Maroon 5,Sugar
526,Jimmy Buffett,Margaritaville
526,Zac Brown Band,Chicken Fried
526,Toby Keith,Red Solo Cup
526,Ne-Yo,Miss Independent
526,Akon,Right Now (Na Na Na)
526,Chris Brown,Forever
526,The Weeknd,The Hills
526,J. Cole,No Role Modelz
526,Big Sean,I Don't Fuck With You
526,Wiz Khalifa,No Sleep
526,Fetty Wap,679 (feat. Remy Boyz)
526,50 Cent,Candy Shop
526,50 Cent,In Da Club
526,Fetty Wap,Trap Queen
526,Mike Posner,I Took A Pill In Ibiza - Seeb Remix
526,Dr. Dre,The Next Episode
526,Dr. Dre,Still D.R.E.
526,Snoop Dogg,Drop It Like It's Hot
526,Far East Movement,Like A G6
526,Taio Cruz,Dynamite
526,Don Omar,Danza Kuduro
526,Calvin Harris,Summer
526,Mike Posner,I Took A Pill In Ibiza - Seeb Remix
526,Sia,Cheap Thrills
526,Calvin Harris,This Is What You Came For
526,J. Cole,Work Out
526,Calle 13,Atrévete-Te-Te
526,MGMT,Time to Pretend
526,The Chainsmokers,Closer
526,DJ Snake,Middle
526,Galantis,No Money
526,Skrillex,Purple Lamborghini (with Rick Ross)
526,Galantis,Runaway (U & I)
526,Fetty Wap,Again
526,M.I.A.,Paper Planes
527,UB40,Kingston Town
527,The Mamas & The Papas,Dedicated To The One I Love
527,The Doors,Touch Me
527,America,Ventura Highway
527,Cream,Sunshine Of Your Love
527,America,Sister Golden Hair
527,America,A Horse with No Name
527,Creedence Clearwater Revival,Bad Moon Rising
527,Steve Miller Band,Fly Like An Eagle
527,The Animals,House Of The Rising Sun
527,Bread,Guitar Man
527,Jimi Hendrix,Hey Joe
527,Pink Floyd,Us and Them
527,Kansas,Dust in the Wind
527,Supertramp,Goodbye Stranger - 2010 Remastered
527,Heart,Crazy On You
528,ScHoolboy Q,Man Of The Year
528,J. Cole,No Role Modelz
528,Future,Mask Off
528,ScHoolboy Q,THat Part
528,Migos,Bad and Boujee (feat. Lil Uzi Vert)
528,Post Malone,Congratulations
528,Lil Uzi Vert,Money Longer
528,Lil Uzi Vert,Erase Your Social
528,A Boogie Wit da Hoodie,Drowning (feat. Kodak Black)
528,XXXTENTACION,Jocelyn Flores
528,XXXTENTACION,Everybody Dies In Their Nightmares
528,XXXTENTACION,Revenge
528,XXXTENTACION,Fuck Love (feat. Trippie Redd)
528,XXXTENTACION,Look At Me!
528,Childish Gambino,Redbone
528,Denzel Curry,Ultimate
528,Kanye West,Father Stretch My Hands Pt. 1
528,J. Cole,Wet Dreamz
528,Childish Gambino,Bonfire
528,Playboi Carti,Magnolia
528,Kendrick Lamar,HUMBLE.
528,Travis Scott,goosebumps
528,Big Sean,Bounce Back
528,Logic,1-800-273-8255
528,6LACK,PRBLMS
528,Khalid,Location
528,6LACK,Ex Calling
528,Ski Mask The Slump God,Catch Me Outside
528,Kodak Black,Transportin'
528,Vince Staples,Big Fish
528,Ski Mask The Slump God,Take A Step Back
528,Yung Gravy,Mr. Clean
528,Yung Gravy,1 Thot 2 Thot Red Thot Blue Thot
529,Amy Winehouse,"Valerie - Live At BBC Radio 1 Live Lounge, London / 2007"
529,Air Supply,Making Love Out of Nothing at All
529,M.I.A.,Paper Planes
529,Drake,One Dance
529,Sia,Chandelier
529,Leon Bridges,River
529,Disclosure,Latch
529,Lykke Li,I Follow Rivers
529,Paul Simon,You Can Call Me Al
529,Jamiroquai,Virtual Insanity - Remastered
529,Disclosure,Help Me Lose My Mind
529,Whitney Houston,How Will I Know
529,Whitney Houston,I Wanna Dance with Somebody (Who Loves Me)
529,Annie Lennox,Walking on Broken Glass
529,MAX,Lights Down Low
530,Skrillex,Bangarang (feat. Sirah)
530,Marshmello,Silence
530,Alan Walker,Alone
530,Alan Walker,Faded
530,Martin Garrix,In the Name of Love
532,Birdy,Not About Angels
532,Birdy,Skinny Love
532,Bon Iver,Flume
532,José González,Stay Alive
532,Bon Iver,Blood Bank
532,The Paper Kites,Paint
532,Bon Iver,Beach Baby
532,Gregory Alan Isakov,The Stable Song
532,The Paper Kites,Bloom - Bonus Track
532,José González,Heartbeats
532,Vance Joy,Fire and the Flood
532,The Paper Kites,Woodland
532,Hozier,Work Song
532,X Ambassadors,Unsteady
532,Novo Amor,Anchor
532,The Paper Kites,Tenenbaum
532,Sufjan Stevens,To Be Alone With You
532,José González,Crosses
532,Arctic Monkeys,I Wanna Be Yours
532,The Cinematic Orchestra,To Build A Home
532,Bon Iver,Wash.
533,Paramore,The Only Exception
533,Paramore,Misery Business
533,Daughtry,Over You
533,Daughtry,It's Not Over
533,Daughtry,Home
533,Daughtry,Waiting for Superman
533,Daughtry,Battleships
533,Daughtry,What About Now
533,Daughtry,No Surprise
533,Daughtry,Life After You
535,Bon Iver,Skinny Love
535,Florence + The Machine,You've Got The Love
536,Jack Johnson,I Got You
536,Zac Brown Band,Colder Weather
536,Amy Winehouse,"Valerie - Live At BBC Radio 1 Live Lounge, London / 2007"
536,Tom Odell,Another Love - Zwette Edit
536,Cage The Elephant,Trouble
536,The Lumineers,Ophelia
536,Bob Marley & The Wailers,Is This Love
536,Jack Johnson,Better Together
536,Of Monsters and Men,Crystals
536,The Temper Trap,Sweet Disposition
537,Bob Marley & The Wailers,Is This Love
537,Bob Marley & The Wailers,Jamming
537,Sublime,Badfish
537,Sublime,What I Got
537,Jack Johnson,I Got You
537,Bob Marley & The Wailers,Waiting In Vain
537,Jack Johnson,Banana Pancakes
538,Two Door Cinema Club,What You Know
540,Nicky Jam,Hasta el Amanecer
540,Calle 13,Atrévete-Te-Te
540,Juanes,Volverte A Ver
540,Juanes,Nada Valgo Sin Tu Amor
540,La Quinta Estacion,Que Te Quería
540,Romeo Santos,Imitadora
540,Alexis y Fido,Donde Estés Llegaré
540,Danny Ocean,Me Rehúso
541,Don Omar,Danza Kuduro
541,Jimmy Buffett,Margaritaville
541,Macklemore & Ryan Lewis,Thrift Shop (feat. Wanz)
541,Tracy Chapman,Fast Car
541,Luke Bryan,Drunk On You
541,Zac Brown Band,Chicken Fried
541,Jason Aldean,My Kinda Party
541,Toby Keith,Red Solo Cup
541,Lynyrd Skynyrd,Sweet Home Alabama
541,Maroon 5,One More Night
541,Kesha,Die Young
541,Skrillex,Bangarang (feat. Sirah)
542,Drake,One Dance
542,Rae Sremmurd,Black Beatles
542,Bruno Mars,24K Magic
542,The Weeknd,Starboy
542,Migos,Bad and Boujee (feat. Lil Uzi Vert)
542,Kendrick Lamar,HUMBLE.
542,Kanye West,Gold Digger
542,Ed Sheeran,Shape of You
542,"Earth, Wind & Fire",Let's Groove
542,50 Cent,In Da Club
542,Rae Sremmurd,Come Get Her
542,Lil Wayne,6 Foot 7 Foot
542,LMFAO,Shots
542,Snoop Dogg,Drop It Like It's Hot
542,Soulja Boy,Crank That (Soulja Boy)
542,Rae Sremmurd,Throw Sum Mo
542,"Earth, Wind & Fire",Boogie Wonderland
542,Journey,Don't Stop Believin'
542,Queen,Another One Bites The Dust - Remastered 2011
543,Pearl Jam,Alive
543,Nirvana,Smells Like Teen Spirit
543,The Doors,Love Me Two Times
543,Nirvana,Lithium
543,Cream,Sunshine Of Your Love
543,Kansas,Carry on Wayward Son
543,Lynyrd Skynyrd,Gimme Three Steps
543,The Doobie Brothers,Black Water
543,Boston,More Than a Feeling
543,Boston,More Than a Feeling
543,LMFAO,Party Rock Anthem
543,Queen,Bohemian Rhapsody - Remastered 2011
543,Guns N' Roses,Paradise City
543,Bon Jovi,It's My Life
543,U2,Beautiful Day
543,Billy Joel,Piano Man
543,Cream,Sunshine Of Your Love
543,Boston,Smokin'
543,Tom Petty,I Won't Back Down
543,Tom Petty,Free Fallin'
543,Roy Orbison,You Got It
543,Dave Matthews Band,What Would You Say
543,Dave Matthews Band,Ants Marching
543,Tom Petty,I Won't Back Down
543,Tom Petty and the Heartbreakers,Learning To Fly
543,Tom Petty,Free Fallin'
543,Johnny Cash,Hurt
543,Scorpions,Rock You Like A Hurricane
543,The Cars,Just What I Needed
543,The Doobie Brothers,China Grove
543,Simon & Garfunkel,America
544,Alan Walker,Faded
544,Mikky Ekko,Smile
544,Luis Fonsi,Despacito - Remix
544,Dua Lipa,New Rules
544,Hailee Steinfeld,"Let Me Go (with Alesso, Florida Georgia Line & watt)"
544,Lauv,I Like Me Better
544,Marshmello,Silence
544,Bebe Rexha,Meant to Be (feat. Florida Georgia Line)
545,Carlos Vives,La Bicicleta
545,Ricardo Arjona,Desnuda
545,Romeo Santos,Imitadora
546,Meek Mill,Litty (feat. Tory Lanez)
546,Kendrick Lamar,HUMBLE.
546,Travis Scott,goosebumps
546,Ed Sheeran,Shape of You
546,The Weeknd,Starboy
546,Luis Fonsi,Despacito - Remix
546,Rae Sremmurd,Black Beatles
546,Playboi Carti,Magnolia
546,Big Sean,I Don't Fuck With You
546,Kanye West,Gold Digger
546,ScHoolboy Q,Studio
546,Post Malone,Congratulations
546,The Chainsmokers,Closer
546,Meek Mill,R.I.C.O. (feat. Drake)
546,Rae Sremmurd,No Type
546,Future,Mask Off
546,Migos,Bad and Boujee (feat. Lil Uzi Vert)
547,Tame Impala,The Less I Know The Better
547,George Ezra,Budapest
547,Glass Animals,Gooey
547,Tame Impala,Elephant
548,James Arthur,Say You Won't Let Go
548,Mumford & Sons,I Will Wait
548,The Goo Goo Dolls,Iris
548,Coldplay,The Scientist
548,Jimmy Eat World,Hear You Me
548,Tim McGraw,Highway Don't Care
549,Rick Ross,Hustlin'
549,Rick Ross,Stay Schemin
549,Rick Ross,Aston Martin Music
549,South Park Mexican,I Must Be High
549,Cartel De Santa,Culón Culito
551,3 Doors Down,When I'm Gone
551,Evanescence,My Immortal
551,Simon & Garfunkel,Bridge Over Troubled Water
551,Green Day,21 Guns
551,Pink Floyd,Comfortably Numb
551,Fleetwood Mac,Rhiannon
551,Fleetwood Mac,Landslide
551,Paramore,The Only Exception
551,Two Door Cinema Club,Undercover Martyn
551,Two Door Cinema Club,What You Know
551,Two Door Cinema Club,I Can Talk
551,Twenty One Pilots,Ride
551,Twenty One Pilots,Car Radio
552,Luke Bryan,Country Girl (Shake It For Me)
552,Luke Bryan,Play It Again
552,Luke Bryan,"Huntin', Fishin' And Lovin' Every Day"
552,Luke Bryan,Kick The Dust Up
552,Brantley Gilbert,Kick It In The Sticks
552,Jon Pardi,Dirt On My Boots
552,Lee Brice,Hard To Love
552,Brantley Gilbert,The Weekend
552,Thomas Rhett,Die A Happy Man
552,Brantley Gilbert,Bottoms Up
552,Jason Aldean,Burnin' It Down
552,Jason Aldean,She's Country
552,Kenny Chesney,American Kids
552,Zac Brown Band,Chicken Fried
552,Zac Brown Band,Knee Deep (feat. Jimmy Buffett)
552,Zac Brown Band,Homegrown
552,Zac Brown Band,Toes
552,Eric Church,Springsteen
552,Eric Church,Talladega
552,Florida Georgia Line,H.O.L.Y.
552,Keith Urban,Blue Ain't Your Color
552,Jon Pardi,Head Over Boots
552,Florida Georgia Line,This Is How We Roll
552,Chris Young,I'm Comin' Over
552,Luke Bryan,That's My Kind Of Night
552,Dierks Bentley,Somewhere On A Beach
552,Josh Turner,Hometown Girl
552,Dierks Bentley,Drunk On A Plane
552,Jon Pardi,Heartache On The Dance Floor
552,Billy Currington,Do I Make You Wanna
552,Kenny Chesney,She Thinks My Tractor's Sexy
552,Darius Rucker,Wagon Wheel
552,Kenny Chesney,All the Pretty Girls
552,Rascal Flatts,What Hurts The Most
552,Florida Georgia Line,Round Here
553,UB40,The Way You Do The Things You Do
553,Bob Marley & The Wailers,"No Woman, No Cry - Live At The Lyceum, London/1975"
553,Sublime,Santeria
553,Bob Marley & The Wailers,Three Little Birds
554,Meek Mill,Dreams and Nightmares
554,Bryson Tiller,Exchange
554,Rihanna,Needed Me
554,Mariah Carey,Always Be My Baby
554,ScHoolboy Q,THat Part
554,Rae Sremmurd,Black Beatles
554,YG,Who Do You Love?
554,Jeezy,All There
555,Elton John,Your Song
555,The Outfield,Your Love
555,Crowded House,Don't Dream It's Over
555,Cyndi Lauper,Girls Just Want to Have Fun
555,ABBA,Dancing Queen
555,Ace of Base,The Sign
555,"Earth, Wind & Fire",Let's Groove
555,Tracy Chapman,Fast Car
555,Elvis Presley,Can't Help Falling in Love
555,Billy Joel,Vienna
555,Daryl Hall & John Oates,Rich Girl
555,Elton John,Tiny Dancer
555,Mazzy Star,Fade Into You
555,The Cranberries,Linger
555,The Cars,Just What I Needed
555,Fleetwood Mac,Landslide
555,The Temptations,My Girl
555,Guns N' Roses,Sweet Child O' Mine
555,Van Morrison,Brown Eyed Girl
555,Bob Marley & The Wailers,Three Little Birds
555,Bill Withers,Lean on Me
555,The Who,Baba O'Riley
555,Pink Floyd,Wish You Were Here
556,Skrillex,Bangarang (feat. Sirah)
556,Lil Wayne,6 Foot 7 Foot
556,B.o.B,HeadBand (feat. 2 Chainz)
556,ScHoolboy Q,Collard Greens
556,YG,Who Do You Love?
556,DMX,Where The Hood At
556,DMX,Ruff Ryders' Anthem
557,Nickelback,Rockstar
557,Jason Aldean,She's Country
557,Nickelback,Photograph
557,Luke Bryan,Kick The Dust Up
557,Dierks Bentley,5-1-5-0
557,Blake Shelton,Boys 'Round Here (feat. Pistol Annies & Friends)
557,Eric Church,Drink In My Hand
557,Florida Georgia Line,This Is How We Roll
557,Brad Paisley,I'm Gonna Miss Her
557,Billy Currington,Let Me Down Easy
557,Lynyrd Skynyrd,Sweet Home Alabama
557,Darius Rucker,For The First Time
557,Nickelback,If Today Was Your Last Day
558,The Weeknd,The Hills
558,Frank Ocean,Thinkin Bout You
558,Jeremih,Planez
558,Jeremih,Don't Tell 'Em
558,Fetty Wap,679 (feat. Remy Boyz)
558,Fetty Wap,Again
558,Alessia Cara,Here
558,Tory Lanez,Say It
558,Kevin Gates,2 Phones
558,Kevin Gates,Really Really
558,Rae Sremmurd,Black Beatles
558,Fetty Wap,Trap Queen
558,Future,Mask Off
558,Rae Sremmurd,Swang
559,Joey Bada$$,DEVASTATED
559,DJ Snake,Let Me Love You
559,A Boogie Wit da Hoodie,My Shit
559,Rae Sremmurd,This Could Be Us
559,Fetty Wap,Again
559,Jeremih,Down On Me
559,Meek Mill,R.I.C.O. (feat. Drake)
559,Rae Sremmurd,Black Beatles
559,B.o.B,HeadBand (feat. 2 Chainz)
559,Ludacris,How Low
559,Yo Gotti,Down In the DM
559,Fetty Wap,RGF Island
559,Rae Sremmurd,No Type
559,Tyga,Ice Cream Man
559,Rae Sremmurd,Throw Sum Mo
559,Lil Uzi Vert,Erase Your Social
559,ScHoolboy Q,Collard Greens
559,Big Sean,Beware
559,A Boogie Wit da Hoodie,Jungle
559,Migos,Bad and Boujee (feat. Lil Uzi Vert)
559,Bruno Mars,That's What I Like
559,Big Sean,Bounce Back
559,Post Malone,Congratulations
559,Gucci Mane,Both (feat. Drake)
559,Rae Sremmurd,Swang
559,NAV,Some Way
559,6LACK,PRBLMS
559,Russ,Losin Control
559,PARTYNEXTDOOR,Recognize (feat. Drake)
559,Migos,Slippery (feat. Gucci Mane)
559,Travis Scott,goosebumps
559,A Boogie Wit da Hoodie,Drowning (feat. Kodak Black)
559,2 Chainz,It's A Vibe
559,Joey Bada$$,TEMPTATION
559,PnB Rock,"Horses (with PnB Rock, Kodak Black & A Boogie Wit da Hoodie)"
559,R. Kelly,Ignition - Remix
559,Big Sean,I Know
560,The Chainsmokers,Don't Let Me Down
560,Sia,Cheap Thrills
560,Zara Larsson,Never Forget You
560,Galantis,No Money
560,Eminem,The Real Slim Shady
560,Robin Schulz,Sugar (feat. Francesco Yates)
560,Twenty One Pilots,Ride
560,Drake,One Dance
560,Eminem,Without Me
560,The Chainsmokers,Closer
560,Twenty One Pilots,Ride
560,Fetty Wap,Again
560,Kevin Gates,2 Phones
560,Justin Bieber,Sorry
560,Kesha,Die Young
560,J. Cole,No Role Modelz
560,Cassie,Me & U
560,YG,My Nigga
560,Shaggy,It Wasn't Me
560,DJ Snake,Let Me Love You
560,DJ Snake,Middle
560,Nelly,Ride Wit Me
560,Migos,Bad and Boujee (feat. Lil Uzi Vert)
560,Sublime,Santeria
560,M.I.A.,Paper Planes
560,Calvin Harris,Feel So Close - Radio Edit
560,Travis Scott,goosebumps
560,The Weeknd,Starboy
560,The Chainsmokers,Paris
560,Disclosure,You & Me - Flume Remix
560,DJ Snake,You Know You Like It
560,B.o.B,HeadBand (feat. 2 Chainz)
560,50 Cent,21 Questions
560,Kendrick Lamar,HUMBLE.
560,Jess Glynne,Hold My Hand
560,Khalid,Young Dumb & Broke
560,Khalid,Location
560,Russ,What They Want
560,Marshmello,Silence
560,Post Malone,Congratulations
560,French Montana,Unforgettable
561,Eminem,Stan
561,Ja Rule,Mesmerize
561,Lil Wayne,Love Me
561,Chief Keef,Hate Bein' Sober
561,Chief Keef,I Don't Like
561,Macklemore & Ryan Lewis,Thrift Shop (feat. Wanz)
561,Fabolous,You Be Killin Em
561,B.o.B,HeadBand (feat. 2 Chainz)
562,Kenny Chesney,I Go Back
562,Tim McGraw,Something Like That
562,Tim McGraw,"I Like It, I Love It"
562,Tim McGraw,Where The Green Grass Grows
562,Alan Jackson,Chattahoochee
562,Alan Jackson,Good Time
562,Dierks Bentley,What Was I Thinkin'
562,Dierks Bentley,5-1-5-0
562,Keith Urban,Long Hot Summer
562,Zac Brown Band,Homegrown
562,Eric Church,Drink In My Hand
562,Billy Currington,Don't It
562,Kenny Chesney,She Thinks My Tractor's Sexy
562,Tim McGraw,Indian Outlaw
562,Josh Turner,Why Don't We Just Dance
562,Billy Currington,Good Directions
562,Josh Turner,Firecracker
562,Jason Aldean,My Kinda Party
562,Brantley Gilbert,Country Must Be Country Wide
562,Kenny Chesney,She's Got It All
562,Kenny Chesney,American Kids
562,Jason Aldean,She's Country
562,Zac Brown Band,Chicken Fried
562,Brooks & Dunn,Ain't Nothing 'Bout You
562,Shania Twain,Any Man Of Mine
562,Brad Paisley,Mud on the Tires
562,Kenny Chesney,All the Pretty Girls
563,The Chainsmokers,Roses
563,DJ Snake,Middle
563,The Chainsmokers,Don't Let Me Down
563,Zara Larsson,Never Forget You
563,Twenty One Pilots,Ride
563,Nick Jonas,Close
563,Mike Posner,I Took A Pill In Ibiza - Seeb Remix
563,The Weeknd,The Hills
565,Brantley Gilbert,Country Must Be Country Wide
565,Little Big Town,Pontoon
565,Florida Georgia Line,Cruise
565,Florida Georgia Line,Round Here
565,Florida Georgia Line,This Is How We Roll
565,Brantley Gilbert,Bottoms Up
565,Brantley Gilbert,Country Must Be Country Wide
565,Lynyrd Skynyrd,Sweet Home Alabama
565,Rascal Flatts,What Hurts The Most
565,Rascal Flatts,Bless The Broken Road
565,Eric Church,Drink In My Hand
565,Eric Church,Springsteen
565,Brantley Gilbert,You Don't Know Her Like I Do
565,Luke Bryan,Country Girl (Shake It For Me)
565,Billy Currington,We Are Tonight
565,Dierks Bentley,I Hold On
565,Billy Currington,We Are Tonight
565,Luke Bryan,Play It Again
565,Chris Young,Who I Am With You
565,Little Big Town,Day Drinking
565,Oasis,Wonderwall - Remastered
565,Oasis,Champagne Supernova - Remastered
565,Oasis,Supersonic - Remastered
565,Jason Aldean,Burnin' It Down
565,Luke Bryan,That's My Kind Of Night
565,Toby Keith,Red Solo Cup
565,Tim McGraw,Highway Don't Care
565,Zac Brown Band,Chicken Fried
565,Lifehouse,Hanging By A Moment
565,Coldplay,A Sky Full of Stars
565,Coldplay,Viva La Vida
565,Third Eye Blind,Semi-Charmed Life
565,Maroon 5,Payphone
565,Maroon 5,She Will Be Loved - Radio Mix
565,Jack Johnson,Better Together
565,Jack Johnson,"Sitting, Waiting, Wishing"
565,Clean Bandit,Rather Be (feat. Jess Glynne)
565,The Outfield,Your Love
565,Counting Crows,Hanginaround
565,blink-182,I Miss You
565,Matchbox Twenty,If You're Gone
565,Third Eye Blind,Jumper - 1998 Edit
565,Weezer,Island In The Sun
565,Weezer,Say It Ain't So
565,Incubus,Drive
565,Red Hot Chili Peppers,Scar Tissue
565,Red Hot Chili Peppers,Californication
565,Red Hot Chili Peppers,Otherside
565,Counting Crows,Mr. Jones
565,Guns N' Roses,Welcome To The Jungle
565,blink-182,What's My Age Again?
565,Sam Hunt,House Party
565,Thomas Rhett,Make Me Wanna
565,Luke Bryan,Kick The Dust Up
565,Zac Brown Band,Homegrown
565,Blake Shelton,Sangria
567,WALK THE MOON,Anna Sun
567,Modest Mouse,Float On
567,Two Door Cinema Club,Sun
567,Milky Chance,Stolen Dance
567,alt-J,Left Hand Free
567,Coldplay,A Sky Full of Stars
567,Phoenix,1901
567,Vance Joy,Riptide
567,Foster The People,Houdini
567,Foster The People,Helena Beat
567,Arctic Monkeys,Why'd You Only Call Me When You're High?
567,Arctic Monkeys,Fluorescent Adolescent
567,Of Monsters and Men,Mountain Sound
567,Of Monsters and Men,King And Lionheart
567,The Paper Kites,Bloom - Bonus Track
568,Lana Del Rey,Summertime Sadness
569,The Cinematic Orchestra,To Build A Home
569,Lana Del Rey,Young And Beautiful
569,Lord Huron,The Night We Met
569,Billy Ray Cyrus,"Ready, Set, Don't Go"
569,Ruth B.,Lost Boy
570,DJ Snake,Let Me Love You
570,The Chainsmokers,Closer
570,Demi Lovato,Sorry Not Sorry
570,Logic,Everybody
570,Khalid,Young Dumb & Broke
570,Logic,1-800-273-8255
570,Macklemore,Glorious (feat. Skylar Grey)
572,The Chainsmokers,Don't Let Me Down
572,Zara Larsson,Never Forget You
572,Rita Ora,I Will Never Let You Down
572,Demi Lovato,Really Don't Care
572,DJ Snake,Middle
572,Marvin Gaye,Sexual Healing - Kygo Remix
572,Zara Larsson,Lush Life
572,Cassie,Me & U
572,Years & Years,Desire - Gryffin Remix
572,Galantis,Peanut Butter Jelly
572,The Pussycat Dolls,Buttons
572,Zendaya,Something New
572,Jonas Blue,Fast Car
572,Justin Bieber,Sorry
572,Justin Bieber,Love Yourself
572,G-Eazy,"Me, Myself & I"
572,Mike Posner,I Took A Pill In Ibiza - Seeb Remix
572,ZAYN,PILLOWTALK
572,Kevin Gates,2 Phones
572,Alessia Cara,Here
572,Rae Sremmurd,This Could Be Us
572,Daya,Hide Away
572,Disclosure,Magnets
572,Jeremih,Planez
572,Gwen Stefani,Hollaback Girl
572,Fetty Wap,679 (feat. Remy Boyz)
572,Demi Lovato,Cool for the Summer
572,The Weeknd,The Hills
572,Tove Lo,Talking Body
572,Eurythmics,Sweet Dreams (Are Made of This) - Remastered
572,Nelly Furtado,Promiscuous
572,Ellie Goulding,Burn
572,Fetty Wap,Trap Queen
572,Ellie Goulding,"Love Me Like You Do - From ""Fifty Shades Of Grey"""
572,Calvin Harris,This Is What You Came For
572,LANY,ILYSB
572,Kevin Gates,Hard For
572,Jeremih,oui
572,Drake,One Dance
572,Fetty Wap,RGF Island
572,Nicki Minaj,Moment 4 Life
572,Rihanna,Needed Me
572,Bryson Tiller,Don't
572,Fetty Wap,Again
572,Kevin Gates,Really Really
572,Nelly,The Fix (feat. Jeremih)
572,Tory Lanez,Say It
572,Bryson Tiller,Exchange
572,Trey Songz,Slow Motion
572,J. Cole,Wet Dreamz
572,Jeremih,Don't Tell 'Em
572,Flume,Holdin On
572,The Chainsmokers,Closer
572,DJ Snake,Let Me Love You
572,Hailee Steinfeld,Starving
572,Martin Garrix,In the Name of Love
573,Passenger,Let Her Go
573,Christina Perri,Jar of Hearts
573,Bruno Mars,Just the Way You Are
573,Plain White T's,Hey There Delilah
573,My Chemical Romance,I Don't Love You
573,blink-182,I Miss You
573,Green Day,Good Riddance (Time of Your Life)
573,Ed Sheeran,Photograph
573,Green Day,21 Guns
573,Eminem,Mockingbird
574,One Direction,Drag Me Down
574,Justin Bieber,What Do You Mean?
574,Shawn Mendes,Stitches
574,One Direction,Steal My Girl
574,Alessia Cara,Here
575,Jessie J,Bang Bang
575,Jeremih,Don't Tell 'Em
575,Iggy Azalea,Black Widow
575,Big Sean,I Don't Fuck With You
575,2 Chainz,No Lie
575,Ne-Yo,Closer
575,Usher,My Boo
575,TLC,No Scrubs
575,Mariah Carey,Fantasy
575,Snoop Dogg,Drop It Like It's Hot
575,Shaggy,It Wasn't Me
575,Kanye West,Gold Digger
575,Big Sean,I Don't Fuck With You
575,Nicki Minaj,Only
575,Nick Jonas,Jealous - Remix
575,Meghan Trainor,Lips Are Movin
575,Rae Sremmurd,No Type
575,Tove Lo,Habits (Stay High)
575,Sia,Chandelier
575,Meghan Trainor,All About That Bass
575,Iggy Azalea,Black Widow
575,Rihanna,Only Girl (In The World)
576,AJR,Weak
576,Marshmello,Silence
576,Khalid,8TEEN
576,Khalid,Young Dumb & Broke
576,LANY,pink skies
576,Imagine Dragons,Thunder
577,Bob Dylan,Hurricane
577,Sublime,Waiting For My Ruca
577,The Cranberries,Dreams
577,Sublime,Doin' Time
578,One Direction,You & I
578,One Direction,Right Now
578,Ed Sheeran,Photograph
578,The Fray,Never Say Never
579,Yiruma,River Flows In You
579,José González,Step Out
579,Michael Bublé,Feeling Good
579,Jason Mraz,I'm Yours
579,John Mayer,Waiting On the World to Change
579,Bob Marley & The Wailers,Three Little Birds
579,Maroon 5,She Will Be Loved - Radio Mix
579,Céline Dion,"My Heart Will Go On - Love Theme from ""Titanic"""
579,Sam Smith,Stay With Me
579,Kodaline,All I Want
579,Lukas Graham,7 Years
579,Passenger,Let Her Go
579,John Legend,All of Me
580,Third Eye Blind,Jumper - 1998 Edit
580,U2,Sunday Bloody Sunday - Remastered 2008
580,Green Day,21 Guns
580,The Animals,House Of The Rising Sun
580,Oasis,Wonderwall - Remastered
580,The Goo Goo Dolls,Iris
580,Creedence Clearwater Revival,Fortunate Son
580,Creedence Clearwater Revival,Bad Moon Rising
580,Guns N' Roses,Patience
580,The Verve,Bitter Sweet Symphony
580,Green Day,When I Come Around
580,3 Doors Down,Kryptonite
580,Boston,More Than a Feeling
580,Guns N' Roses,Sweet Child O' Mine
580,Green Day,Basket Case
580,Foo Fighters,Everlong
580,Blue Öyster Cult,(Don't Fear) The Reaper
580,Guns N' Roses,Knockin' On Heaven's Door
580,Bon Jovi,It's My Life
580,Kansas,Carry on Wayward Son
580,The White Stripes,Seven Nation Army
580,Aerosmith,Dream On
580,Nirvana,Lithium
580,Whitesnake,Here I Go Again
580,Red Hot Chili Peppers,Californication
580,Nirvana,Come As You Are
580,Steve Miller Band,The Joker
580,The Rolling Stones,Gimme Shelter
580,Heart,Barracuda
580,Pearl Jam,Even Flow
580,Foo Fighters,My Hero
580,Aerosmith,Sweet Emotion
581,Afrojack,Ten Feet Tall
581,Vance Joy,Riptide
581,James Bay,Let It Go
581,The Lumineers,Ho Hey
581,The Script,Superheroes
581,James Bay,Hold Back The River
581,X Ambassadors,Renegades
581,X Ambassadors,Jungle
581,Zac Brown Band,Knee Deep (feat. Jimmy Buffett)
581,alt-J,Left Hand Free
581,Alessia Cara,Wild Things
581,Macklemore & Ryan Lewis,Growing Up (feat. Ed Sheeran)
581,Lupe Fiasco,The Show Goes On
581,Lukas Graham,Mama Said
581,Kygo,Stole the Show
581,Galantis,Runaway (U & I)
581,Galantis,No Money
581,Lupe Fiasco,Superstar (feat. Matthew Santos)
583,PARTYNEXTDOOR,Come and See Me (feat. Drake)
583,Bryson Tiller,Exchange
583,A$AP Rocky,L$D
583,Kanye West,Heartless
583,Jeremih,Planez
583,The Weeknd,Die For You
583,Post Malone,I Fall Apart
583,6LACK,PRBLMS
583,6LACK,Ex Calling
583,PnB Rock,Selfish
583,Logic,1-800-273-8255
583,Russ,Losin Control
583,Khalid,Location
583,Bryson Tiller,Don't
583,XXXTENTACION,Jocelyn Flores
583,Lil Uzi Vert,The Way Life Goes (feat. Oh Wonder)
583,Khalid,Young Dumb & Broke
583,Russ,"Psycho, Pt. 2"
584,Sam Smith,Stay With Me
584,Daughtry,Waiting for Superman
584,Fall Out Boy,Centuries
584,Maroon 5,Animals
584,Sara Bareilles,I Choose You
584,Sam Hunt,Take Your Time
584,Disclosure,Latch
584,Plain White T's,Hey There Delilah
584,Adele,Set Fire to the Rain
584,Adele,Rolling in the Deep
584,Adele,Someone Like You
584,Natasha Bedingfield,Wild Horses
584,Natasha Bedingfield,Unwritten
584,Sia,Elastic Heart
584,Sia,Chandelier
584,Jason Mraz,I'm Yours
584,Jason Mraz,I Won't Give Up
584,Train,"Hey, Soul Sister"
584,The Script,Breakeven
584,Linkin Park,What I've Done
584,Usher,U Got It Bad
584,Usher,U Remind Me
584,Bon Jovi,Wanted Dead Or Alive
584,Bon Jovi,Livin' On A Prayer
584,Guns N' Roses,Civil War
584,Guns N' Roses,Paradise City
584,Blue Öyster Cult,(Don't Fear) The Reaper
584,Kansas,Carry on Wayward Son
584,Kansas,Point of Know Return
584,Journey,Don't Stop Believin'
584,Survivor,Eye of the Tiger
584,Nickelback,If Today Was Your Last Day
584,Eminem,Love The Way You Lie
584,Panic! At The Disco,I Write Sins Not Tragedies
584,TLC,No Scrubs
584,Nick Jonas,Chains
584,Fetty Wap,Trap Queen
584,Colbie Caillat,Try
584,Tove Lo,Talking Body
584,Eminem,Mockingbird
584,D12,My Band
584,D12,Purple Pills
584,Ginuwine,Pony
584,Ginuwine,Differences
584,Boyz II Men,I'll Make Love To You
584,Boyz II Men,Water Runs Dry
584,Blackstreet,No Diggity
584,Backstreet Boys,I Want It That Way
584,Backstreet Boys,Show Me the Meaning of Being Lonely
584,The Fray,How to Save a Life
584,Mario,Let Me Love You
584,Mario,How Do I Breathe
584,Linkin Park,Numb
584,Kanye West,Heartless
584,Brantley Gilbert,Bottoms Up
584,Shawn Mendes,Stitches
584,Nelly,Ride Wit Me
584,Nelly,Country Grammar (Hot Shit)
584,Nelly,Hot In Herre
584,Nelly,Dilemma
584,Kelly Rowland,Motivation
584,Destiny's Child,Say My Name
584,Destiny's Child,Survivor
584,Ne-Yo,She Knows
584,Ne-Yo,Closer
584,The Weeknd,The Hills
584,Lloyd,You
584,Alessia Cara,Here
584,Nicki Minaj,Moment 4 Life
584,Birdy,Skinny Love
585,Dr. Dre,Still D.R.E.
585,Future,Solo
585,Rae Sremmurd,No Type
585,ScHoolboy Q,THat Part
585,Kendrick Lamar,HUMBLE.
585,Childish Gambino,Redbone
585,Young Dolph,100 Shots
585,The Game,Ali Bomaye
585,A Boogie Wit da Hoodie,Drowning (feat. Kodak Black)
585,2 Chainz,It's A Vibe
585,Travis Scott,goosebumps
585,Gucci Mane,Both (feat. Drake)
585,J. Cole,Work Out
585,ScHoolboy Q,Studio
585,YG,Who Do You Love?
585,Lil Wayne,Love Me
585,Yo Gotti,Down In the DM
585,Rae Sremmurd,Come Get Her
585,Rae Sremmurd,Black Beatles
585,6LACK,PRBLMS
586,Grimes,Oblivion
586,Cults,You Know What I Mean
586,Empire of the Sun,Standing On The Shore
586,Glass Animals,Gooey
586,Phantogram,Fall In Love
586,Foster The People,Call It What You Want
586,Foster The People,Don't Stop (Color on the Walls)
586,Foster The People,Helena Beat
587,Lil Uzi Vert,The Way Life Goes (feat. Oh Wonder)
588,WALK THE MOON,Shut Up and Dance
588,Josh Turner,Would You Go With Me
588,Pharrell Williams,"Happy - From ""Despicable Me 2"""
588,Starship,We Built This City
588,Bon Jovi,Livin' On A Prayer
588,Journey,Any Way You Want It
588,Journey,Open Arms
588,Eurythmics,Sweet Dreams (Are Made of This) - Remastered
588,DJ Snake,Turn Down for What
588,Bruno Mars,Just the Way You Are
588,Stevie Wonder,"Signed, Sealed, Delivered (I'm Yours)"
588,Pharrell Williams,"Happy - From ""Despicable Me 2"""
588,Janet Jackson,When I Think Of You
588,Michael Jackson,Rock with You - Single Version
588,Lynyrd Skynyrd,Sweet Home Alabama
588,Men At Work,Down Under
588,Michael Jackson,The Way You Make Me Feel - 2012 Remaster
588,Jason Mraz,I Won't Give Up
588,Air Supply,Making Love Out of Nothing at All
588,Norah Jones,Come Away With Me
589,DJ Khaled,I'm On One
589,T.I.,Go Get It
589,Skrillex,Purple Lamborghini (with Rick Ross)
589,Childish Gambino,Bonfire
589,Lil Uzi Vert,Erase Your Social
589,Post Malone,Congratulations
589,6LACK,PRBLMS
589,Russ,Losin Control
589,Kendrick Lamar,HUMBLE.
589,XXXTENTACION,Fuck Love (feat. Trippie Redd)
589,A$AP Ferg,Plain Jane
590,Logic,1-800-273-8255
590,Rae Sremmurd,Swang
590,Rae Sremmurd,Throw Sum Mo
590,Big Sean,Blessings
590,Migos,Slippery (feat. Gucci Mane)
590,Logic,Everybody
590,J. Cole,Wet Dreamz
590,A Boogie Wit da Hoodie,Drowning (feat. Kodak Black)
590,XXXTENTACION,Fuck Love (feat. Trippie Redd)
590,Macklemore,Good Old Days (feat. Kesha)
590,Skrillex,HUMBLE. - SKRILLEX REMIX
590,Gucci Mane,Curve (feat. The Weeknd)
590,Tech N9ne,Caribou Lou
590,Selena Gomez,Wolves
590,Migos,MotorSport
591,The Beatles,Hey Jude - Remastered 2015
591,John Mayer,Waiting On the World to Change
591,John Mayer,Gravity
591,U2,Beautiful Day
591,U2,I Still Haven't Found What I'm Looking For
591,U2,One
591,Bob Marley & The Wailers,Three Little Birds
591,Bob Marley & The Wailers,Buffalo Soldier
591,Bob Marley & The Wailers,"No Woman, No Cry - Live At The Lyceum, London/1975"
592,The Black Keys,Lonely Boy
592,Breaking Benjamin,Failure
592,Tech N9ne,Hood Go Crazy
592,Mindless Self Indulgence,Witness
592,Melanie Martinez,Dollhouse
593,Stevie Wonder,"Signed, Sealed, Delivered (I'm Yours)"
593,Stevie Wonder,Sir Duke
593,Marvin Gaye,I Heard It Through The Grapevine
593,Amy Winehouse,Back To Black
593,Amy Winehouse,Rehab
593,Amy Winehouse,"Valerie - Live At BBC Radio 1 Live Lounge, London / 2007"
593,Kanye West,Gold Digger
593,Beyoncé,Run the World (Girls)
593,George Ezra,Budapest
593,Whitney Houston,I Wanna Dance with Somebody (Who Loves Me)
593,Cyndi Lauper,Girls Just Want to Have Fun
593,Billy Joel,Uptown Girl
593,The Pointer Sisters,I'm So Excited
593,Queen,Another One Bites The Dust - Remastered 2011
593,Gloria Gaynor,I Will Survive - 1981 Re-recording
593,Blue Öyster Cult,(Don't Fear) The Reaper
593,Soft Cell,Tainted Love
593,AC/DC,Back In Black
593,Nelly,Ride Wit Me
593,R. Kelly,Ignition - Remix
594,Marvin Gaye,Let's Get It On
594,R. Kelly,Ignition - Remix
594,Robin Thicke,Sex Therapy
594,Trey Songz,Neighbors Know My Name
594,Robin Thicke,Lost Without U
594,Ne-Yo,Sexy Love
594,Marvin Gaye,Sexual Healing
594,Kelly Rowland,Motivation
594,Jeremih,Birthday Sex
594,Frank Ocean,Thinkin Bout You
594,Marvin Gaye,Ain't No Mountain High Enough
594,Frank Ocean,Novacane
594,Jeremih,Down On Me
594,Robin Thicke,Blurred Lines
594,Justin Timberlake,Rock Your Body
595,Lorde,Green Light
595,Kendrick Lamar,HUMBLE.
595,Khalid,Young Dumb & Broke
595,Charlie Puth,Attention
595,Shawn Mendes,There's Nothing Holdin' Me Back
595,Hailee Steinfeld,Most Girls
595,Ruth B.,Dandelions
596,Frank Ocean,Chanel
596,Milky Chance,Cocoon
596,Red Hot Chili Peppers,Otherside
596,Red Hot Chili Peppers,Californication
596,Red Hot Chili Peppers,Scar Tissue
596,Imagine Dragons,Believer
596,Simon & Garfunkel,Cecilia
596,Bill Withers,Lovely Day
596,Frank Ocean,Pink + White
596,Frank Ocean,Ivy
596,MGMT,Kids
596,Kendrick Lamar,LOVE. FEAT. ZACARI.
596,Harry Styles,Sign of the Times
596,Niall Horan,Slow Hands
596,John Mayer,You're Gonna Live Forever in Me
596,Miley Cyrus,Malibu
597,R. Kelly,Cookie
597,Trey Songz,"Touchin, Lovin (feat. Nicki Minaj)"
597,Trey Songz,Neighbors Know My Name
597,2 Chainz,It's A Vibe
597,Miguel,Sure Thing
598,M.I.A.,Bad Girls
598,Leon Bridges,River
598,Mitski,Francis Forever
599,Vance Joy,Fire and the Flood
600,The Chainsmokers,Closer
600,Twenty One Pilots,Heathens
600,Drake,One Dance
600,The Chainsmokers,Don't Let Me Down
600,Calvin Harris,This Is What You Came For
600,Sia,Cheap Thrills
600,Zara Larsson,Ain't My Fault
600,Skrillex,Purple Lamborghini (with Rick Ross)
600,Martin Garrix,In the Name of Love
600,Alessia Cara,Scars To Your Beautiful
600,Shawn Mendes,Stitches
600,Macklemore & Ryan Lewis,Thrift Shop (feat. Wanz)
600,Eminem,Love The Way You Lie
600,Eminem,Without Me
600,Eminem,Not Afraid
600,Shawn Mendes,Treat You Better
600,The Chainsmokers,Roses
600,Alan Walker,Faded
600,The Weeknd,The Hills
600,Coldplay,Paradise
600,OneRepublic,Good Life
600,Rae Sremmurd,Black Beatles
600,DJ Snake,Let Me Love You
600,The Vamps,All Night
600,Alok,Hear Me Now
600,Bastille,Pompeii
600,OneRepublic,Counting Stars
600,The Chainsmokers,Something Just Like This
600,Martin Garrix,Scared to Be Lonely
600,OneRepublic,Secrets
600,OneRepublic,Counting Stars
600,Imagine Dragons,Believer
600,Post Malone,Congratulations
600,OneRepublic,Apologize
600,Bruno Mars,That's What I Like
600,Future,Mask Off
600,Clean Bandit,Symphony (feat. Zara Larsson)
600,G-Eazy,Good Life (with G-Eazy & Kehlani)
600,Imagine Dragons,Thunder
600,Jonas Blue,Mama
600,Logic,1-800-273-8255
600,Martin Garrix,There for You
600,The Vamps,All Night
600,Rag'n'Bone Man,Human
600,Avicii,Without You (feat. Sandro Cavazza)
600,Johnny Cash,Hurt
600,Marshmello,Silence
600,Gorillaz,Clint Eastwood
600,Gorillaz,DARE
600,Gorillaz,On Melancholy Hill
600,Panic! At The Disco,Emperor's New Clothes
601,Two Door Cinema Club,What You Know
601,The Killers,Mr. Brightside
601,The Strokes,Reptilia
601,The Kooks,Naive
601,Bastille,Pompeii
601,Lorde,Royals
601,Imagine Dragons,Demons
601,Calvin Harris,Feel So Close - Radio Edit
601,Zedd,Stay The Night - Featuring Hayley Williams Of Paramore
601,Swedish House Mafia,Greyhound
601,Imagine Dragons,Demons
601,The Temper Trap,Sweet Disposition
602,Carly Rae Jepsen,I Really Like You
602,Journey,Don't Stop Believin'
602,John Mayer,Your Body Is a Wonderland
602,WALK THE MOON,Shut Up and Dance
602,Meghan Trainor,Dear Future Husband
602,Zedd,I Want You To Know
602,Cyndi Lauper,Girls Just Want to Have Fun
602,The Cars,Just What I Needed
602,Fifth Harmony,Sledgehammer
602,Darius Rucker,Alright
602,Guns N' Roses,Sweet Child O' Mine
602,Queen,Crazy Little Thing Called Love - Remastered 2011
602,Weezer,Island In The Sun
603,Bryson Tiller,Don't
603,Alessia Cara,Here
603,Jeremih,Impatient
603,Bryson Tiller,Right My Wrongs
603,Zendaya,Something New
603,Jeremih,Planez
603,Nelly,The Fix (feat. Jeremih)
603,Trey Songz,"Touchin, Lovin (feat. Nicki Minaj)"
603,Ne-Yo,She Knows
603,Childish Gambino,Sober
605,Big Sean,Bounce Back
605,G-Eazy,Calm Down
605,Tech N9ne,Hood Go Crazy
605,Rae Sremmurd,Black Beatles
605,G-Eazy,"Me, Myself & I"
605,The Weeknd,Starboy
605,Melanie Martinez,Mad Hatter
605,Lil Wayne,6 Foot 7 Foot
605,Fetty Wap,My Way (feat. Monty)
605,Daddy Yankee,Gasolina
605,Big Sean,Blessings
605,Rae Sremmurd,Swang
605,Kendrick Lamar,HUMBLE.
606,Kenny Chesney,American Kids
606,Alabama,Dixieland Delight - Single Edit
606,Alabama,If You're Gonna Play in Texas (You Gotta Have a Fiddle in the Band)
606,Kenny Chesney,She's Got It All
606,Kenny Chesney,She Thinks My Tractor's Sexy
606,Kenny Chesney,I Go Back
606,Brad Paisley,I'm Gonna Miss Her
606,Brad Paisley,Mud on the Tires
606,Josh Turner,Long Black Train
606,Josh Turner,Would You Go With Me
606,George Strait,Check Yes Or No
606,George Strait,Write This Down
606,Alan Jackson,Drive (For Daddy Gene)
606,Luke Bryan,Play It Again
606,Luke Bryan,Drunk On You
606,Luke Bryan,Country Girl (Shake It For Me)
606,Luke Bryan,That's My Kind Of Night
606,Dierks Bentley,Drunk On A Plane
606,Dierks Bentley,What Was I Thinkin'
606,Johnny Cash,Hurt
606,Johnny Cash,Jackson
606,Johnny Cash,God's Gonna Cut You Down
606,Johnny Cash,The Man Comes Around
606,Blake Shelton,Sangria
606,Josh Turner,Your Man
606,Darius Rucker,Come Back Song
606,Darius Rucker,Alright
606,Darius Rucker,Wagon Wheel
606,Keith Urban,Somebody Like You
606,Billy Currington,It Don't Hurt Like It Used To
606,George Strait,Amarillo By Morning
606,Brooks & Dunn,Neon Moon
606,Toby Keith,Should've Been A Cowboy
606,Tim McGraw,Where The Green Grass Grows
606,Alabama,Song of the South
606,Brooks & Dunn,My Maria
606,George Strait,Carrying Your Love With Me
606,Travis Tritt,It's A Great Day To Be Alive
606,Alan Jackson,Don't Rock the Jukebox
606,Brooks & Dunn,Red Dirt Road
606,Alabama,I'm in a Hurry (And Don't Know Why)
606,"Hank Williams, Jr.",Family Tradition
606,Alan Jackson,Little Bitty
606,Brooks & Dunn,Boot Scootin' Boogie
606,Alabama,Mountain Music
606,Tim McGraw,Something Like That
607,Coldplay,Sparks
607,Yeah Yeah Yeahs,Maps
607,Yeah Yeah Yeahs,Heads Will Roll
607,Beck,Morning
607,Adele,Make You Feel My Love
607,Aloe Blacc,The Man
607,Jack Johnson,I Got You
607,Birdy,Skinny Love
607,Frank Ocean,Thinkin Bout You
607,Death Cab for Cutie,Transatlanticism
607,Elliott Smith,Needle In The Hay
607,Aloe Blacc,Wake Me Up - Acoustic
607,alt-J,Breezeblocks
607,Calvin Harris,Feel So Close - Radio Edit
607,The Velvet Underground,Heroin
607,Bob Dylan,"Don't Think Twice, It's All Right"
607,Yusuf / Cat Stevens,Wild World
607,alt-J,Tessellate
607,Mazzy Star,Fade Into You
607,Mumford & Sons,The Cave
607,Phil Collins,In The Air Tonight - 2015 Remastered
607,Queen,Under Pressure - Remastered 2011
607,Bon Iver,Skinny Love
607,Foo Fighters,My Hero
607,The Black Keys,Your Touch
607,Counting Crows,"Mr. Jones - Live At Chelsea Studios, New York/1997"
607,Nirvana,All Apologies
607,Bob Dylan,"Don't Think Twice, It's All Right"
607,Jack Johnson,Angel
607,Prince,Purple Rain
608,Shania Twain,Man! I Feel Like A Woman!
608,Simple Minds,Don't You (Forget About Me)
608,Ellie Goulding,"Love Me Like You Do - From ""Fifty Shades Of Grey"""
608,Avicii,The Nights
608,Kenny Chesney,American Kids
608,The Wombats,Greek Tragedy
608,Milky Chance,Stolen Dance
608,Milky Chance,Flashed Junk Mind
608,Carly Rae Jepsen,I Really Like You
608,Twenty One Pilots,Stressed Out
609,Creedence Clearwater Revival,Green River
609,Blue Öyster Cult,(Don't Fear) The Reaper
609,Kansas,Carry on Wayward Son
609,Creedence Clearwater Revival,Fortunate Son
609,Creedence Clearwater Revival,Up Around The Bend
609,Queen,Under Pressure - Remastered 2011
609,Fleetwood Mac,Landslide
609,Stevie Ray Vaughan,Pride and Joy
609,Tom Petty,Runnin' Down A Dream
609,Electric Light Orchestra,Mr. Blue Sky
609,"Earth, Wind & Fire",Boogie Wonderland
609,Heart,Barracuda
609,ZZ Top,Gimme All Your Lovin'
609,Don McLean,American Pie
609,The Who,Who Are You
609,Cream,White Room
609,Van Morrison,Brown Eyed Girl
609,Johnny Cash,(Ghost) Riders in the Sky
609,Chuck Berry,Johnny B. Goode
609,Aerosmith,Walk This Way
609,Queen,Bohemian Rhapsody - Remastered 2011
609,Queen,We Are The Champions - Remastered 2011
609,Thin Lizzy,The Boys Are Back In Town
609,Cream,Sunshine Of Your Love
610,Queen,Bohemian Rhapsody - Remastered 2011
610,Barry White,"Can't Get Enough Of Your Love, Babe"
610,Billy Joel,Piano Man
610,Bill Withers,Lovely Day
610,Bill Withers,Ain't No Sunshine
610,Elton John,Tiny Dancer
610,Billy Joel,Just the Way You Are
610,Elvis Presley,Suspicious Minds
610,Bruce Springsteen,Hungry Heart
610,Jimmy Buffett,Margaritaville
610,Commodores,Easy
610,Al Green,Tired of Being Alone
610,Barry White,"You're The First, The Last, My Everything"
610,Billy Joel,My Life
610,Billy Joel,Movin' Out (Anthony's Song)
610,Dusty Springfield,The Look Of Love
611,Marvin Gaye,I Heard It Through The Grapevine
611,Chuck Berry,Johnny B. Goode
611,Supertramp,The Logical Song - Remastered 2010
611,Supertramp,Breakfast In America - 2010 Remastered
611,Supertramp,Take The Long Way Home - 2010 Remastered
611,Paul Simon,Me and Julio Down by the Schoolyard
611,Steve Miller Band,The Joker
611,Jimi Hendrix,Fire
611,Simon & Garfunkel,Cecilia
611,Jimi Hendrix,The Wind Cries Mary
611,Paul Simon,50 Ways to Leave Your Lover
611,The Who,Behind Blue Eyes
611,Nirvana,The Man Who Sold The World
611,Jimi Hendrix,Voodoo Child (Slight Return)
611,Jimi Hendrix,Hey Joe
611,The White Stripes,Seven Nation Army
611,Radiohead,Creep
611,Radiohead,Karma Police
611,Stevie Ray Vaughan,Little Wing
611,The Doors,People Are Strange
611,Beck,Loser
611,The Velvet Underground,Sunday Morning
611,Roy Orbison,Only the Lonely
611,Ray Charles,Mess Around
611,The Ronettes,Be My Baby
611,Billy Joel,It's Still Rock and Roll to Me
611,Billy Joel,Movin' Out (Anthony's Song)
611,Supertramp,School
611,Supertramp,Goodbye Stranger - 2010 Remastered
611,Supertramp,The Logical Song - Remastered 2010
611,Supertramp,Breakfast In America - 2010 Remastered
611,Supertramp,Take The Long Way Home - 2010 Remastered
611,Supertramp,Give A Little Bit
611,Supertramp,It's Raining Again
611,The Who,Baba O'Riley
611,The Who,Baba O'Riley
611,The Who,Squeeze Box
611,Waylon Jennings,Are You Sure Hank Done It This Way
611,Waylon Jennings,I'm a Ramblin' Man
611,Leonard Cohen,Suzanne
612,blackbear,do re mi
612,PARTYNEXTDOOR,Come and See Me (feat. Drake)
612,Imagine Dragons,Thunder
612,Macklemore,Glorious (feat. Skylar Grey)
612,Lupe Fiasco,Superstar (feat. Matthew Santos)
612,Beck,Loser
612,6LACK,Ex Calling
612,Travis Scott,goosebumps
612,Dr. Dre,I Need A Doctor
612,Two Feet,Go Fuck Yourself
612,Melanie Martinez,Soap
612,Future,Mask Off
612,PnB Rock,"Horses (with PnB Rock, Kodak Black & A Boogie Wit da Hoodie)"
612,B.o.B,HeadBand (feat. 2 Chainz)
612,J. Cole,Wet Dreamz
612,French Montana,Unforgettable
612,Post Malone,Congratulations
612,Kendrick Lamar,HUMBLE.
612,Rae Sremmurd,Swang
612,blackbear,do re mi
612,2 Chainz,It's A Vibe
612,A Boogie Wit da Hoodie,My Shit
612,J. Cole,No Role Modelz
612,Post Malone,I Fall Apart
612,Migos,Slippery (feat. Gucci Mane)
612,Russ,What They Want
612,Rae Sremmurd,Come Get Her
613,Bon Iver,Blood Bank
614,MGMT,Time to Pretend
614,alt-J,Breezeblocks
614,Empire of the Sun,Walking On A Dream
614,alt-J,Every Other Freckle
614,alt-J,Left Hand Free
614,The Kooks,Ooh La
614,Cage The Elephant,Come a Little Closer
614,Empire of the Sun,Alive
614,Foster The People,Pumped Up Kicks
614,MGMT,Kids
614,M83,Midnight City
614,Two Door Cinema Club,Are We Ready? (Wreck)
614,MGMT,Electric Feel
614,Tame Impala,Let It Happen
616,Miguel,Sure Thing
616,Sean Kingston,Beautiful Girls
616,Ruth B.,Lost Boy
616,The Script,The Man Who Can't Be Moved
616,Journey,Lights
616,Nick Jonas,Close
616,James Bay,Let It Go
616,Sublime,Santeria
616,Jeremih,Planez
616,Bryson Tiller,Exchange
616,Rihanna,Needed Me
616,The Chainsmokers,Roses
616,Drake,One Dance
616,Elvis Presley,Can't Help Falling in Love
616,G-Eazy,"Me, Myself & I"
616,Adele,Rolling in the Deep
616,Adele,Set Fire to the Rain
616,Adele,Someone Like You
616,Adele,When We Were Young
616,Sam Smith,I'm Not The Only One
616,Sam Smith,Stay With Me
616,Justin Timberlake,What Goes Around.../...Comes Around (Interlude)
616,Justin Timberlake,Mirrors
616,Justin Timberlake,Cry Me a River
616,Ne-Yo,Sexy Love
616,Ne-Yo,Miss Independent
616,J. Cole,Work Out
616,J. Cole,Wet Dreamz
616,J. Cole,No Role Modelz
616,Hozier,Like Real People Do
616,Hozier,Work Song
616,Hozier,Someone New
616,Hozier,Cherry Wine - Live
616,Lukas Graham,7 Years
616,Counting Crows,Mr. Jones
616,Khalid,Location
616,Ja Rule,Mesmerize
616,Train,Marry Me
616,Mario,Let Me Love You
616,Trey Songz,Slow Motion
616,Hailee Steinfeld,Starving
616,Of Monsters and Men,Dirty Paws
616,PARTYNEXTDOOR,Come and See Me (feat. Drake)
616,Zac Brown Band,Free
616,Tracy Chapman,Give Me One Reason
617,Lorde,Royals
617,Sara Bareilles,Brave
617,Brooks & Dunn,My Maria
617,Kansas,Carry on Wayward Son
617,Lil Wayne,Mirror
617,Eminem,The Real Slim Shady
617,Eminem,Mockingbird
617,Little Big Town,Boondocks
617,Josh Turner,Your Man
617,Josh Turner,Would You Go With Me
617,Josh Turner,Why Don't We Just Dance
617,Josh Turner,Long Black Train
617,Josh Turner,Time Is Love
617,Tim McGraw,It's Your Love
617,Tim McGraw,Where The Green Grass Grows
617,Faith Hill,The Way You Love Me
617,John Legend,All of Me
617,Paramore,Misery Business
617,Paramore,The Only Exception
618,Vince Guaraldi Trio,O Tannenbaum
618,Vince Guaraldi Trio,What Child Is This
618,Vince Guaraldi Trio,My Little Drum
618,Vince Guaraldi Trio,Linus And Lucy
618,Vince Guaraldi Trio,Christmas Is Coming
618,Vince Guaraldi Trio,The Christmas Song
618,Vince Guaraldi Trio,Greensleeves
618,Nat King Cole,The Christmas Song (Merry Christmas To You)
619,Norah Jones,Don't Know Why
619,Paramore,The Only Exception
619,Mumford & Sons,Little Lion Man
619,Mumford & Sons,The Cave
619,alt-J,Breezeblocks
620,PnB Rock,Selfish
620,Rihanna,Love On The Brain
620,Rae Sremmurd,Swang
620,Future,Mask Off
620,Post Malone,Congratulations
620,Childish Gambino,Redbone
620,Luis Fonsi,Despacito - Remix
620,Nicky Jam,Hasta el Amanecer
621,The Game,Ali Bomaye
621,XXXTENTACION,Look At Me!
621,Kendrick Lamar,HUMBLE.
621,Imagine Dragons,Believer
621,Jay Rock,Vice City (feat. Black Hippy)
621,Two Feet,Go Fuck Yourself
621,Chief Keef,I Don't Like
622,The Chainsmokers,Something Just Like This
622,ONE OK ROCK,The Beginning
622,Ludovico Einaudi,Nuvole Bianche
622,Ed Sheeran,Photograph
622,James Blunt,Same Mistake
622,Charlie Puth,We Don't Talk Anymore (feat. Selena Gomez)
623,Boston,More Than a Feeling
623,The Who,Baba O'Riley
623,Queen,Bohemian Rhapsody - Remastered 2011
623,REO Speedwagon,Can't Fight This Feeling
623,Tom Petty,Free Fallin'
623,ABBA,Dancing Queen
623,KISS,Rock And Roll All Nite
623,Journey,Don't Stop Believin'
623,Bon Jovi,Livin' On A Prayer
623,Cher,Believe
623,Guns N' Roses,Paradise City
623,U2,I Still Haven't Found What I'm Looking For
623,Marvin Gaye,Sexual Healing
623,Kansas,Carry on Wayward Son
623,Cyndi Lauper,Time After Time
623,Queen,Under Pressure - Remastered 2011
623,Simple Minds,Don't You (Forget About Me)
623,Europe,The Final Countdown
623,Aerosmith,Walk This Way
623,Aerosmith,Dream On
623,Survivor,Eye of the Tiger
623,The Clash,Should I Stay or Should I Go - Remastered
623,Soft Cell,Tainted Love
623,Marvin Gaye,Ain't No Mountain High Enough
623,Guns N' Roses,Knockin' On Heaven's Door
623,Billy Joel,Uptown Girl
623,Whitney Houston,I Wanna Dance with Somebody (Who Loves Me)
623,Michael Jackson,Billie Jean
623,AC/DC,Highway to Hell
623,Rick Astley,Never Gonna Give You Up
623,Marvin Gaye,Ain't No Mountain High Enough
625,Bon Iver,Skinny Love
625,Queen,Bohemian Rhapsody - Remastered 2011
625,Nirvana,All Apologies
625,Weezer,Buddy Holly
625,Jimmy Eat World,The Middle
625,Elton John,Your Song
625,Cage The Elephant,Come a Little Closer
625,Soundgarden,Black Hole Sun
625,Radiohead,Creep
625,The Animals,House Of The Rising Sun
625,Pixies,Here Comes Your Man
625,Johnny Cash,Hurt
625,M.I.A.,Paper Planes
625,Weezer,Island In The Sun
625,Red Hot Chili Peppers,Scar Tissue
625,George Ezra,Budapest
625,Bon Jovi,You Give Love A Bad Name
625,The Who,My Generation - Stereo Version
625,The Beatles,Hey Jude - Remastered 2015
625,blink-182,All The Small Things
625,Yeah Yeah Yeahs,Heads Will Roll
625,Disclosure,Magnets
625,Oasis,Wonderwall - Remastered
625,Nirvana,Heart-Shaped Box
625,Weezer,Say It Ain't So
625,Cage The Elephant,Cigarette Daydreams
625,The Killers,Mr. Brightside
625,The Black Keys,Lonely Boy
625,Queens of the Stone Age,No One Knows
625,blink-182,I Miss You
625,Foo Fighters,Everlong
625,Sublime,Wrong Way
625,Angus & Julia Stone,Big Jet Plane
625,Queen,Another One Bites The Dust - Remastered 2011
625,Queen,Under Pressure - Remastered 2011
625,Cage The Elephant,Telescope
625,alt-J,Breezeblocks
625,Bob Marley & The Wailers,Redemption Song
625,Elton John,Don't Go Breaking My Heart
625,Elton John,Tiny Dancer
625,Bob Marley & The Wailers,Three Little Birds
625,Cage The Elephant,Cold Cold Cold
625,Jack Johnson,"Sitting, Waiting, Wishing"
625,Pink Floyd,Hey You
625,Audioslave,Like a Stone
626,Angus & Julia Stone,Big Jet Plane
626,Beach House,Space Song
626,Brent Faiyaz,Poison
626,Daniel Caesar,Get You (feat. Kali Uchis)
626,Daniel Caesar,Japanese Denim
626,Frank Ocean,Lost
626,Frank Ocean,Thinkin Bout You
626,Jorja Smith,Teenage Fantasy
626,Khalid,8TEEN
626,LANY,ILYSB - STRIPPED
626,Lord Huron,The Night We Met
626,Russ,Cherry Hill
626,Russ,Losin Control
626,Daniel Caesar,Get You (feat. Kali Uchis)
626,Daniel Caesar,Loose
627,Tame Impala,"New Person, Same Old Mistakes"
627,Empire of the Sun,Walking On A Dream
627,Foster The People,Pumped Up Kicks
627,Tame Impala,The Less I Know The Better
627,MGMT,Electric Feel
627,Crystal Castles,Vanished
627,MGMT,Time to Pretend
627,KAYTRANADA,LITE SPOTS
627,Crystal Castles,Crimewave
627,Beach House,Space Song
627,MGMT,Little Dark Age
628,Nick Jonas,Jealous - Remix
628,John Legend,All of Me
628,Shania Twain,You're Still The One
628,Mariah Carey,We Belong Together
628,Elvis Presley,Can't Help Falling in Love
628,Selena,Dreaming Of You
628,Whitney Houston,I Will Always Love You
628,LANY,ILYSB
629,Tears For Fears,Everybody Wants To Rule The World
629,Tears For Fears,"Head Over Heels - Dave Bascombe 7"" N.Mix"
629,Men At Work,Down Under
629,Survivor,Eye of the Tiger
629,Starship,Nothing's Gonna Stop Us Now
629,Men At Work,Who Can It Be Now?
629,REO Speedwagon,Can't Fight This Feeling
630,Tame Impala,Feels Like We Only Go Backwards
630,LANY,ILYSB
630,Imagine Dragons,Thunder
630,Lorde,Perfect Places
630,Arcade Fire,Everything Now
630,Phoenix,Lisztomania
630,The Wombats,Greek Tragedy
630,Two Door Cinema Club,What You Know
630,Beck,Up All Night
630,Foster The People,Sit Next to Me
631,Swedish House Mafia,Greyhound
631,Armin van Buuren,This Is What It Feels Like
631,Avicii,Levels - Radio Edit
631,Skrillex,Bangarang (feat. Sirah)
632,Commodores,Lady (You Bring Me Up)
632,"Earth, Wind & Fire",Let's Groove
632,"Earth, Wind & Fire",Boogie Wonderland
632,"Earth, Wind & Fire",Shining Star
632,Bill Withers,Ain't No Sunshine
632,Kool & The Gang,Celebration
632,Barry White,"Can't Get Enough Of Your Love, Babe"
632,Kool & The Gang,Jungle Boogie
632,Kool & The Gang,Summer Madness
632,Kool & The Gang,Hollywood Swinging
632,Marvin Gaye,Ain't No Mountain High Enough
632,Marvin Gaye,What's Going On
633,Maluma,Borro Cassette
633,Vance Joy,Riptide
633,A Boogie Wit da Hoodie,My Shit
633,PnB Rock,Selfish
633,Lil Uzi Vert,Erase Your Social
633,A Boogie Wit da Hoodie,Jungle
633,Migos,Bad and Boujee (feat. Lil Uzi Vert)
633,J. Cole,No Role Modelz
633,Russ,What They Want
633,A Boogie Wit da Hoodie,Still Think About You
633,A Boogie Wit da Hoodie,Drowning (feat. Kodak Black)
633,Future,Mask Off
633,Gucci Mane,Both (feat. Drake)
633,Maluma,Felices los 4
633,NAV,Myself
633,Bruno Mars,That's What I Like
633,Kendrick Lamar,HUMBLE.
633,Playboi Carti,Magnolia
633,Childish Gambino,Redbone
633,Romeo Santos,Imitadora
633,Lil Uzi Vert,The Way Life Goes (feat. Oh Wonder)
633,Lil Uzi Vert,Neon Guts (feat. Pharrell Williams)
633,XXXTENTACION,Jocelyn Flores
633,XXXTENTACION,Everybody Dies In Their Nightmares
633,XXXTENTACION,Revenge
633,XXXTENTACION,Fuck Love (feat. Trippie Redd)
633,Ski Mask The Slump God,Catch Me Outside
633,Rich The Kid,New Freezer (feat. Kendrick Lamar)
633,Ski Mask The Slump God,Take A Step Back
633,Charlie Puth,Attention
633,Ozuna,Se Preparó
634,Don McLean,American Pie
634,The Rolling Stones,You Can't Always Get What You Want
634,Smash Mouth,All Star
634,AC/DC,T.N.T.
634,The White Stripes,Seven Nation Army
634,Billy Joel,Piano Man
634,The Beatles,Twist And Shout - Remastered 2009
634,Marvin Gaye,Ain't No Mountain High Enough
634,The Jackson 5,I Want You Back
634,KISS,Rock And Roll All Nite
634,Creedence Clearwater Revival,Down On The Corner
634,Van Morrison,Brown Eyed Girl
634,Creedence Clearwater Revival,Fortunate Son
634,Queen,Another One Bites The Dust - Remastered 2011
634,Steve Miller Band,The Joker
634,Creedence Clearwater Revival,Bad Moon Rising
634,Tom Petty,Free Fallin'
634,Thin Lizzy,The Boys Are Back In Town
634,Foster The People,Pumped Up Kicks
634,Billy Joel,We Didn't Start the Fire
634,Weezer,Beverly Hills
634,Bryan Adams,Summer Of '69
634,Creedence Clearwater Revival,Up Around The Bend
634,John Mellencamp,Small Town
634,Bruce Springsteen,Glory Days
634,Mötley Crüe,Kickstart My Heart
634,Red Hot Chili Peppers,Can't Stop
634,Oasis,Wonderwall - Remastered
634,Oasis,Champagne Supernova - Remastered
634,Oasis,Champagne Supernova - Remastered
634,John Mellencamp,Jack & Diane
634,The Outfield,Your Love
634,Tom Petty and the Heartbreakers,American Girl
634,Tom Petty,I Won't Back Down
635,Lady Gaga,Judas
635,Lil Wayne,A Milli
635,Kanye West,Stronger
635,Demi Lovato,Cool for the Summer
635,Sean Paul,Get Busy
635,Lady Gaga,Bad Romance
635,Sean Paul,Temperature
635,Big Sean,Bounce Back
635,Jeezy,Soul Survivor
635,Imagine Dragons,Radioactive
635,Skrillex,Purple Lamborghini (with Rick Ross)
635,Lil Wayne,Lollipop
635,Zedd,Clarity
635,Jimmy Eat World,The Middle
635,Britney Spears,Toxic
635,Lady Gaga,Poker Face
635,LMFAO,Shots
635,LMFAO,Sexy And I Know It
635,Kendrick Lamar,HUMBLE.
635,Big Sean,Blessings
635,Future,Mask Off
635,Luis Fonsi,Despacito - Remix
635,Justin Bieber,Sorry
635,Justin Bieber,What Do You Mean?
635,Childish Gambino,Redbone
635,Eminem,Sing For The Moment
636,alt-J,Ms
636,Rainbow Kitten Surprise,Devil Like Me
636,AJR,Weak
637,The Rolling Stones,Gimme Shelter
637,Phil Collins,In The Air Tonight - 2015 Remastered
637,Creedence Clearwater Revival,Fortunate Son
637,Mötley Crüe,Kickstart My Heart
637,Blue Öyster Cult,(Don't Fear) The Reaper
637,The Outfield,Your Love
637,The Clash,Should I Stay or Should I Go - Remastered
637,Tears For Fears,Everybody Wants To Rule The World
637,Guns N' Roses,Sweet Child O' Mine
637,Boston,More Than a Feeling
637,Def Leppard,Photograph
637,Foreigner,Juke Box Hero
637,Boston,Peace of Mind
637,Aerosmith,Sweet Emotion
637,Def Leppard,Animal
637,The Who,Baba O'Riley
637,Kansas,Carry on Wayward Son
637,"Earth, Wind & Fire",Shining Star
637,Creedence Clearwater Revival,Up Around The Bend
637,Whitesnake,Here I Go Again
637,The Clash,Rock the Casbah - Remastered
637,Lynyrd Skynyrd,Simple Man
637,Journey,Separate Ways (Worlds Apart)
637,Daryl Hall & John Oates,Rich Girl
637,John Mellencamp,Jack & Diane
637,Queen,Under Pressure - Remastered 2011
637,Eurythmics,Sweet Dreams (Are Made of This) - Remastered
637,The Doobie Brothers,China Grove
637,The Doobie Brothers,Long Train Runnin'
637,The Cars,You Might Think
637,Thin Lizzy,The Boys Are Back In Town
637,Don Henley,The Boys Of Summer
637,Tom Petty,Runnin' Down A Dream
637,The Who,Eminence Front
637,Boston,Don't Look Back
637,Boston,Foreplay / Long Time
637,Van Morrison,Brown Eyed Girl
637,Jimi Hendrix,All Along the Watchtower
637,AC/DC,Thunderstruck
637,AC/DC,Hells Bells
637,AC/DC,Shoot to Thrill
637,AC/DC,You Shook Me All Night Long
637,AC/DC,Highway to Hell
637,AC/DC,It's a Long Way to the Top (If You Wanna Rock 'N' Roll)
637,AC/DC,T.N.T.
637,Tom Petty and the Heartbreakers,American Girl
637,The Cars,Let's Go
637,The Who,Who Are You
637,Steve Miller Band,Abracadabra
637,Queen,Bohemian Rhapsody - Remastered 2011
637,Billy Joel,Piano Man
637,The Beatles,Hey Jude - Remastered 2015
637,The Beatles,Twist And Shout - Remastered 2009
637,Lenny Kravitz,American Woman
637,Billy Joel,We Didn't Start the Fire
637,Bryan Adams,Summer Of '69
637,Men At Work,Down Under
637,The Cars,My Best Friend's Girl
637,The Cars,Good Times Roll
637,Simple Minds,Don't You (Forget About Me)
637,Beastie Boys,Sabotage
637,Steve Miller Band,Rock'n Me
637,Lynyrd Skynyrd,Free Bird
637,Pink Floyd,Comfortably Numb
637,Pink Floyd,"Another Brick in the Wall, Pt. 2"
637,Pink Floyd,Money
637,Eric Clapton,Cocaine
637,The Animals,House Of The Rising Sun
637,Queen,Another One Bites The Dust - Remastered 2011
637,Pink Floyd,Wish You Were Here
637,Creedence Clearwater Revival,Bad Moon Rising
637,Creedence Clearwater Revival,Down On The Corner
637,Creedence Clearwater Revival,Proud Mary
637,Elton John,Tiny Dancer
637,Tears For Fears,Shout
637,John Denver,"Take Me Home, Country Roads"
637,Whitney Houston,I Wanna Dance with Somebody (Who Loves Me)
637,Rick Astley,Never Gonna Give You Up
637,Starship,We Built This City
637,R.E.M.,Losing My Religion
637,INXS,Need You Tonight
637,Electric Light Orchestra,Don't Bring Me Down
637,Electric Light Orchestra,Mr. Blue Sky
637,Billy Idol,Rebel Yell
637,Billy Idol,White Wedding - Pt. 1
637,The Doobie Brothers,Black Water
637,Neil Diamond,Sweet Caroline
637,Steely Dan,Do It Again
637,The Doors,Light My Fire
637,Johnny Cash,Hurt
637,Johnny Cash,God's Gonna Cut You Down
637,Jimi Hendrix,Purple Haze
639,The Weeknd,The Hills
640,Lynyrd Skynyrd,Sweet Home Alabama
640,Alabama,Song of the South
640,Creedence Clearwater Revival,Fortunate Son
640,Alabama,Dixieland Delight - Single Edit
640,Toby Keith,"Courtesy Of The Red, White And Blue (The Angry American)"
640,Tim McGraw,Indian Outlaw
640,Toby Keith,Beer For My Horses
640,Rascal Flatts,Fast Cars And Freedom
640,Alabama,Mountain Music
640,John Denver,"Take Me Home, Country Roads"
640,Kenny Chesney,American Kids
642,Yo Gotti,Down In the DM
642,Lil Uzi Vert,Money Longer
642,Snoop Dogg,Drop It Like It's Hot
642,50 Cent,Candy Shop
642,Kevin Gates,Really Really
642,Russ,What They Want
642,Travis Scott,goosebumps
642,Rae Sremmurd,Black Beatles
642,Migos,Bad and Boujee (feat. Lil Uzi Vert)
642,Big Sean,Bounce Back
642,Rae Sremmurd,Swang
642,Future,Mask Off
642,Migos,Slippery (feat. Gucci Mane)
642,2 Chainz,It's A Vibe
642,PnB Rock,"Horses (with PnB Rock, Kodak Black & A Boogie Wit da Hoodie)"
642,Kendrick Lamar,HUMBLE.
642,Mac Miller,Weekend (feat. Miguel)
642,A Boogie Wit da Hoodie,Drowning (feat. Kodak Black)
642,Gucci Mane,Both (feat. Drake)
642,Post Malone,Congratulations
643,Thomas Rhett,Die A Happy Man
643,Zac Brown Band,Toes
643,Zac Brown Band,Knee Deep (feat. Jimmy Buffett)
643,Kesha,TiK ToK
643,Train,"Hey, Soul Sister"
643,Dierks Bentley,Somewhere On A Beach
643,Florida Georgia Line,H.O.L.Y.
643,Chris Stapleton,Parachute
643,Dierks Bentley,Drunk On A Plane
643,Dierks Bentley,What Was I Thinkin'
643,Foreigner,Double Vision
643,The Outfield,Say It Isn't So
643,The Outfield,Your Love
643,Bryan Adams,Summer Of '69
643,Mötley Crüe,"Girls, Girls, Girls"
643,Mötley Crüe,Dr. Feelgood
643,Chris Young,Aw Naw
643,Bon Jovi,Runaway
643,Bon Jovi,You Give Love A Bad Name
643,Bon Jovi,Bad Medicine
643,Billy Currington,Pretty Good At Drinkin' Beer
643,Dierks Bentley,5-1-5-0
643,Beastie Boys,Fight For Your Right
643,Zac Brown Band,Chicken Fried
643,AC/DC,Thunderstruck
643,Guns N' Roses,Welcome To The Jungle
643,Guns N' Roses,Sweet Child O' Mine
643,Guns N' Roses,Paradise City
643,Adele,When We Were Young
643,Sia,Cheap Thrills
643,Don McLean,American Pie
643,Shaggy,It Wasn't Me
643,Kenny Chesney,When the Sun Goes Down
643,Kenny Chesney,American Kids
643,Soulja Boy,Crank That (Soulja Boy)
643,Kesha,TiK ToK
643,Nelly,Hot In Herre
643,R. Kelly,Ignition - Remix
643,Kanye West,Gold Digger
643,Miley Cyrus,Party In The U.S.A.
643,Calvin Harris,This Is What You Came For
643,*NSYNC,Bye Bye Bye
643,One Direction,What Makes You Beautiful
643,Little Big Town,Pontoon
643,Twenty One Pilots,Ride
643,Sam Hunt,House Party
643,Macklemore & Ryan Lewis,"Downtown (feat. Melle Mel, Grandmaster Caz, Kool Moe Dee & Eric Nally)"
643,Kid Rock,All Summer Long
643,Luke Bryan,"Huntin', Fishin' And Lovin' Every Day"
643,LMFAO,Sorry For Party Rocking
643,Beastie Boys,No Sleep Till Brooklyn
643,The Beatles,I Want To Hold Your Hand - Remastered 2015
644,Andy Williams,It's the Most Wonderful Time of the Year
644,Sam Smith,Have Yourself A Merry Little Christmas
645,Benny Benassi,Cinema - Skrillex Remix
646,Twenty One Pilots,Ride
646,Fifth Harmony,That's My Girl
646,The Chainsmokers,Don't Let Me Down
646,Fall Out Boy,Centuries
646,Twenty One Pilots,Heathens
647,Imagine Dragons,Radioactive
647,Jeezy,Put On
647,2 Chainz,We Own It (Fast & Furious)
647,The White Stripes,Seven Nation Army
647,Bullet For My Valentine,Tears Don't Fall
647,Bullet For My Valentine,Your Betrayal
647,Bullet For My Valentine,All These Things I Hate (Revolve Around Me)
647,Bullet For My Valentine,The Last Fight
647,My Chemical Romance,I'm Not Okay (I Promise)
647,My Chemical Romance,Famous Last Words
647,Killswitch Engage,My Curse
647,Fall Out Boy,My Songs Know What You Did In The Dark (Light Em Up)
647,System Of A Down,Spiders
647,Imagine Dragons,Radioactive
647,Sum 41,Still Waiting
647,Limp Bizkit,My Way
647,Skillet,Hero
647,Skillet,Not Gonna Die
647,Fall Out Boy,Centuries
647,Chevelle,Send the Pain Below
647,Thousand Foot Krutch,Move
647,Three Days Grace,I Am Machine
647,Fatboy Slim,"Right Here, Right Now"
647,Thousand Foot Krutch,Untraveled Road
647,Seether,Same Damn Life
647,Rise Against,Satellite
647,Skillet,Comatose
647,Breaking Benjamin,Failure
647,Papa Roach,Between Angels And Insects
647,Nine Inch Nails,We're In This Together
647,Sia,Elastic Heart
647,Yelawolf,Best Friend
647,The White Stripes,Icky Thump
647,YG,My Nigga
647,Dr. Dre,I Need A Doctor
647,Thirty Seconds To Mars,Hurricane
648,Ed Sheeran,Photograph
648,Evanescence,My Immortal
648,Sara Bareilles,Gravity
648,Passenger,Let Her Go
648,Train,Marry Me
648,Sade,By Your Side
648,Sleeping At Last,Turning Page
648,Rascal Flatts,Bless The Broken Road
648,Kodaline,The One
648,Coldplay,The Scientist
648,Fleetwood Mac,Landslide
648,Mumford & Sons,Awake My Soul
648,Robin Thicke,Lost Without U
648,Juan Gabriel,Se Me Olvidó Otra Vez
648,Enrique Iglesias,Bailando - Spanish Version
648,Don Omar,Danza Kuduro
648,Prince Royce,Darte un Beso
648,Luis Fonsi,No Me Doy Por Vencido
648,Camila,Bésame
648,David Bisbal,Diez Mil Maneras
648,Sin Bandera,Que Lloro
648,Juanes,Fotografía
648,Alejandro Sanz,Desde cuando
648,Miguel Bosé,Amiga
648,Sin Bandera,Mientes Tan Bien
648,Sin Bandera,Kilómetros
648,Shawn Mendes,Stitches
648,Kodaline,All I Want
648,Bon Iver,Skinny Love
648,James Blunt,Goodbye My Lover
648,R.E.M.,Everybody Hurts
648,Sara Bareilles,I Choose You
648,Maluma,Borro Cassette
649,Cage The Elephant,Cigarette Daydreams
649,George Ezra,Barcelona
649,Hozier,Work Song
649,James Bay,Let It Go
649,Sufjan Stevens,Should Have Known Better
649,The Lumineers,Stubborn Love
649,Bon Iver,Skinny Love
649,George Ezra,Budapest
649,George Ezra,Blame It on Me
649,Hozier,Cherry Wine - Live
649,Modest Mouse,Float On
649,Mumford & Sons,Awake My Soul
649,Of Monsters and Men,Crystals
649,Of Monsters and Men,Dirty Paws
649,Of Monsters and Men,Mountain Sound
649,Phoenix,1901
649,Vance Joy,Mess Is Mine
650,Passenger,Let Her Go
650,Tracy Chapman,Fast Car
650,Lorde,Royals
650,Bastille,Pompeii
650,Darius Rucker,Wagon Wheel
650,Ellie Goulding,Burn
650,Rihanna,We Found Love
650,Katy Perry,Roar
650,Sara Bareilles,Brave
650,Zedd,Stay The Night - Featuring Hayley Williams Of Paramore
650,Ace of Base,Beautiful Life
650,Jessie J,Domino
650,Miley Cyrus,We Can't Stop
650,Flo Rida,Whistle
651,Ginuwine,Pony
651,Jeremih,Birthday Sex
651,The Pussycat Dolls,Buttons
651,Kelly Rowland,Kisses Down Low
651,Fifth Harmony,Worth It
651,Rihanna,Needed Me
651,will.i.am,Feelin' Myself
651,Demi Lovato,Confident
651,Drake,One Dance
651,Beyoncé,Run the World (Girls)
651,Kelly Rowland,Motivation
651,Demi Lovato,Sorry Not Sorry
652,Niall Horan,Slow Hands
652,Milky Chance,Cocoon
652,Milky Chance,Flashed Junk Mind
652,Marvin Gaye,Sexual Healing - Kygo Remix
652,Glass Animals,Life Itself
652,MGMT,Electric Feel
652,MGMT,Kids
652,The Kooks,Bad Habit
652,Men At Work,Down Under
654,Van Morrison,Brown Eyed Girl
654,The Jackson 5,ABC
654,Marvin Gaye,Ain't No Mountain High Enough
654,Bon Jovi,Livin' On A Prayer
654,Bryan Adams,Summer Of '69
654,Don McLean,American Pie
654,John Mellencamp,Jack & Diane
654,Jimmy Buffett,Cheeseburger In Paradise
654,Jimmy Buffett,Margaritaville
654,Boston,More Than a Feeling
654,Brooks & Dunn,My Maria
654,John Denver,"Take Me Home, Country Roads"
654,Neil Diamond,Sweet Caroline
654,Elton John,Your Song
654,Elton John,Tiny Dancer
654,Billy Joel,We Didn't Start the Fire
654,Billy Joel,Piano Man
654,Simon & Garfunkel,Cecilia
654,Tom Petty,I Won't Back Down
654,REO Speedwagon,Can't Fight This Feeling
654,Meat Loaf,Paradise By the Dashboard Light
654,The Doobie Brothers,Black Water
655,Michael Bublé,Holly Jolly Christmas
655,Christina Perri,merry christmas darling
655,Mariah Carey,All I Want for Christmas Is You
655,Wham!,Last Christmas
655,Tony Bennett,Winter Wonderland
655,Darlene Love,A Marshmallow World
655,Vince Guaraldi Trio,My Little Drum
655,Vince Guaraldi Trio,The Christmas Song
655,Vince Guaraldi Trio,Christmas Is Coming
655,The Ronettes,I Saw Mommy Kissing Santa Claus
655,Justin Bieber,Mistletoe
655,Carpenters,Sleigh Ride
655,Andy Williams,Happy Holiday / The Holiday Season
655,Bing Crosby,Mele Kalikimaka - Single Version
655,Dean Martin,"Baby, It's Cold Outside"
655,Elvis Presley,Blue Christmas
655,Dean Martin,Silver Bells
656,The Killers,Mr. Brightside
656,Journey,Don't Stop Believin'
656,Plain White T's,Hey There Delilah
656,Oasis,Wonderwall - Remastered
656,Eurythmics,Sweet Dreams (Are Made of This) - Remastered
656,Whitney Houston,I Wanna Dance with Somebody (Who Loves Me)
656,Smash Mouth,All Star
656,The All-American Rejects,Dirty Little Secret
656,blink-182,What's My Age Again?
656,Fall Out Boy,Thnks fr th Mmrs
656,Green Day,American Idiot
656,Green Day,Basket Case
656,Panic! At The Disco,I Write Sins Not Tragedies
656,One Direction,Drag Me Down
656,One Direction,Best Song Ever
656,One Direction,What Makes You Beautiful
656,Shaggy,It Wasn't Me
656,Fergie,Fergalicious
656,Kansas,Carry on Wayward Son
656,ZAYN,PILLOWTALK
656,Jonas Brothers,Burnin' Up
656,The Killers,Somebody Told Me
656,ABBA,Dancing Queen
656,Fall Out Boy,My Songs Know What You Did In The Dark (Light Em Up)
656,Cyndi Lauper,Girls Just Want to Have Fun
656,The Outfield,Your Love
657,Trey Songz,"Touchin, Lovin (feat. Nicki Minaj)"
657,Nicki Minaj,Only
657,Rae Sremmurd,Throw Sum Mo
657,E-40,Choices (Yup)
657,Tech N9ne,Hood Go Crazy
657,Ying Yang Twins,Salt Shaker
657,Fetty Wap,679 (feat. Remy Boyz)
657,YG,Who Do You Love?
657,Nelly,The Fix (feat. Jeremih)
657,G-Eazy,Calm Down
657,Too $hort,Blow the Whistle
657,Lil Uzi Vert,Money Longer
657,Gucci Mane,Both (feat. Drake)
658,Red Hot Chili Peppers,Scar Tissue
658,Red Hot Chili Peppers,Californication
658,Scorpions,No One Like You
658,Scorpions,Rock You Like A Hurricane
658,Lynyrd Skynyrd,Free Bird
658,blink-182,I Miss You
658,Oasis,Champagne Supernova - Remastered
658,Counting Crows,Big Yellow Taxi
658,Third Eye Blind,Semi-Charmed Life
658,Third Eye Blind,Jumper - 1998 Edit
658,U2,I Still Haven't Found What I'm Looking For
658,The Killers,Mr. Brightside
658,The Killers,When You Were Young
658,The Killers,Somebody Told Me
658,Matchbox Twenty,3AM
658,Electric Light Orchestra,Evil Woman
658,The Goo Goo Dolls,Iris
658,The Goo Goo Dolls,Slide
658,Oasis,Wonderwall - Remastered
658,Twenty One Pilots,Stressed Out
658,U2,Pride (In The Name Of Love) - Remastered 2009
658,Creed,Higher
658,Creed,My Sacrifice
658,Creed,One Last Breath
658,Nirvana,Lithium
658,Weezer,Say It Ain't So
658,Sublime,Santeria
658,X Ambassadors,Renegades
658,Skillet,Monster
658,Aerosmith,Walk This Way
658,Mötley Crüe,Home Sweet Home
658,Disturbed,Stricken
658,Journey,Faithfully
659,Iggy Azalea,Team
659,G-Eazy,Calm Down
659,Fetty Wap,679 (feat. Monty)
659,Rihanna,Needed Me
659,Zendaya,Something New
659,Kehlani,Gangsta
659,DJ Snake,Let Me Love You
659,Lloyd,Swimming Pools
659,Skepta,That's Not Me
659,Skepta,Shutdown
659,Sia,Cheap Thrills
659,Zara Larsson,Ain't My Fault
659,Lykke Li,I Follow Rivers - The Magician Remix
660,Hollywood Undead,Comin’ In Hot
660,A Day To Remember,All I Want
660,A Day To Remember,Have Faith In Me
660,Bring Me The Horizon,Can You Feel My Heart
660,Bring Me The Horizon,Can You Feel My Heart
660,Franz Ferdinand,Take Me Out
661,Chris Brown,Forever
661,Fetty Wap,Trap Queen
661,Tove Lo,Talking Body
661,Soulja Boy,Crank That (Soulja Boy)
661,The Chainsmokers,Don't Let Me Down
661,Mike Posner,I Took A Pill In Ibiza - Seeb Remix
661,Taio Cruz,Dynamite
661,Kesha,TiK ToK
661,Jay Sean,Down
661,Lady Gaga,Just Dance
661,Nicki Minaj,Super Bass
661,Enrique Iglesias,I Like It
661,Nicki Minaj,Super Bass
661,DJ Snake,Turn Down for What
661,Afrojack,Ten Feet Tall
661,Fifth Harmony,Worth It
661,Jessie J,Bang Bang
661,Flo Rida,My House
661,Imagine Dragons,Believer
661,Sean Kingston,Beautiful Girls
662,Al Green,I'm a Ram
662,alt-J,Left Hand Free
662,Nina Simone,Baltimore
662,Blur,Ghost Ship
662,Thundercat,Them Changes
662,Beach House,Wildflower
663,Fergie,Big Girls Don't Cry (Personal)
663,Rihanna,Umbrella
663,Rihanna,Don't Stop The Music
663,Gwen Stefani,Hollaback Girl
663,Miley Cyrus,Party In The U.S.A.
663,Lady Gaga,Just Dance
663,Selena Gomez & The Scene,Love You Like A Love Song
663,Selena Gomez & The Scene,Who Says
663,Selena,Amor Prohibido
663,Kid Rock,All Summer Long
663,Jason Derulo,Whatcha Say
663,Soulja Boy,Crank That (Soulja Boy)
663,Enrique Iglesias,Cuando Me Enamoro
663,Gwen Stefani,The Sweet Escape
663,Fergie,Fergalicious
663,Sean Kingston,Beautiful Girls
663,Alicia Keys,No One
663,Alicia Keys,If I Ain't Got You
663,Alicia Keys,Fallin'
663,Alicia Keys,No One
663,Britney Spears,Oops!...I Did It Again
663,Bruno Mars,Grenade
663,Adele,Someone Like You
663,Jessie J,Price Tag
663,Jason Mraz,I'm Yours
663,Colbie Caillat,Bubbly
663,Ne-Yo,Miss Independent
663,Train,"Hey, Soul Sister"
663,Adele,Rolling in the Deep
664,Martin Garrix,In the Name of Love
664,Nick Jonas,Close
664,Twenty One Pilots,Car Radio
664,The Chainsmokers,Don't Let Me Down
664,The Chainsmokers,Closer
664,Lorde,Green Light
665,Kodaline,All I Want
665,fun.,All The Pretty Girls
666,Coldplay,A Sky Full of Stars
666,OneRepublic,Counting Stars
666,Europe,The Final Countdown
666,Bill Withers,Ain't No Sunshine
666,Creedence Clearwater Revival,Bad Moon Rising
666,R.E.M.,Man On The Moon
666,Colbie Caillat,Brighter Than The Sun
666,Soundgarden,Black Hole Sun
666,Smash Mouth,Walkin' On The Sun
666,Kenny Chesney,When the Sun Goes Down
668,Shaggy,It Wasn't Me
668,Gwen Stefani,Hollaback Girl
668,Avicii,Waiting For Love
668,Katy Perry,Roar
668,One Direction,What Makes You Beautiful
668,Kid Rock,All Summer Long
668,Kenny Chesney,American Kids
668,Zac Brown Band,Loving You Easy
669,Post Malone,Congratulations
669,Julia Michaels,Issues
669,Imagine Dragons,Believer
669,Martin Garrix,In the Name of Love
669,Disclosure,You & Me - Flume Remix
669,The Vamps,All Night
669,Luis Fonsi,Despacito - Remix
669,Lauv,I Like Me Better
669,Niall Horan,Slow Hands
669,MØ,Nights With You
669,Ellie Goulding,"Still Falling For You - From ""Bridget Jones's Baby"""
669,Gryffin,Feel Good (feat. Daya)
669,Marshmello,Silence
669,Dua Lipa,New Rules
669,Meek Mill,Litty (feat. Tory Lanez)
670,The Weeknd,Starboy
670,Ginuwine,Pony
670,Jeremih,Down On Me
670,The Weeknd,The Hills
670,Tove Lo,Talking Body
670,ZAYN,PILLOWTALK
670,Trey Songz,Neighbors Know My Name
670,Lana Del Rey,Young And Beautiful
670,The Weeknd,The Hills
670,Glass Animals,Gooey
670,Trey Songz,Slow Motion
670,Ciara,Body Party
670,Jeremih,Planez
670,Big Sean,I Know
670,Jeremih,Birthday Sex
670,Rihanna,Needed Me
670,Hailee Steinfeld,Starving
672,Fleetwood Mac,Landslide
672,The Lumineers,Ho Hey
672,The Lumineers,Stubborn Love
672,Passenger,Let Her Go
672,The Temper Trap,Sweet Disposition
672,Bill Withers,Ain't No Sunshine
672,Nick Cave & The Bad Seeds,People Ain't No Good - 2011 Remastered Version
672,Janis Joplin,Mercedes Benz
672,José González,Stay Alive
672,Jack Johnson,Banana Pancakes
672,Of Monsters and Men,Dirty Paws
672,Of Monsters and Men,Mountain Sound
672,Of Monsters and Men,King And Lionheart
672,Of Monsters and Men,Love Love Love
672,Bob Dylan,Girl from the North Country
672,Sting,Fields Of Gold
672,John Legend,All of Me
672,Passenger,Let Her Go
672,Fleetwood Mac,Landslide
672,Lily Allen,Somewhere Only We Know
672,Simon & Garfunkel,Homeward Bound
673,James Arthur,Say You Won't Let Go
673,Ed Sheeran,Shape of You
673,Julia Michaels,Issues
673,Ed Sheeran,Photograph
673,James Arthur,Impossible
673,Lily Allen,Somewhere Only We Know
673,The Chainsmokers,Paris
673,Machine Gun Kelly,Bad Things (with Camila Cabello)
673,Sabrina Carpenter,Thumbs
673,Jaymes Young,I'll Be Good
673,Zara Larsson,Uncover
673,MAX,Lights Down Low
673,Ed Sheeran,Perfect
673,Lana Del Rey,Young And Beautiful
673,Billie Eilish,Bored
673,Tom Odell,Another Love
673,Vance Joy,Mess Is Mine
673,Harry Styles,Sign of the Times
673,Lord Huron,The Night We Met
673,James Arthur,Can I Be Him
673,Bruno Mars,When I Was Your Man
674,Sara Bareilles,Gravity
675,Perry Como,Papa Loves Mambo
676,Lil Wayne,Love Me
676,Kendrick Lamar,Money Trees
676,Kelly Rowland,Motivation
676,Eminem,Superman
676,Kanye West,Heartless
676,Eminem,Stan
676,Blackstreet,No Diggity
676,Lil Wayne,Mirror
676,2 Chainz,We Own It (Fast & Furious)
676,Tech N9ne,Caribou Lou
676,Childish Gambino,Heartbeat
676,Big Sean,Beware
676,Hollywood Undead,Everywhere I Go
676,Lil' Kim,Magic Stick
676,Kid Ink,Hell & Back
676,Katy Perry,Dark Horse
676,Dr. Dre,Forgot About Dre
676,Boosie Badazz,"Wipe Me Down (feat. Foxx, Webbie & Lil Boosie) - Remix"
676,Dr. Dre,Still D.R.E.
676,50 Cent,21 Questions
677,Gregory Alan Isakov,Big Black Car
677,Hozier,Cherry Wine - Live
677,Jack Johnson,Better Together
677,Ruth B.,Lost Boy
677,Gregory Alan Isakov,The Stable Song
677,Jack Johnson,I Got You
677,Kodaline,All I Want
677,Chris Stapleton,Tennessee Whiskey
677,LANY,ILYSB - STRIPPED
677,John Mayer,XO
677,Vance Joy,Georgia
677,José González,Heartbeats
677,Mumford & Sons,I Will Wait
677,James Blunt,You're Beautiful
677,The Paper Kites,Bloom - Bonus Track
677,The Cinematic Orchestra,To Build A Home
677,Gregory Alan Isakov,Amsterdam
677,Zac Brown Band,Loving You Easy
678,Jay Sean,Down
678,Jay Sean,Do You Remember
678,Jason Derulo,Whatcha Say
678,T.I.,Whatever You Like
679,"Earth, Wind & Fire",Let's Groove
680,Thomas Rhett,Die A Happy Man
680,Eric Church,Springsteen
680,Eric Church,Talladega
680,Luke Combs,Hurricane
680,Brad Paisley,Mud on the Tires
680,Brad Paisley,Then
680,Brooks & Dunn,Red Dirt Road
680,Thomas Rhett,Make Me Wanna
680,Billy Currington,It Don't Hurt Like It Used To
680,Luke Bryan,Play It Again
680,Luke Bryan,Kiss Tomorrow Goodbye
680,George Strait,Troubadour
680,George Strait,Check Yes Or No
680,Josh Turner,Long Black Train
680,Josh Turner,Time Is Love
680,Josh Turner,Would You Go With Me
680,Brad Paisley,She's Everything
680,Jason Aldean,My Kinda Party
680,Travis Tritt,It's A Great Day To Be Alive
680,Jason Aldean,Dirt Road Anthem
680,Chris Stapleton,Fire Away
680,Chris Stapleton,Parachute
681,Cage The Elephant,Come a Little Closer
681,Cage The Elephant,Spiderhead
681,Imagine Dragons,Radioactive
681,Mumford & Sons,I Will Wait
681,Mumford & Sons,The Cave
681,Pink Floyd,Money
682,Kevin Gates,2 Phones
682,Rascal Flatts,What Hurts The Most
682,One Direction,Perfect
682,Justin Bieber,Love Yourself
682,Twenty One Pilots,Stressed Out
682,The Chainsmokers,Roses
682,Flo Rida,My House
682,Alessia Cara,Here
682,Daya,Hide Away
682,Bryson Tiller,Don't
682,Kevin Gates,Really Really
682,Disclosure,Magnets
682,ZAYN,PILLOWTALK
682,G-Eazy,"Me, Myself & I"
682,Mike Posner,I Took A Pill In Ibiza - Seeb Remix
682,Charlie Puth,One Call Away
682,Bryson Tiller,Exchange
682,Robin Schulz,Sugar (feat. Francesco Yates)
682,Tory Lanez,Say It
682,Meghan Trainor,NO
682,DJ Snake,Middle
682,Drake,One Dance
682,Rihanna,Needed Me
682,The Chainsmokers,Don't Let Me Down
682,Calvin Harris,This Is What You Came For
682,Lukas Graham,7 Years
682,Zara Larsson,Never Forget You
682,Sia,Cheap Thrills
682,Alessia Cara,Wild Things
682,Jonas Blue,Fast Car
682,Twenty One Pilots,Ride
682,Meghan Trainor,Me Too
682,Nick Jonas,Close
682,Lifehouse,You And Me
683,Post Malone,Congratulations
683,Rae Sremmurd,Swang
683,T.I.,Go Get It
683,Kanye West,Stronger
683,Rihanna,Needed Me
683,Calvin Harris,My Way
683,The Chainsmokers,Closer
683,DMX,Where The Hood At
683,DMX,Party Up
683,Kevin Gates,Really Really
683,Rae Sremmurd,Come Get Her
683,Rae Sremmurd,No Type
683,Fetty Wap,Trap Queen
683,Robin Schulz,Sugar (feat. Francesco Yates)
683,G-Eazy,"Me, Myself & I"
683,Fetty Wap,Again
683,Fetty Wap,My Way (feat. Monty)
683,Fetty Wap,RGF Island
683,Soulja Boy,Crank That (Soulja Boy)
683,Luis Fonsi,Despacito - Remix
683,Shawn Mendes,Mercy
683,Imagine Dragons,Believer
683,Sam Hunt,Body Like A Back Road
683,Maroon 5,Maps
683,Maroon 5,Animals
683,Maroon 5,Payphone
683,Maroon 5,One More Night
683,Future,Mask Off
683,Sean Paul,Temperature
683,Mario,Skippin'
683,One Direction,Drag Me Down
683,One Direction,Story of My Life
683,Jason Derulo,Whatcha Say
683,Bruno Mars,Treasure
683,Daughtry,Home
683,Flo Rida,Wild Ones (feat. Sia)
683,Flo Rida,Whistle
683,Flo Rida,I Cry
683,Flo Rida,Good Feeling
683,J. Cole,No Role Modelz
683,Big Sean,Blessings
683,Migos,Bad and Boujee (feat. Lil Uzi Vert)
683,NAV,Myself
683,Jeremih,Don't Tell 'Em
683,Kendrick Lamar,HUMBLE.
683,A Boogie Wit da Hoodie,Drowning (feat. Kodak Black)
683,Migos,Slippery (feat. Gucci Mane)
683,Russ,What They Want
683,Travis Scott,goosebumps
683,Fetty Wap,679 (feat. Remy Boyz)
683,Big Sean,I Don't Fuck With You
683,Rae Sremmurd,Black Beatles
683,Dr. Dre,Still D.R.E.
683,B.o.B,HeadBand (feat. 2 Chainz)
683,Dr. Dre,The Next Episode
683,50 Cent,In Da Club
683,2 Chainz,We Own It (Fast & Furious)
683,Eminem,Not Afraid
686,Alicia Keys,If I Ain't Got You
686,Mariah Carey,We Belong Together
687,Luis Fonsi,Despacito - Remix
687,Kanye West,Gold Digger
687,Jeremih,Down On Me
687,LMFAO,Shots
687,Akon,Be With You
687,Mario,Let Me Love You
687,Akon,Don't Matter
687,Taio Cruz,Dynamite
687,Meghan Trainor,Me Too
687,Charlie Puth,Attention
687,Chris Brown,With You
687,Jason Derulo,Swalla (feat. Nicki Minaj & Ty Dolla $ign)
687,Hollywood Undead,Everywhere I Go
687,The Script,Breakeven
687,The Pussycat Dolls,Stickwitu
687,2 Chainz,We Own It (Fast & Furious)
687,Bruno Mars,Treasure
687,Bruno Mars,That's What I Like
687,Bruno Mars,Grenade
687,Bruno Mars,Just the Way You Are
687,DMX,Where The Hood At
687,Sean Paul,Get Busy
687,50 Cent,Just A Lil Bit
687,Shinedown,Second Chance
687,Fall Out Boy,Thnks fr th Mmrs
687,Imagine Dragons,Believer
687,Imagine Dragons,Thunder
687,Mike Posner,Please Don't Go
687,Ed Sheeran,Shape of You
687,Panic! At The Disco,I Write Sins Not Tragedies
687,Panic! At The Disco,Emperor's New Clothes
687,Gorillaz,DARE
688,John Mayer,Waiting On the World to Change
688,John Mayer,Gravity
688,John Mayer,Slow Dancing in a Burning Room
688,Ed Sheeran,Photograph
688,Plain White T's,Hey There Delilah
688,Plain White T's,The Giving Tree
688,John Mayer,XO
688,Jason Mraz,Lucky
688,Coldplay,Yellow
688,Jack Johnson,Better Together
688,Snow Patrol,Chasing Cars
688,Train,"Hey, Soul Sister"
688,Train,"Hey, Soul Sister"
688,Jason Mraz,I'm Yours
688,Jack Johnson,Banana Pancakes
688,Jack Johnson,"Sitting, Waiting, Wishing"
688,Coldplay,Fix You
688,Coldplay,A Sky Full of Stars
688,Train,Marry Me
688,Train,Drive By
688,Frank Ocean,Thinkin Bout You
689,Hailee Steinfeld,Love Myself
689,Demi Lovato,Cool for the Summer
689,t.A.T.u.,Show Me Love
689,Britney Spears,If U Seek Amy
689,Andy Grammer,"Honey, I'm Good."
689,Zedd,I Want You To Know
689,Fifth Harmony,BO$$
689,Ella Henderson,Ghost
689,Fall Out Boy,Centuries
689,Demi Lovato,Really Don't Care
689,Sia,Chandelier
689,Ricky Martin,Livin' la Vida Loca
689,Lady Gaga,Just Dance
689,Katy Perry,Dark Horse
689,Pharrell Williams,"Happy - From ""Despicable Me 2"""
689,Imagine Dragons,Demons
689,t.A.T.u.,All The Things She Said
689,Britney Spears,Oops!...I Did It Again
689,Nickelback,Savin' Me
689,*NSYNC,Tearin' up My Heart - Radio Edit
689,Backstreet Boys,Incomplete
689,Backstreet Boys,Show Me the Meaning of Being Lonely
689,Hillsong Worship,Still - Live
689,Britney Spears,Circus
689,Fifth Harmony,Sledgehammer
689,WALK THE MOON,Shut Up and Dance
689,P!nk,Raise Your Glass
689,Rihanna,Only Girl (In The World)
689,Iggy Azalea,Black Widow
689,Far East Movement,Live My Life
689,Clean Bandit,Rockabye (feat. Sean Paul & Anne-Marie)
689,Lady Gaga,Judas
689,Calvin Harris,This Is What You Came For
689,Twenty One Pilots,Heathens
689,Westlife,When You're Looking Like That - Single Remix
689,Demi Lovato,Confident
689,Panic! At The Disco,Victorious
689,Meghan Trainor,Me Too
689,Sia,Cheap Thrills
689,The Chainsmokers,Don't Let Me Down
689,Zara Larsson,Never Forget You
689,Meghan Trainor,NO
689,Cascada,Bad Boy
689,Fall Out Boy,Thnks fr th Mmrs
690,Eric Church,Talladega
690,Jon Pardi,Dirt On My Boots
690,Kelsea Ballerini,Peter Pan
690,Brett Eldredge,Wanna Be That Song
690,Chris Stapleton,Parachute
690,Sam Hunt,Make You Miss Me
690,Carrie Underwood,Dirty Laundry
690,Luke Combs,Hurricane
690,Florida Georgia Line,May We All
690,Brantley Gilbert,The Weekend
690,Eric Church,Round Here Buzz
690,Josh Turner,Hometown Girl
691,Skillet,Not Gonna Die
691,Justin Bieber,Sorry
691,Justin Bieber,What Do You Mean?
691,DJ Snake,Let Me Love You
691,The Chainsmokers,Closer
691,Drake,One Dance
691,Twenty One Pilots,Heathens
691,Ed Sheeran,Photograph
691,Luis Fonsi,Despacito - Remix
691,Skillet,The Resistance
691,Ed Sheeran,Perfect
691,2 Chainz,We Own It (Fast & Furious)
691,Tina Turner,The Best
692,Sufjan Stevens,To Be Alone With You
692,The Strokes,Someday
692,Phoenix,1901
692,Florence + The Machine,Cosmic Love
693,Machine Gun Kelly,Bad Things (with Camila Cabello)
693,DJ Snake,Let Me Love You
693,Kanye West,Father Stretch My Hands Pt. 1
693,Lil Uzi Vert,Money Longer
693,Lil Uzi Vert,Erase Your Social
693,Rae Sremmurd,Black Beatles
693,Twenty One Pilots,Heathens
693,Russ,Losin Control
693,Wiz Khalifa,So High (feat. Ghost Loft)
693,The Weeknd,Starboy
693,Kehlani,Gangsta
693,Bryson Tiller,Right My Wrongs
693,Hailee Steinfeld,Starving
693,The Chainsmokers,Don't Let Me Down
694,Aerosmith,Walk This Way
694,Aerosmith,Dream On
694,The Cranberries,Zombie
694,Jimi Hendrix,Voodoo Child (Slight Return)
694,Jimi Hendrix,Purple Haze
694,Jimi Hendrix,Little Wing
694,Jimi Hendrix,Crosstown Traffic
694,Van Morrison,Brown Eyed Girl
694,Thin Lizzy,Jailbreak
694,Thin Lizzy,The Boys Are Back In Town
694,Queen,Killer Queen - Remastered 2011
694,Alice Cooper,School's Out
694,Creedence Clearwater Revival,Bad Moon Rising
694,Lynyrd Skynyrd,Free Bird
694,Lynyrd Skynyrd,Gimme Three Steps
694,Lynyrd Skynyrd,Simple Man
694,Lynyrd Skynyrd,Tuesday's Gone
694,Guns N' Roses,Paradise City
694,Mötley Crüe,Kickstart My Heart
694,The Rolling Stones,Gimme Shelter
694,Eric Clapton,Cocaine
694,Lynyrd Skynyrd,Sweet Home Alabama
694,Guns N' Roses,Sweet Child O' Mine
694,Cream,Sunshine Of Your Love
694,Queen,Bohemian Rhapsody - Remastered 2011
694,Mötley Crüe,Dr. Feelgood
694,Cream,White Room
694,The Animals,House Of The Rising Sun
694,Bon Jovi,Wanted Dead Or Alive
694,Motörhead,Ace of Spades
694,KISS,I Was Made For Lovin' You
694,The Who,My Generation - Stereo Version
694,Guns N' Roses,Welcome To The Jungle
694,Mötley Crüe,"Girls, Girls, Girls"
694,Queen,Another One Bites The Dust - Remastered 2011
694,KISS,Rock And Roll All Nite
694,Bon Jovi,You Give Love A Bad Name
694,Mötley Crüe,Home Sweet Home
694,Bon Jovi,It's My Life
694,Steve Miller Band,The Joker
694,Guns N' Roses,Knockin' On Heaven's Door
694,Deep Purple,Highway Star
694,Bryan Adams,Summer Of '69
694,Mötley Crüe,Wild Side
694,Guns N' Roses,November Rain
694,Mötley Crüe,Smokin' In The Boys Room
694,Aerosmith,Dude (Looks Like A Lady)
694,Aerosmith,Sweet Emotion
694,AC/DC,Highway to Hell
694,AC/DC,Thunderstruck
694,AC/DC,T.N.T.
694,Mötley Crüe,Looks That Kill
694,Creedence Clearwater Revival,Down On The Corner
694,Rush,Limelight
694,Poison,Talk Dirty To Me
694,Chuck Berry,No Particular Place To Go
694,AC/DC,Dirty Deeds Done Dirt Cheap
694,AC/DC,Shoot to Thrill
694,AC/DC,It's a Long Way to the Top (If You Wanna Rock 'N' Roll)
694,Guns N' Roses,You Could Be Mine
694,Guns N' Roses,Live And Let Die
694,Metallica,Whiskey In The Jar
694,Boston,Smokin'
694,AC/DC,You Shook Me All Night Long
694,Boston,More Than a Feeling
694,Kansas,Carry on Wayward Son
694,Foreigner,Hot Blooded
694,Electric Light Orchestra,Mr. Blue Sky
695,Hugh Jackman,At The End Of The Day
696,X Ambassadors,Renegades
696,Bastille,Things We Lost In The Fire
696,Mumford & Sons,Believe
696,OneRepublic,Secrets
696,Bastille,Pompeii
696,Fall Out Boy,Centuries
696,The Lumineers,Stubborn Love
696,The Fray,Love Don't Die
696,Imagine Dragons,Demons
696,Radiohead,Karma Police
696,The Kooks,Bad Habit
696,Fall Out Boy,My Songs Know What You Did In The Dark (Light Em Up)
696,X Ambassadors,Jungle
696,alt-J,Breezeblocks
696,OneRepublic,Good Life
696,X Ambassadors,Unsteady
697,Charlie Puth,Attention
697,Bruno Mars,That's What I Like
697,Soft Cell,Tainted Love
697,Childish Gambino,Heartbeat
697,Martin Garrix,In the Name of Love
697,Zedd,Clarity
697,The Chainsmokers,Paris
697,Shaggy,It Wasn't Me
697,Kanye West,Gold Digger
697,The Chainsmokers,Don't Let Me Down
697,The Chainsmokers,Closer
697,The Lumineers,Ophelia
697,Miley Cyrus,Malibu
697,Tove Lo,Talking Body
697,Disclosure,Latch
697,Twenty One Pilots,Stressed Out
697,Vance Joy,Riptide
697,Mike Posner,I Took A Pill In Ibiza - Seeb Remix
697,Hailee Steinfeld,Starving
697,DJ Snake,Let Me Love You
697,Ludacris,Stand Up
697,Calvin Harris,This Is What You Came For
697,Jason Derulo,Want to Want Me
697,Sia,Cheap Thrills
697,Ellie Goulding,"Love Me Like You Do - From ""Fifty Shades Of Grey"""
697,Galantis,No Money
697,Galantis,Runaway (U & I)
697,Galantis,Peanut Butter Jelly
697,The Wombats,Pink Lemonade
697,AJR,Weak
697,Hailee Steinfeld,Rock Bottom
697,Lorde,Supercut
697,Imagine Dragons,Thunder
697,Julia Michaels,Issues
697,Florence + The Machine,Dog Days Are Over
697,Khalid,Location
697,Dua Lipa,New Rules
697,Selena Gomez,Wolves
698,Beastie Boys,No Sleep Till Brooklyn
698,System Of A Down,B.Y.O.B.
698,Michael Jackson,Billie Jean
698,Survivor,Eye of the Tiger
698,Korn,Freak On a Leash
698,Bon Jovi,Livin' On A Prayer
698,Bon Jovi,You Give Love A Bad Name
698,Bon Jovi,Wanted Dead Or Alive
698,AC/DC,Back In Black
698,AC/DC,Thunderstruck
699,Lana Del Rey,Young And Beautiful
699,One Direction,Story of My Life
699,Ellie Goulding,Burn
699,Coldplay,Viva La Vida
699,Bastille,Pompeii
699,P!nk,Try
699,Clean Bandit,Rather Be (feat. Jess Glynne)
699,Sara Bareilles,Brave
699,Aloe Blacc,The Man
699,Pharrell Williams,"Happy - From ""Despicable Me 2"""
699,George Ezra,Budapest
699,Enrique Iglesias,Cuando Me Enamoro
699,David Bisbal,Diez Mil Maneras
699,John Legend,All of Me
699,Phoenix,Lisztomania
699,Sam Smith,Stay With Me
699,Ella Henderson,Ghost
699,Ed Sheeran,Photograph
699,Tom Odell,Another Love
699,Katy Perry,Unconditionally
699,Tove Lo,Habits (Stay High) - Hippie Sabotage Remix
699,Birdy,Skinny Love
699,Angus & Julia Stone,Big Jet Plane
699,Bon Iver,Blood Bank
699,Mumford & Sons,I Will Wait
699,Mumford & Sons,The Cave
699,Bon Iver,Skinny Love
699,Kodaline,High Hopes
699,Vance Joy,Riptide
699,Pearl Jam,Just Breathe
699,Yann Tiersen,"Comptine d'un autre été, l'après-midi"
699,John Mayer,XO
699,Of Monsters and Men,Dirty Paws
699,First Aid Kit,Wolf
699,Mumford & Sons,Awake My Soul
699,Jack Johnson,Banana Pancakes
699,alt-J,Left Hand Free
699,Kygo,Firestone
699,Marvin Gaye,Sexual Healing - Kygo Remix
699,Armin van Buuren,This Is What It Feels Like
699,Sia,Cheap Thrills
699,Kygo,Stole the Show
699,Kygo,Firestone
699,Alessia Cara,Wild Things
699,Carly Rae Jepsen,Run Away With Me
699,Clean Bandit,Rockabye (feat. Sean Paul & Anne-Marie)
699,Alessia Cara,Scars To Your Beautiful
699,Martin Garrix,In the Name of Love
700,The Lumineers,Ophelia
700,Mumford & Sons,The Cave
700,Ed Sheeran,Photograph
700,Mumford & Sons,Tompkins Square Park
700,Bon Iver,Skinny Love
700,The Lumineers,Ho Hey
700,Of Monsters and Men,Dirty Paws
700,Of Monsters and Men,Mountain Sound
700,Of Monsters and Men,Love Love Love
700,Arctic Monkeys,Why'd You Only Call Me When You're High?
700,The Black Keys,Lonely Boy
700,George Ezra,Budapest
700,Arctic Monkeys,Do I Wanna Know?
700,Arctic Monkeys,R U Mine?
700,X Ambassadors,Renegades
700,Rihanna,Pon de Replay
700,Imagine Dragons,Radioactive
700,Heart,Crazy On You
700,Heart,Stairway to Heaven (Live At The Kennedy Center Honors)
700,Queen,Under Pressure - Remastered 2011
700,Dave Matthews Band,You & Me
700,Chris Stapleton,Tennessee Whiskey
700,Cage The Elephant,Cigarette Daydreams
700,The Black Keys,Tighten Up
700,Adele,Rolling in the Deep
700,The Lumineers,Sleep On The Floor
700,X Ambassadors,Unsteady
700,Evanescence,My Immortal
700,Paolo Nutini,Last Request
700,The Paper Kites,Bloom - Bonus Track
701,John Legend,All of Me
701,Lenny Kravitz,Again
701,Coldplay,A Sky Full of Stars
701,Coldplay,Paradise
701,Amy Winehouse,You Know I'm No Good
701,Amy Winehouse,Back To Black
701,No Doubt,Don't Speak
701,Lenny Kravitz,It Ain't Over 'Til It's Over
701,U2,One
701,The Cranberries,Linger
701,Mariah Carey,Without You
701,Elton John,Your Song
701,Aerosmith,Dream On
701,Annie Lennox,A Whiter Shade of Pale
701,Aerosmith,Crazy
701,Timbaland,Apologize
701,Dr. Dre,The Next Episode
701,Chris Isaak,Wicked Game
701,Moby,Porcelain
701,X Ambassadors,Unsteady
701,Adele,When We Were Young
702,Paul Simon,Me and Julio Down by the Schoolyard
702,The Temptations,My Girl
702,The Temptations,My Girl
702,Daryl Hall & John Oates,Rich Girl
702,Stevie Wonder,For Once In My Life
702,Paul Simon,You Can Call Me Al
703,The Neighbourhood,Sweater Weather
703,Vance Joy,Mess Is Mine
703,Yelawolf,American You
703,James Bay,Hold Back The River
703,Twenty One Pilots,Stressed Out
703,Mikky Ekko,Smile
704,Lil Wayne,Right Above It
704,YG,Who Do You Love?
704,Lil Wayne,Love Me
704,2 Chainz,No Lie
704,DJ Khaled,I'm On One
704,Rick Ross,Stay Schemin
704,Nicki Minaj,Moment 4 Life
704,Rick Ross,Aston Martin Music
704,Mary J. Blige,Mr. Wrong
704,PARTYNEXTDOOR,Recognize (feat. Drake)
704,Big Sean,Blessings
704,Meek Mill,R.I.C.O. (feat. Drake)
704,PARTYNEXTDOOR,Come and See Me (feat. Drake)
704,Drake,One Dance
704,Drake,One Dance
704,YG,Who Do You Love?
704,Gucci Mane,Both (feat. Drake)
705,Maroon 5,She Will Be Loved - Radio Mix
705,The Cranberries,Dreams
705,The Cranberries,Linger
705,Dean Martin,That's Amore
705,Frank Ocean,Lost
706,Brett Young,In Case You Didn't Know
706,Darius Rucker,If I Told You
706,Luke Combs,Hurricane
707,50 Cent,In Da Club
707,Flo Rida,My House
708,ZAYN,PILLOWTALK
708,The Chainsmokers,Don't Let Me Down
708,Flo Rida,My House
708,Zara Larsson,Lush Life
708,Daya,Hide Away
708,The Chainsmokers,Roses
708,DJ Snake,Middle
708,Nelly,The Fix (feat. Jeremih)
708,Hailee Steinfeld,Rock Bottom
708,Nick Jonas,Close
708,Tove Lo,Talking Body
708,Nicki Minaj,Starships
708,Katy Perry,Dark Horse
708,Alessia Cara,Wild Things
708,Charlie Puth,We Don't Talk Anymore (feat. Selena Gomez)
708,P!nk,So What
708,James Bay,Let It Go
708,Christina Perri,A Thousand Years
709,Fifth Harmony,That's My Girl
709,Ed Sheeran,Shape of You
709,Jeremih,Love Don't Change
709,Rae Sremmurd,Swang
709,Travis Scott,goosebumps
709,Bruno Mars,That's What I Like
709,Keri Hilson,Pretty Girl Rock
710,John Denver,Rudolph the Red Nosed Reindeer
711,Massive Attack,Paradise Circus
712,Billy Idol,White Wedding - Pt. 1
712,Bon Jovi,Livin' On A Prayer
712,Bon Jovi,It's My Life
712,Bon Jovi,Runaway
712,Guns N' Roses,Sweet Child O' Mine
712,Bryan Adams,Summer Of '69
712,Boston,More Than a Feeling
712,Guns N' Roses,Paradise City
712,Eric Clapton,Cocaine
712,Journey,Don't Stop Believin'
712,The Cars,You Might Think
712,Kenny Rogers,The Gambler
712,Mötley Crüe,"Girls, Girls, Girls"
712,Aerosmith,Dream On
712,KISS,I Was Made For Lovin' You
712,Lynyrd Skynyrd,Sweet Home Alabama
712,John Mellencamp,Small Town
712,Soft Cell,Tainted Love
712,Foreigner,Juke Box Hero
712,AC/DC,Hells Bells
712,Johnny Cash,The Man Comes Around
712,Lynyrd Skynyrd,Free Bird
712,Men At Work,Down Under
712,Eurythmics,Sweet Dreams (Are Made of This) - Remastered
712,Cyndi Lauper,Time After Time
712,Tears For Fears,Shout
712,The Rolling Stones,Gimme Shelter
712,Phil Collins,In The Air Tonight - 2015 Remastered
712,Mötley Crüe,Home Sweet Home
712,Kansas,Carry on Wayward Son
712,REO Speedwagon,Roll with the Changes
712,The Who,Eminence Front
712,The Who,Baba O'Riley
712,Aerosmith,Sweet Emotion
712,Van Halen,Why Can't This Be Love
712,Billy Joel,Piano Man
712,Alabama,Dixieland Delight
712,Elton John,Tiny Dancer
712,Boston,Peace of Mind
712,Dropkick Murphys,I'm Shipping Up To Boston
712,Whitesnake,Here I Go Again
712,Journey,Faithfully
712,Huey Lewis & The News,Heart And Soul
712,John Mellencamp,Hurts So Good
712,John Mellencamp,Jack & Diane
712,Pink Floyd,Time
712,Pink Floyd,Comfortably Numb
712,Don Henley,The Boys Of Summer
712,Air Supply,All Out of Love
712,The Animals,House Of The Rising Sun
712,Queen,Under Pressure - Remastered 2011
712,Bob Seger,Mainstreet
712,Guns N' Roses,Knockin' On Heaven's Door
713,Kid Cudi,Erase Me - Main
713,Warren G,Regulate
713,Tove Lo,Habits (Stay High)
713,J. Cole,Work Out
713,Childish Gambino,Heartbeat
713,Katy Perry,Dark Horse
713,Yelawolf,Daddy's Lambo
713,B.o.B,HeadBand (feat. 2 Chainz)
713,B.o.B,So Good
713,Frank Ocean,Lost
713,LMFAO,Party Rock Anthem
713,T.I.,Whatever You Like
714,MF DOOM,Rapp Snitch Knishes feat. Mr. Fantastik
714,MF DOOM,Hoe Cakes
714,Madvillain,All Caps
714,Madvillain,Rhinestone Cowboy
714,Nas,N.Y. State of Mind
714,Joey Bada$$,Paper Trail$
714,Mos Def,Mathematics
714,Ghostface Killah,Iron Maiden
716,Lupe Fiasco,The Show Goes On
716,Bastille,Pompeii
716,Sia,Cheap Thrills
716,Luis Fonsi,Despacito - Remix
716,Soulja Boy,Donk
716,Bruno Mars,That's What I Like
716,Fifth Harmony,Worth It
716,Jessie J,Bang Bang
716,Meghan Trainor,All About That Bass
717,Jamie Foxx,Blame It
717,The Killers,Mr. Brightside
717,Fergie,Fergalicious
717,Fall Out Boy,Thnks fr th Mmrs
717,Keri Hilson,Knock You Down
717,Soulja Boy,Kiss Me Thru The Phone
717,Jason Derulo,Whatcha Say
717,Fabolous,Throw It In The Bag
717,Chris Brown,Forever
717,Jay Sean,Do You Remember
717,Lupe Fiasco,The Show Goes On
717,Mike Posner,Please Don't Go
717,The Pussycat Dolls,Buttons
717,Akon,Right Now (Na Na Na)
717,Akon,I Wanna Love You
717,Katy Perry,Last Friday Night (T.G.I.F.)
717,B.o.B,HeadBand (feat. 2 Chainz)
717,Sean Kingston,Beautiful Girls
717,Ne-Yo,Miss Independent
717,50 Cent,In Da Club
717,Ludacris,My Chick Bad
717,Britney Spears,Toxic
717,Britney Spears,...Baby One More Time
717,50 Cent,Candy Shop
717,T.I.,Whatever You Like
717,Nelly,Hot In Herre
720,Prince Royce,Rechazame
720,Grupo Niche,Cali Pachanguero
720,Angel Y Khriz,Na De Na
720,Sean Kingston,Fire Burning
720,Rihanna,Pon de Replay
721,Ne-Yo,So Sick
721,Mario,Let Me Love You
721,Ne-Yo,Miss Independent
721,Ne-Yo,Closer
721,Ne-Yo,Mad
721,Chris Brown,Forever
721,Akon,Right Now (Na Na Na)
721,Keri Hilson,Knock You Down
721,Mariah Carey,We Belong Together
721,Jason Derulo,Whatcha Say
721,Kanye West,Heartless
721,Akon,I Wanna Love You
721,Jay Sean,Do You Remember
721,Taio Cruz,Break Your Heart
721,Ne-Yo,Let Me Love You (Until You Learn To Love Yourself)
721,Kanye West,Gold Digger
721,Kanye West,Stronger
721,Soulja Boy,Kiss Me Thru The Phone
721,Rihanna,Don't Stop The Music
721,Shaggy,It Wasn't Me
721,Timbaland,Apologize
721,50 Cent,In Da Club
721,Jonas Brothers,Burnin' Up
721,The Pussycat Dolls,I Hate This Part
721,Mariah Carey,Obsessed
722,ScHoolboy Q,Studio
722,ScHoolboy Q,Man Of The Year
722,Avicii,Hey Brother
722,Aloe Blacc,The Man
722,Imagine Dragons,Radioactive
722,Red Hot Chili Peppers,Can't Stop
722,blink-182,What's My Age Again?
722,The Weeknd,The Hills
722,blink-182,All The Small Things
722,Galantis,Runaway (U & I)
722,Billy Joel,We Didn't Start the Fire
722,Flo Rida,My House
722,Milky Chance,Stolen Dance
722,WALK THE MOON,Shut Up and Dance
722,Fall Out Boy,Centuries
722,X Ambassadors,Renegades
722,The Killers,Mr. Brightside
722,3 Doors Down,It's Not My Time
722,The Neighbourhood,Afraid
722,The Chainsmokers,Closer
722,The Weeknd,Starboy
722,Maroon 5,Maps
722,Maroon 5,Animals
722,OneRepublic,Counting Stars
722,The Chainsmokers,Paris
722,Destiny's Child,Survivor
722,MGMT,Electric Feel
722,Lady Gaga,Million Reasons
722,ABBA,Dancing Queen
722,Foster The People,Pumped Up Kicks
722,Foreigner,Juke Box Hero
722,Linkin Park,Numb
722,Galantis,Peanut Butter Jelly
722,The Fray,How to Save a Life
722,N.W.A.,Straight Outta Compton
723,J. Cole,Wet Dreamz
723,The Weeknd,Starboy
723,Big Sean,Bounce Back
723,Kygo,Stole the Show
724,Carrie Underwood,Before He Cheats
724,Carrie Underwood,Church Bells
724,Carrie Underwood,Blown Away
724,Kenny Chesney,American Kids
724,Lynyrd Skynyrd,Sweet Home Alabama
724,Jon Pardi,Dirt On My Boots
724,George Strait,Check Yes Or No
724,Sam Hunt,Make You Miss Me
724,Eric Church,Record Year
724,Lee Brice,I Don't Dance
724,Brett Eldredge,Wanna Be That Song
724,Eric Church,Talladega
724,Maren Morris,My Church
724,Luke Bryan,"Huntin', Fishin' And Lovin' Every Day"
724,Sam Hunt,Take Your Time
724,Thomas Rhett,Die A Happy Man
724,Sam Hunt,House Party
724,Chris Stapleton,Tennessee Whiskey
724,Dierks Bentley,Somewhere On A Beach
724,Keith Urban,Blue Ain't Your Color
724,Journey,Don't Stop Believin'
724,Journey,Faithfully
724,Journey,Separate Ways (Worlds Apart)
724,Journey,Any Way You Want It
724,Journey,Open Arms
724,Sam Hunt,Body Like A Back Road
724,Luke Bryan,Country Girl (Shake It For Me)
724,Bruno Mars,That's What I Like
724,Bruno Mars,When I Was Your Man
724,Aretha Franklin,Respect
724,The Jackson 5,I Want You Back
724,Marvin Gaye,Ain't No Mountain High Enough
724,Van Morrison,Brown Eyed Girl
724,The Temptations,My Girl
724,Natalie Cole,This Will Be (An Everlasting Love)
724,The Beatles,Twist And Shout - Remastered 2009
724,Journey,Don't Stop Believin'
724,AC/DC,Highway to Hell
724,Jason Mraz,I'm Yours
724,The Jackson 5,ABC
724,Train,"Hey, Soul Sister"
724,Chris Tomlin,Good Good Father
724,Bruno Mars,Just the Way You Are
724,Justin Bieber,Love Yourself
724,Alicia Keys,Fallin'
724,John Legend,All of Me
724,Luke Bryan,Drunk On You
724,Florida Georgia Line,Cruise
724,Florida Georgia Line,This Is How We Roll
724,Jason Aldean,Dirt Road Anthem
724,Dierks Bentley,5-1-5-0
724,Darius Rucker,Wagon Wheel
724,Darius Rucker,Come Back Song
724,Darius Rucker,This
724,Jon Pardi,Head Over Boots
724,Faith Hill,The Way You Love Me
724,Kenny Chesney,American Kids
724,Meghan Trainor,All About That Bass
724,Nick Jonas,Jealous - Remix
724,Maroon 5,She Will Be Loved - Radio Mix
724,Adele,Set Fire to the Rain
724,Meghan Trainor,Lips Are Movin
724,Justin Timberlake,Mirrors
724,Jason Mraz,I'm Yours
724,The Fray,You Found Me
725,Luis Fonsi,No Me Doy Por Vencido
725,Río Roma,Me Cambiaste la Vida
725,Sin Bandera,Que Lloro
725,Yuridia,Lo Que Son las Cosas
725,Sin Bandera,Que Me Alcance la Vida
725,Reik,Ya Me Enteré
725,Reik,Creo en Ti
725,Reik,Yo Quisiera
725,Sin Bandera,Mientes Tan Bien
726,Yeah Yeah Yeahs,Heads Will Roll
727,Elefante,De la Noche a la Mañana
727,Caifanes,Afuera
727,Bunbury,Sí
727,Heroes Del Silencio,Entre dos tierras
727,La Mosca Tse-Tse,Para No Verte Más
727,Café Tacvba,Como te extraño mi amor
727,Los Enanitos Verdes,La Muralla Verde
727,Soda Stereo,De Música Ligera
727,Los Fabulosos Cadillacs,Vasos Vacíos - Remasterizado 2008
727,Los Enanitos Verdes,Lamento Boliviano
727,Panteon Rococo,La Carencia
727,Café Tacvba,Eres
727,La Ley,Mentira
727,Molotov,Frijolero
727,Aleks Syntek,Sexo Pudor Y Lágrimas
727,Juanes,Fotografía
727,Inspector,Amnesia
727,Inspector,Amargo Adiós
728,Luke Bryan,Country Girl (Shake It For Me)
728,Alan Jackson,Country Boy
728,Johnny Cash,Hurt
728,Little Big Town,Pontoon
728,Kenny Chesney,She Thinks My Tractor's Sexy
728,Toby Keith,Red Solo Cup
728,Zac Brown Band,Homegrown
728,Little Big Town,Day Drinking
728,Luke Bryan,That's My Kind Of Night
728,Florida Georgia Line,Cruise
728,Toby Keith,I Wanna Talk About Me
728,Dierks Bentley,Drunk On A Plane
728,Luke Bryan,That's My Kind Of Night
728,Luke Bryan,Drunk On You
728,Luke Bryan,Play It Again
728,Eric Church,Drink In My Hand
728,Toby Keith,Beer For My Horses
728,Josh Turner,Your Man
728,Luke Bryan,Drunk On You
729,Adele,Someone Like You
729,fun.,Carry On
729,will.i.am,Scream & Shout
729,fun.,Some Nights
729,OneRepublic,Counting Stars
729,Coldplay,A Sky Full of Stars
729,One Direction,Steal My Girl
729,Owl City,Fireflies
729,The Script,Superheroes
729,Coldplay,Paradise
729,Mumford & Sons,Little Lion Man
729,Clean Bandit,Rather Be (feat. Jess Glynne)
729,Milky Chance,Stolen Dance
729,Andy Grammer,"Honey, I'm Good."
729,Jason Mraz,I'm Yours
729,Andy Grammer,Fine By Me
729,The Lumineers,Ho Hey
729,Lupe Fiasco,The Show Goes On
729,Plain White T's,Rhythm Of Love
729,Plain White T's,"1, 2, 3, 4"
729,WALK THE MOON,Shut Up and Dance
729,Roxette,Listen To Your Heart
729,Eurythmics,Sweet Dreams (Are Made of This) - Remastered
729,Pitbull,Time of Our Lives
729,Maroon 5,Sugar
729,George Ezra,Budapest
729,Train,"Hey, Soul Sister"
729,Train,Drive By
729,Train,50 Ways to Say Goodbye
729,blink-182,All The Small Things
729,Green Day,21 Guns
729,Green Day,Good Riddance (Time of Your Life)
729,Nick Jonas,Chains
729,Fifth Harmony,Worth It
730,Shawn Mendes,Mercy
730,The Fray,You Found Me
730,Niall Horan,This Town
730,Steve Aoki,Just Hold On
730,Ed Sheeran,Shape of You
730,Calum Scott,Dancing On My Own - Tiësto Remix
730,The Chainsmokers,Paris
730,Machine Gun Kelly,Bad Things (with Camila Cabello)
730,R. Kelly,Ignition - Remix
730,The Jackson 5,ABC
730,John Denver,"Take Me Home, Country Roads"
730,The Chainsmokers,Something Just Like This
730,Ed Sheeran,Perfect
730,Julia Michaels,Issues
730,JP Cooper,September Song
730,Clean Bandit,Symphony (feat. Zara Larsson)
730,Niall Horan,Slow Hands
730,Luis Fonsi,Despacito - Remix
730,Harry Styles,Sign of the Times
730,Miley Cyrus,Malibu
730,Cheat Codes,No Promises (feat. Demi Lovato)
730,Shawn Mendes,There's Nothing Holdin' Me Back
730,Sam Hunt,Body Like A Back Road
730,The Fray,How to Save a Life
730,Charlie Puth,Attention
730,Electric Light Orchestra,Mr. Blue Sky
730,The Jackson 5,I Want You Back
730,Marvin Gaye,Ain't No Mountain High Enough
730,Bill Withers,Ain't No Sunshine
730,Bill Withers,Lean on Me
730,Louis Tomlinson,Back to You (feat. Bebe Rexha & Digital Farm Animals)
730,Marshmello,Silence
730,Avicii,Lonely Together (feat. Rita Ora)
730,Macklemore,Glorious (feat. Skylar Grey)
730,P!nk,What About Us
730,Kesha,Praying
730,Demi Lovato,Sorry Not Sorry
730,Avicii,Without You (feat. Sandro Cavazza)
730,Dua Lipa,New Rules
730,Khalid,Young Dumb & Broke
730,Jon Pardi,Heartache On The Dance Floor
730,Thomas Rhett,Unforgettable
730,Thomas Rhett,Marry Me
730,Niall Horan,Too Much To Ask
730,Macklemore,Good Old Days (feat. Kesha)
730,Hailee Steinfeld,"Let Me Go (with Alesso, Florida Georgia Line & watt)"
730,Alabama,Dixieland Delight
730,Niall Horan,Seeing Blind
730,Bebe Rexha,Meant to Be (feat. Florida Georgia Line)
730,Niall Horan,Flicker
731,James Blake,I Need A Forest Fire
731,KAYTRANADA,GOT IT GOOD
731,Kings of Leon,Waste A Moment
731,The Weeknd,Starboy
731,Phantogram,You Don’t Get Me High Anymore
731,Kings of Leon,WALLS
731,The Chainsmokers,Closer
732,Lee Brice,I Don't Dance
732,Luke Bryan,That's My Kind Of Night
732,Luke Bryan,Play It Again
732,Jason Aldean,Burnin' It Down
732,Florida Georgia Line,This Is How We Roll
732,Sam Hunt,House Party
732,Blake Shelton,Sangria
732,Luke Bryan,Kick The Dust Up
732,Josh Turner,Your Man
733,Big Sean,I Don't Fuck With You
733,J. Cole,No Role Modelz
733,ScHoolboy Q,Studio
733,Wiz Khalifa,So High (feat. Ghost Loft)
733,Big Sean,I Don't Fuck With You
733,Nicki Minaj,Only
733,Big Sean,Blessings
733,2 Chainz,We Own It (Fast & Furious)
733,Wiz Khalifa,No Sleep
733,E-40,Choices (Yup)
733,Rae Sremmurd,Come Get Her
733,Meek Mill,R.I.C.O. (feat. Drake)
733,Yo Gotti,Down In the DM
734,Mariah Carey,We Belong Together
734,Ashanti,Foolish
734,Nelly,Ride Wit Me
734,Shaggy,It Wasn't Me
734,R. Kelly,Ignition - Remix
734,Usher,My Boo
734,50 Cent,Best Friend - Remix
734,Akon,I Wanna Love You
734,Ja Rule,Mesmerize
734,Nelly,Dilemma
734,Ne-Yo,Miss Independent
734,Keri Hilson,Knock You Down
734,50 Cent,In Da Club
734,Akon,Don't Matter
734,Keyshia Cole,Let It Go
734,Lloyd,You
734,50 Cent,Candy Shop
734,Ne-Yo,Because Of You
734,The Game,How We Do
734,Ja Rule,Between Me & You
734,50 Cent,P.I.M.P.
734,Cassie,Me & U
734,Alicia Keys,Fallin'
734,Ja Rule,Always On Time
734,50 Cent,21 Questions
734,Ne-Yo,Mad
734,Ashanti,Happy
734,50 Cent,Disco Inferno
734,Leona Lewis,Better in Time
734,Beyoncé,Halo
734,Kanye West,Gold Digger
734,T.I.,Whatever You Like
734,Alicia Keys,No One
734,Usher,U Got It Bad
734,Soulja Boy,Kiss Me Thru The Phone
734,Mario,Let Me Love You
734,Ashanti,Rock Wit U (Awww Baby)
734,Alicia Keys,If I Ain't Got You
734,Ginuwine,Differences
734,Akon,Right Now (Na Na Na)
734,Fabolous,Make Me Better
734,Ne-Yo,So Sick
734,TLC,No Scrubs
734,Fabolous,Throw It In The Bag
734,Rihanna,Umbrella
734,Keyshia Cole,Love
734,Lil Wayne,Lollipop
734,Fergie,Glamorous
734,Sean Kingston,Beautiful Girls
734,Shaggy,Angel
734,Gwen Stefani,Hollaback Girl
734,Ciara,Like a Boy
735,Bastille,Pompeii
735,Fall Out Boy,Centuries
735,Survivor,Eye of the Tiger
735,Fall Out Boy,Immortals
735,Imagine Dragons,Radioactive
735,Journey,Don't Stop Believin'
735,Journey,Separate Ways (Worlds Apart)
735,Owl City,Fireflies
735,WALK THE MOON,Shut Up and Dance
735,OneRepublic,Counting Stars
735,Justin Timberlake,Mirrors
735,Europe,The Final Countdown
735,Bon Jovi,Wanted Dead Or Alive
735,Sara Bareilles,King of Anything
735,The Jackson 5,ABC
735,The Jackson 5,I Want You Back
735,Johnny Cash,Hurt
735,Skillet,Awake and Alive
736,Kanye West,Gold Digger
736,Kendrick Lamar,Money Trees
736,Childish Gambino,Sober
736,Trey Songz,Slow Motion
736,Shaggy,It Wasn't Me
737,J Balvin,Si Tu Novio Te Deja Sola
737,Danny Ocean,Me Rehúso
737,Maluma,Felices los 4
737,Manuel Turizo,Una Lady Como Tú
737,Natti Natasha,Criminal
738,Calle 13,La Vuelta Al Mundo
738,Calle 13,Un Beso de Desayuno
738,Café Tacvba,Como te extraño mi amor
738,Plan B,Fanática Sensual
739,Sub Focus,Tidal Wave
740,Lynyrd Skynyrd,Sweet Home Alabama
740,Lynyrd Skynyrd,Simple Man
740,Aerosmith,Sweet Emotion
740,Guns N' Roses,Paradise City
740,Kansas,Carry on Wayward Son
740,Aerosmith,Walk This Way
740,Queen,Another One Bites The Dust - Remastered 2011
740,Lynyrd Skynyrd,Gimme Three Steps
740,Van Morrison,Brown Eyed Girl
740,Creedence Clearwater Revival,Down On The Corner
740,ZZ Top,Gimme All Your Lovin'
740,Lynyrd Skynyrd,That Smell
740,Lynyrd Skynyrd,Free Bird
740,Foreigner,Juke Box Hero
740,Jimi Hendrix,Purple Haze
740,AC/DC,Back In Black
740,AC/DC,Thunderstruck
740,AC/DC,You Shook Me All Night Long
740,AC/DC,T.N.T.
740,AC/DC,Shoot to Thrill
740,Steve Miller Band,The Joker
740,Sublime,Santeria
740,Don McLean,American Pie
740,Aerosmith,Rag Doll
740,"Hank Williams, Jr.",A Country Boy Can Survive
740,"Hank Williams, Jr.",Family Tradition
740,Nickelback,Rockstar
740,Sheryl Crow,Soak Up The Sun
740,Sheryl Crow,If It Makes You Happy
740,AC/DC,It's a Long Way to the Top (If You Wanna Rock 'N' Roll)
740,AC/DC,Hells Bells
740,AC/DC,Dirty Deeds Done Dirt Cheap
740,The Cars,Good Times Roll
740,Lynyrd Skynyrd,The Ballad Of Curtis Loew
740,Steve Miller Band,Take The Money And Run
740,Steve Miller Band,Jet Airliner
740,Steve Miller Band,Fly Like An Eagle
740,Steve Miller Band,Rock'n Me
740,Blue Öyster Cult,Burnin' for You
740,Alabama,If You're Gonna Play in Texas (You Gotta Have a Fiddle in the Band)
740,Ozzy Osbourne,No More Tears
740,Alabama,Song of the South
740,Waylon Jennings,I'm a Ramblin' Man
740,Alabama,Mountain Music
740,"Hank Williams, Jr.",Whiskey Bent And Hell Bound
740,The Cars,Just What I Needed
740,"Hank Williams, Jr.",If Heaven Ain't A Lot Like Dixie
740,Boston,More Than a Feeling
740,Creedence Clearwater Revival,Fortunate Son
740,Heart,Barracuda
740,The Clash,Should I Stay or Should I Go - Remastered
740,Tom Petty,Free Fallin'
740,Beastie Boys,Fight For Your Right
740,Alice Cooper,School's Out
740,John Mellencamp,Jack & Diane
740,Judas Priest,You've Got Another Thing Coming
740,Tom Petty,I Won't Back Down
740,Rush,Tom Sawyer
740,The Who,Pinball Wizard
740,Guns N' Roses,Sweet Child O' Mine
740,Jimi Hendrix,All Along the Watchtower
740,Creedence Clearwater Revival,Up Around The Bend
740,Creedence Clearwater Revival,Bad Moon Rising
740,Lynyrd Skynyrd,Tuesday's Gone
740,Jimi Hendrix,Voodoo Child (Slight Return)
740,Jimi Hendrix,Hey Joe
740,Jimi Hendrix,Little Wing
740,Blue Öyster Cult,(Don't Fear) The Reaper
740,Blue Öyster Cult,Godzilla
740,Guns N' Roses,Welcome To The Jungle
740,Bruce Springsteen,Born to Run
740,Deep Purple,Highway Star
740,Pantera,Walk
740,Beastie Boys,Sabotage
740,Beastie Boys,No Sleep Till Brooklyn
740,Beastie Boys,Brass Monkey
740,Beastie Boys,Girls
740,The Rolling Stones,You Can't Always Get What You Want
741,The Strokes,You Only Live Once
741,The Strokes,Reptilia
741,Grimes,Genesis
741,Grimes,Kill V. Maim
741,Grimes,Oblivion
742,Mariah Carey,All I Want for Christmas Is You
742,José Feliciano,Feliz Navidad
742,Andy Williams,It's the Most Wonderful Time of the Year
742,Justin Bieber,Mistletoe
742,Tony Bennett,Silver Bells
742,Maroon 5,One More Night
743,Big Sean,Beware
743,Kendrick Lamar,Money Trees
743,Jeezy,Seen It All
743,Nicki Minaj,Only
743,Big Sean,I Don't Fuck With You
743,Rae Sremmurd,No Type
743,Big Sean,Blessings
743,Big Sean,Blessings
743,Justin Bieber,Sorry
743,Fetty Wap,679 (feat. Remy Boyz)
743,Fetty Wap,Trap Queen
743,G-Eazy,"Me, Myself & I"
743,Kevin Gates,2 Phones
743,Kevin Gates,Really Really
743,Fetty Wap,RGF Island
743,PARTYNEXTDOOR,Come and See Me (feat. Drake)
743,Drake,One Dance
743,Drake,One Dance
743,Fat Joe,All The Way Up (Remix)
743,Anderson .Paak,Come Down
743,Big Sean,Bounce Back
743,XXXTENTACION,Look At Me!
743,Future,Mask Off
743,Kendrick Lamar,HUMBLE.
743,Luis Fonsi,Despacito - Remix
743,French Montana,Unforgettable
743,2 Chainz,It's A Vibe
743,J. Cole,Love Yourz
743,XXXTENTACION,Everybody Dies In Their Nightmares
743,Travis Scott,goosebumps
743,A Boogie Wit da Hoodie,Drowning (feat. Kodak Black)
743,Kodak Black,Transportin'
744,Iggy Pop,The Passenger
744,Motörhead,Ace of Spades
744,Beastie Boys,Sabotage
744,Queens of the Stone Age,Go With The Flow
744,Childish Gambino,Bonfire
744,Arcade Fire,Rebellion (Lies)
744,Killswitch Engage,Holy Diver
744,Killswitch Engage,This Fire
744,Prince,I Would Die 4 U
744,The Killers,When You Were Young
745,Don McLean,Babylon
745,Bobby Helms,My Special Angel
745,Bob Dylan,"Don't Think Twice, It's All Right"
745,Brenda Lee,Break It To Me Gently
747,Snow Patrol,Chasing Cars
747,Plain White T's,Hey There Delilah
747,Owl City,Fireflies
747,Maroon 5,She Will Be Loved - Radio Mix
747,Jason Mraz,I'm Yours
747,Hoobastank,The Reason
747,Foster The People,Pumped Up Kicks
747,Chris Brown,Forever
747,Rihanna,Pon de Replay
747,Kanye West,Gold Digger
747,Miley Cyrus,Party In The U.S.A.
747,Taio Cruz,Dynamite
747,Smash Mouth,All Star
747,Fergie,Glamorous
747,Gwen Stefani,Hollaback Girl
747,Sean Kingston,Me Love
747,Jimmy Eat World,The Middle
747,Panic! At The Disco,I Write Sins Not Tragedies
747,The All-American Rejects,Gives You Hell
747,Fall Out Boy,Thnks fr th Mmrs
747,Natasha Bedingfield,Pocketful of Sunshine
747,Sean Paul,Temperature
747,Sean Kingston,Beautiful Girls
747,Nelly Furtado,Promiscuous
747,Nelly Furtado,I'm Like A Bird
747,3 Doors Down,Kryptonite
747,3 Doors Down,Here Without You
747,Nickelback,Photograph
747,Nickelback,Rockstar
747,Natasha Bedingfield,Unwritten
747,Train,"Hey, Soul Sister"
747,Kelly Clarkson,Since U Been Gone
747,Beyoncé,Halo
747,Kings of Leon,Use Somebody
747,Leona Lewis,Bleeding Love
747,Alicia Keys,No One
747,The Offspring,"You're Gonna Go Far, Kid"
747,The Fray,How to Save a Life
747,The Killers,Mr. Brightside
747,Carly Rae Jepsen,Call Me Maybe
747,Coldplay,Viva La Vida
747,Gwen Stefani,The Sweet Escape
747,Soulja Boy,Crank That (Soulja Boy)
747,Lady Gaga,Poker Face
747,Third Eye Blind,Semi-Charmed Life
747,Fergie,Big Girls Don't Cry (Personal)
747,Fergie,Fergalicious
747,Demi Lovato,Sorry Not Sorry
750,Elvis Presley,Can't Help Falling in Love
750,One Direction,Night Changes
750,Adele,When We Were Young
750,Sia,Cheap Thrills
750,The Chainsmokers,Don't Let Me Down
750,Justin Bieber,Love Yourself
750,The Chainsmokers,Roses
750,Sam Smith,I'm Not The Only One
750,Justin Bieber,Sorry
751,Big Sean,I Don't Fuck With You
751,Jeremih,Don't Tell 'Em
751,Nick Jonas,Jealous - Remix
751,Maroon 5,Sugar
751,Disclosure,Latch
751,Iggy Azalea,Fancy
751,"Earth, Wind & Fire",Let's Groove
751,Nicki Minaj,Only
751,J. Cole,Work Out
751,Blackstreet,No Diggity
751,Bruno Mars,Treasure
751,Meghan Trainor,Lips Are Movin
751,Fifth Harmony,Sledgehammer
751,Avicii,The Nights
751,WALK THE MOON,Shut Up and Dance
751,Sia,Chandelier
751,Daryl Hall & John Oates,Rich Girl
751,Neil Diamond,Sweet Caroline
751,B.o.B,So Good
751,Dr. Dre,The Next Episode
751,Ginuwine,Pony
751,Kygo,Firestone
751,Fetty Wap,Trap Queen
751,Tove Lo,Talking Body
751,Zedd,I Want You To Know
751,Jason Derulo,Want to Want Me
751,Years & Years,King
751,Tech N9ne,Hood Go Crazy
751,Meek Mill,R.I.C.O. (feat. Drake)
751,Jeremih,Planez
751,The Chainsmokers,Roses
751,Justin Bieber,What Do You Mean?
751,Calvin Harris,How Deep Is Your Love
751,Sigala,Easy Love
751,Nick Jonas,Levels
751,Fetty Wap,RGF Island
752,ABBA,Waterloo
752,Avril Lavigne,Sk8er Boi
752,Avril Lavigne,Complicated
752,Backstreet Boys,I Want It That Way
752,Beach House,Space Song
752,Bon Iver,Skinny Love
752,Cage The Elephant,Come a Little Closer
752,The Clash,London Calling - Remastered
752,Coldplay,Fix You
752,Crystal Castles,Crimewave
752,The Doors,Love Her Madly
752,The Doors,L.A. Woman
752,Elvis Presley,Suspicious Minds
752,Foo Fighters,Everlong
752,Frank Sinatra,That's Life
752,Frank Sinatra,Strangers In The Night
752,The Killers,Smile Like You Mean It
752,The Killers,Mr. Brightside
752,The Killers,Somebody Told Me
752,The Lumineers,Ho Hey
752,The Mamas & The Papas,"Monday, Monday - Single Version"
752,Mario,Let Me Love You
752,MGMT,Kids
752,Mumford & Sons,I Will Wait
752,Mumford & Sons,Little Lion Man
752,Muse,Starlight
752,The Neighbourhood,Sweater Weather
752,The Neighbourhood,Cry Baby
752,The Neighbourhood,Daddy Issues
752,No Doubt,Spiderwebs
752,No Doubt,Just A Girl
752,Gwen Stefani,Hollaback Girl
752,*NSYNC,I Want You Back - Radio Edit
752,Paramore,Misery Business
752,The Strokes,Last Nite
752,The Strokes,Someday
752,Thirty Seconds To Mars,From Yesterday
752,Vance Joy,Riptide
752,The Velvet Underground,Heroin
752,Selena,Amor Prohibido
752,Selena,Dreaming Of You
753,Years & Years,King
753,Tame Impala,Eventually
753,Cage The Elephant,Trouble
754,The Chainsmokers,Roses
754,Ginuwine,Pony
754,ZAYN,PILLOWTALK
754,Rae Sremmurd,Come Get Her
754,Frank Ocean,Thinkin Bout You
754,The Weeknd,The Hills
754,A$AP Rocky,L$D
754,Hozier,Work Song
754,Arctic Monkeys,Do I Wanna Know?
754,Arctic Monkeys,Arabella
754,Jeremih,Don't Tell 'Em
754,Eric Church,Like A Wrecking Ball
754,Rihanna,Love On The Brain
754,Arctic Monkeys,I Wanna Be Yours
754,The Neighbourhood,Sweater Weather
754,Nick Jonas,Close
754,Nick Jonas,Chains
754,Trey Songz,Neighbors Know My Name
754,Trey Songz,Slow Motion
754,Kehlani,Gangsta
754,Niall Horan,Slow Hands
754,Gucci Mane,Both (feat. Drake)
754,Halsey,Walls Could Talk
755,Florida Georgia Line,This Is How We Roll
755,Florida Georgia Line,Cruise
755,Darius Rucker,Wagon Wheel
755,Tim McGraw,Highway Don't Care
755,Eric Church,Springsteen
755,Lee Brice,Hard To Love
755,Zac Brown Band,Homegrown
755,Zac Brown Band,Loving You Easy
755,Billy Currington,We Are Tonight
755,Tim McGraw,It's Your Love
755,Tim McGraw,Where The Green Grass Grows
755,Keith Urban,Somebody Like You
755,Keith Urban,Long Hot Summer
755,Rascal Flatts,Fast Cars And Freedom
755,Josh Turner,Would You Go With Me
755,Josh Turner,Your Man
755,Kenny Chesney,When the Sun Goes Down
755,Chris Stapleton,Tennessee Whiskey
755,Chris Stapleton,Parachute
756,Norah Jones,Come Away With Me
756,Norah Jones,Sunrise
756,Bob Dylan,"Don't Think Twice, It's All Right"
756,Coldplay,The Scientist
756,Fugees,"No Woman, No Cry"
756,Eric Clapton,My Father's Eyes
756,Bob Marley & The Wailers,Could You Be Loved
756,Bon Iver,Skinny Love
757,Empire of the Sun,Alive
757,Empire of the Sun,Walking On A Dream
757,Calvin Harris,Summer
757,Queen,Another One Bites The Dust - Remastered 2011
757,KISS,I Was Made For Lovin' You
757,Queen,Another One Bites The Dust - Remastered 2011
758,Sum 41,In Too Deep
758,MIKA,Popular Song
758,My Chemical Romance,Teenagers
758,ABBA,Dancing Queen
758,Counting Crows,Mr. Jones
758,Red Hot Chili Peppers,Can't Stop
758,Sublime,Santeria
758,XXXTENTACION,Look At Me!
758,Kendrick Lamar,HUMBLE.
759,Lil Uzi Vert,Money Longer
759,ScHoolboy Q,THat Part
759,ScHoolboy Q,Studio
759,Joey Bada$$,DEVASTATED
759,A Boogie Wit da Hoodie,My Shit
759,Travis Scott,goosebumps
760,Skrillex,Bangarang (feat. Sirah)
760,Lil Wayne,A Milli
760,Rae Sremmurd,No Type
760,Logic,Gang Related
760,Kendrick Lamar,Money Trees
760,Big Sean,I Don't Fuck With You
760,Busta Rhymes,Gimme Some More
760,Rae Sremmurd,Black Beatles
760,Migos,Bad and Boujee (feat. Lil Uzi Vert)
760,Big Sean,Bounce Back
760,M83,Midnight City
760,Foreigner,Juke Box Hero
760,Rae Sremmurd,Swang
760,XXXTENTACION,Look At Me!
760,Future,Mask Off
760,Logic,Everybody
760,Post Malone,Congratulations
760,Soulja Boy,Crank That (Soulja Boy)
761,Bryson Tiller,Don't
761,Bryson Tiller,Exchange
761,Justin Bieber,Love Yourself
761,ZAYN,PILLOWTALK
761,Jeremih,oui
762,Kirk Franklin,Looking for You
762,Kirk Franklin,Imagine Me
762,Kirk Franklin,Brighter Day
763,The Weeknd,The Hills
763,YG,Who Do You Love?
763,Fetty Wap,679 (feat. Monty)
763,Yo Gotti,Down In the DM
763,Mac Miller,Weekend (feat. Miguel)
763,Meek Mill,R.I.C.O. (feat. Drake)
763,PARTYNEXTDOOR,Recognize (feat. Drake)
764,A Boogie Wit da Hoodie,Drowning (feat. Kodak Black)
764,Future,Mask Off
764,Migos,Slippery (feat. Gucci Mane)
764,Russ,What They Want
764,Jeremih,oui
764,2Pac,Ambitionz Az A Ridah
764,Coolio,Gangsta's Paradise
766,Travis Scott,goosebumps
766,Big Sean,Bounce Back
766,A Boogie Wit da Hoodie,Drowning (feat. Kodak Black)
766,Migos,Bad and Boujee (feat. Lil Uzi Vert)
766,Post Malone,Congratulations
766,Future,Mask Off
766,Eminem,The Real Slim Shady
766,Eminem,Without Me
766,Russ,What They Want
766,XXXTENTACION,Look At Me!
766,Migos,Slippery (feat. Gucci Mane)
766,A Boogie Wit da Hoodie,My Shit
766,Kevin Gates,2 Phones
766,Kevin Gates,Really Really
766,Playboi Carti,Magnolia
766,XXXTENTACION,Revenge
766,XXXTENTACION,Everybody Dies In Their Nightmares
766,XXXTENTACION,Jocelyn Flores
766,Kendrick Lamar,HUMBLE.
767,Ice Cube,It Was A Good Day
767,Joey Bada$$,DEVASTATED
767,Big Sean,Bounce Back
767,J. Cole,Love Yourz
767,The Weeknd,Die For You
767,Kanye West,I Wonder
767,Bryson Tiller,Exchange
767,Jeremih,oui
767,Tory Lanez,Say It
767,Bryson Tiller,Don't
767,Miguel,Adorn
767,Jeremih,Planez
767,Dr. Dre,The Next Episode
767,Lupe Fiasco,The Show Goes On
767,Lupe Fiasco,Daydreamin' (feat. Jill Scott)
767,Childish Gambino,Sober
767,Kendrick Lamar,Alright
767,Big Sean,Blessings
767,J. Cole,No Role Modelz
767,Logic,Everybody
767,Kendrick Lamar,HUMBLE.
767,Kendrick Lamar,PRIDE.
767,Kendrick Lamar,LOVE. FEAT. ZACARI.
767,Future,Mask Off
767,Joey Bada$$,TEMPTATION
767,Logic,Gang Related
767,Russ,Losin Control
767,Khalid,Location
767,ScHoolboy Q,Studio
767,Post Malone,Congratulations
767,Mac Miller,Weekend (feat. Miguel)
767,Childish Gambino,Redbone
767,French Montana,Unforgettable
767,Travis Scott,goosebumps
767,Playboi Carti,Magnolia
768,Bruno Mars,Treasure
768,Bruno Mars,When I Was Your Man
768,Justin Timberlake,Mirrors
769,The Killers,Smile Like You Mean It
769,Beach Weather,Swoon
769,Panic! At The Disco,Victorious
769,Snow Patrol,You Could Be Happy
769,Melanie Martinez,Soap
769,Melanie Martinez,Training Wheels
769,The Neighbourhood,Daddy Issues
769,Twenty One Pilots,Car Radio
769,Sia,Cheap Thrills
769,Phantogram,You Don’t Get Me High Anymore
769,Third Eye Blind,Jumper - 1998 Edit
769,Twenty One Pilots,Heathens
769,blink-182,What's My Age Again?
769,Falling In Reverse,I'm Not A Vampire
769,Melanie Martinez,Pity Party
769,The Offspring,The Kids Aren't Alright
769,Glass Animals,Life Itself
769,One Direction,Story of My Life
769,Pentatonix,Hallelujah
769,Twenty One Pilots,Stressed Out
769,blink-182,Adam's Song
769,Lana Del Rey,Young And Beautiful
770,Calvin Harris,This Is What You Came For
770,Carly Rae Jepsen,Call Me Maybe
770,The Chainsmokers,Closer
771,Franz Liszt,"Liebestraume, S541/R211 : No. 3: Nocturne in A-Flat Major"
772,My Chemical Romance,I'm Not Okay (I Promise)
772,Incubus,Drive
772,Plain White T's,Hey There Delilah
772,No Doubt,Just A Girl
772,Yeah Yeah Yeahs,Maps
772,Paramore,Interlude: I'm Not Angry Anymore
772,The All-American Rejects,"Swing, Swing"
772,Jimmy Eat World,The Middle
772,Rise Against,Swing Life Away
773,Lynyrd Skynyrd,Sweet Home Alabama
773,Miley Cyrus,Party In The U.S.A.
773,Don McLean,American Pie
773,Creedence Clearwater Revival,Fortunate Son
773,Toby Keith,"Courtesy Of The Red, White And Blue (The Angry American)"
773,John Mellencamp,Pink Houses
773,John Mellencamp,Small Town
773,Zac Brown Band,Chicken Fried
773,Tom Petty,Free Fallin'
773,John Mellencamp,Jack & Diane
773,Alabama,Song of the South
773,Katy Perry,Firework
773,Sam Hunt,Body Like A Back Road
773,Van Morrison,Brown Eyed Girl
773,Creedence Clearwater Revival,Lookin' Out My Back Door
773,Creedence Clearwater Revival,Bad Moon Rising
773,Creedence Clearwater Revival,Born On The Bayou
773,Neil Diamond,Sweet Caroline
773,Queen,We Are The Champions - Remastered 2011
773,Steve Miller Band,The Joker
773,Foreigner,Juke Box Hero
773,Chris Tomlin,Amazing Grace (My Chains Are Gone)
773,Carrie Underwood,All-American Girl
773,Bob Marley & The Wailers,Three Little Birds
773,Kenny Chesney,American Kids
773,Tom Petty and the Heartbreakers,American Girl
773,Jon Pardi,Dirt On My Boots
773,"Hank Williams, Jr.",A Country Boy Can Survive
773,Eric Church,Drink In My Hand
773,Eric Church,Springsteen
773,Zac Brown Band,Knee Deep (feat. Jimmy Buffett)
773,Toby Keith,As Good As I Once Was
773,Kid Rock,All Summer Long
773,Bob Marley & The Wailers,Three Little Birds
773,Sublime,Doin' Time
773,Billy Currington,Pretty Good At Drinkin' Beer
773,Lynyrd Skynyrd,Simple Man
773,Steve Miller Band,The Joker
773,Tom Petty and the Heartbreakers,Learning To Fly
773,The Beatles,Hey Jude - Remastered 2015
773,John Denver,"Take Me Home, Country Roads"
773,Simon & Garfunkel,America
773,Lenny Kravitz,American Woman
773,John Mellencamp,R.O.C.K. In The U.S.A. (A Salute To 60's Rock)
773,Jimi Hendrix,All Along the Watchtower
773,Bob Seger,Old Time Rock & Roll
773,Bon Jovi,Livin' On A Prayer
773,Bon Jovi,Wanted Dead Or Alive
773,Red Hot Chili Peppers,Californication
773,Red Hot Chili Peppers,Dani California
774,Moby,Extreme Ways
774,Gotye,Somebody That I Used To Know
774,Lorde,Royals
775,Lil Wayne,Love Me
775,Ella Henderson,Ghost
775,Nick Jonas,Jealous - Remix
775,Meghan Trainor,Lips Are Movin
776,G-Eazy,"Me, Myself & I"
776,G-Eazy,Calm Down
776,A$AP Rocky,L$D
776,Kendrick Lamar,Money Trees
776,J. Cole,Wet Dreamz
778,M83,Midnight City
778,Empire of the Sun,Walking On A Dream
778,MGMT,Electric Feel
778,Two Door Cinema Club,What You Know
778,MGMT,Kids
778,Cage The Elephant,Come a Little Closer
778,Of Monsters and Men,Little Talks
779,Shaggy,Angel
779,Destiny's Child,Bootylicious
779,Alicia Keys,Fallin'
779,Mary J. Blige,Family Affair
779,Missy Elliott,Get Ur Freak On
779,No Doubt,Hey Baby
779,Nelly Furtado,I'm Like A Bird
779,Sum 41,In Too Deep
779,Eve,Let Me Blow Ya Mind
779,*NSYNC,Pop
779,Nelly,Ride Wit Me
779,Destiny's Child,Survivor
779,Nelly Furtado,Turn Off The Light
779,t.A.T.u.,All The Things She Said
779,Avril Lavigne,Complicated
779,Eminem,Without Me
779,Nelly,Dilemma
779,Christina Aguilera,Fighter
779,Nelly,Hot In Herre
779,No Doubt,Underneath It All
779,Avril Lavigne,Sk8er Boi
779,Missy Elliott,Work It
779,Sean Paul,Get Busy
779,Missy Elliott,Gossip Folks (feat. Ludacris)
779,Avril Lavigne,I'm with You
779,t.A.T.u.,Not Gonna Get Us
779,Eminem,Sing For The Moment
779,Nelly,Country Grammar (Hot Shit)
779,Missy Elliott,One Minute Man (feat. Ludacris)
779,Britney Spears,...Baby One More Time
779,Ricky Martin,Livin' la Vida Loca
780,Linkin Park,One Step Closer
780,Eminem,Love The Way You Lie
780,Limp Bizkit,Break Stuff
780,Limp Bizkit,Behind Blue Eyes
780,Limp Bizkit,My Way
780,Papa Roach,Last Resort
780,Eminem,Stan
781,Deftones,7 Words
781,Deftones,My Own Summer (Shove It)
781,Deftones,Mascara
781,Deftones,Around the Fur
781,Deftones,Be Quiet and Drive (Far Away)
781,Deftones,Digital Bath
781,Deftones,Cherry Waves
781,Deftones,Sextape
781,Deftones,Rosemary
782,Demi Lovato,Cool for the Summer
782,Clean Bandit,Rather Be (feat. Jess Glynne)
782,Nick Jonas,Levels
782,DJ Snake,You Know You Like It
782,Disclosure,Omen - Radio Edit
782,Tove Lo,Talking Body
782,50 Cent,Candy Shop
782,Fergie,London Bridge
782,George Michael,Freedom! '90 - Remastered
782,Lana Del Rey,Young And Beautiful
782,The Weeknd,The Hills
782,Mariah Carey,All I Want for Christmas Is You
782,Melanie Martinez,Pity Party
782,Melanie Martinez,Dollhouse
782,ZAYN,PILLOWTALK
782,The Chainsmokers,Roses
782,Miley Cyrus,Party In The U.S.A.
782,Enrique Iglesias,Hero
782,One Direction,Perfect
782,Justin Bieber,What Do You Mean?
782,Fetty Wap,679 (feat. Remy Boyz)
782,Robin Schulz,Sugar (feat. Francesco Yates)
782,Fetty Wap,Trap Queen
782,Lady Gaga,Just Dance
782,Lady Gaga,Poker Face
782,Lady Gaga,Bad Romance
782,Lady Gaga,Applause
782,Britney Spears,Toxic
782,Flo Rida,My House
782,Hailee Steinfeld,Love Myself
782,Justin Bieber,Sorry
782,Nelly,Hot In Herre
782,Guns N' Roses,Sweet Child O' Mine
782,Miley Cyrus,We Can't Stop
782,Miley Cyrus,Wrecking Ball
782,Kid Cudi,Day 'N' Nite (nightmare)
782,DJ Snake,Middle
782,Zedd,Clarity
782,Melanie Martinez,Mad Hatter
782,J. Cole,Work Out
782,Disturbed,Stricken
782,Kanye West,Stronger
782,Twenty One Pilots,Stressed Out
782,Nicki Minaj,Only
782,Mike Posner,I Took A Pill In Ibiza - Seeb Remix
782,Bruno Mars,Treasure
782,Eminem,The Real Slim Shady
782,Panic! At The Disco,I Write Sins Not Tragedies
782,Evanescence,Bring Me To Life
782,Zedd,I Want You To Know
782,Fetty Wap,Again
782,G-Eazy,"Me, Myself & I"
782,Troye Sivan,YOUTH
782,Will Smith,Gettin' Jiggy Wit It
782,Nick Jonas,Close
782,Coolio,Gangsta's Paradise
782,EXO,CALL ME BABY
782,Drake,One Dance
782,Fifth Harmony,Worth It
782,Florence + The Machine,Dog Days Are Over
782,Michael Jackson,Rock with You - Single Version
782,Sia,Chandelier
782,The White Stripes,Seven Nation Army
782,DJ Khaled,I'm On One
782,Zara Larsson,Lush Life
782,Soulja Boy,Crank That (Soulja Boy)
782,Soulja Boy,Turn My Swag On
782,Skrillex,Purple Lamborghini (with Rick Ross)
782,Sean Paul,Temperature
782,Rihanna,Don't Stop The Music
782,Fergie,M.I.L.F. $
782,G-Eazy,Calm Down
782,Rae Sremmurd,Black Beatles
782,Jeremih,Don't Tell 'Em
782,Nick Jonas,Jealous - Remix
782,Iggy Azalea,Team
782,Calvin Harris,This Is What You Came For
782,Ludacris,My Chick Bad
782,Galantis,Runaway (U & I)
782,Twenty One Pilots,Heathens
782,Hailee Steinfeld,Starving
782,DJ Snake,Let Me Love You
782,The Weeknd,Starboy
782,Rihanna,Needed Me
782,Bruno Mars,24K Magic
782,Beyoncé,Run the World (Girls)
782,Zara Larsson,Ain't My Fault
782,Melanie Martinez,Pacify Her
782,Ne-Yo,She Knows
782,M.I.A.,Bad Girls
782,Timbaland,The Way I Are
782,Iggy Azalea,Fancy
782,Jessie J,Bang Bang
782,Travis Scott,goosebumps
782,Iggy Azalea,Fancy
782,Britney Spears,Circus
782,Britney Spears,Gimme More
782,Far East Movement,Like A G6
782,will.i.am,Scream & Shout
782,P!nk,Raise Your Glass
782,Melanie Martinez,Soap
782,Ginuwine,Pony
782,Rihanna,Umbrella
783,Ariana Grande,Santa Tell Me
783,Mariah Carey,All I Want for Christmas Is You
783,Sam Smith,Have Yourself A Merry Little Christmas
783,Justin Bieber,Mistletoe
783,Pentatonix,"Mary, Did You Know?"
784,Glass Animals,Gooey
785,Dolly Parton,Jolene
785,Tina Turner,What's Love Got to Do with It
785,Dido,White Flag
785,Cher,I Found Someone
785,The Cranberries,Zombie
785,Heart,Barracuda
785,Fiona Apple,Criminal
785,Florence + The Machine,Dog Days Are Over
785,No Doubt,Just A Girl
785,Tracy Chapman,Fast Car
785,Aretha Franklin,Respect
785,Whitney Houston,I Wanna Dance with Somebody (Who Loves Me)
785,No Doubt,Don't Speak
785,Blondie,Call Me
785,Cher,If I Could Turn Back Time
785,The Pointer Sisters,I'm So Excited
785,Gloria Gaynor,I Will Survive
785,Janis Joplin,Me and Bobby McGee
785,The Supremes,You Can't Hurry Love
785,The Cranberries,Linger
785,Janis Joplin,Mercedes Benz
786,Milky Chance,Down By The River
786,Tame Impala,Feels Like We Only Go Backwards
786,Milky Chance,Stolen Dance
786,alt-J,Tessellate
786,Sufjan Stevens,Should Have Known Better
786,Sufjan Stevens,To Be Alone With You
787,J. Cole,Wet Dreamz
788,Ludacris,Area Codes
788,T.I.,Whatever You Like
788,T.I.,24's
788,T.I.,Bring Em Out
788,Ludacris,Blueberry Yum Yum
788,Ludacris,What's Your Fantasy (Featuring Shawna)
788,T.I.,Top Back
789,Luther Vandross,Never Too Much
789,Daryl Hall & John Oates,Sara Smile
789,Robin Thicke,Sex Therapy
790,Russ,Losin Control
790,Noah Cyrus,Make Me (Cry)
790,Zara Larsson,I Can't Fall in Love Without You
790,Logic,1-800-273-8255
790,Kendrick Lamar,LOVE. FEAT. ZACARI.
790,PnB Rock,Selfish
790,Lil Uzi Vert,The Way Life Goes (feat. Oh Wonder)
790,Russ,"Psycho, Pt. 2"
791,George Strait,Check Yes Or No
791,Blake Shelton,Boys 'Round Here (feat. Pistol Annies & Friends)
791,Tim McGraw,Highway Don't Care
791,Florida Georgia Line,Cruise
791,Josh Turner,Would You Go With Me
791,Josh Turner,Time Is Love
791,Josh Turner,Me And God
791,Josh Turner,Long Black Train
791,Kenny Chesney,She's Got It All
791,Kenny Chesney,She Thinks My Tractor's Sexy
791,Kenny Chesney,I Go Back
791,Brad Paisley,Mud on the Tires
791,Brad Paisley,I'm Gonna Miss Her
791,Brooks & Dunn,Brand New Man
791,Brooks & Dunn,My Maria
791,Brooks & Dunn,Red Dirt Road
793,Leona Lewis,Bleeding Love
793,Charlie Puth,One Call Away
793,blink-182,I Miss You
793,The Fray,How to Save a Life
793,The Fray,You Found Me
793,Shawn Mendes,Imagination
793,Coldplay,The Scientist
793,PARTYNEXTDOOR,Come and See Me (feat. Drake)
793,Niall Horan,This Town
793,Sam Smith,I'm Not The Only One
793,Adele,Make You Feel My Love
793,Frank Ocean,Thinkin Bout You
793,Alicia Keys,If I Ain't Got You
793,Maroon 5,She Will Be Loved - Radio Mix
793,Kodaline,All I Want
793,Russ,Losin Control
793,X Ambassadors,Unsteady
793,Kodaline,All I Want
793,Birdy,Skinny Love
793,James Bay,Let It Go
793,Harry Styles,Sign of the Times
793,Kendrick Lamar,LOVE. FEAT. ZACARI.
793,Kesha,Praying
793,Mumford & Sons,Little Lion Man
794,X Ambassadors,Renegades
794,Arctic Monkeys,Do I Wanna Know?
794,Arctic Monkeys,R U Mine?
794,Arctic Monkeys,Why'd You Only Call Me When You're High?
794,Imagine Dragons,Demons
794,X Ambassadors,Jungle
794,Jason Mraz,I'm Yours
794,Jason Mraz,I Won't Give Up
794,Jack Johnson,Banana Pancakes
794,Jack Johnson,Better Together
794,Jack Johnson,"Sitting, Waiting, Wishing"
794,John Legend,All of Me
794,Imagine Dragons,Radioactive
794,Lukas Graham,7 Years
795,Ed Sheeran,Shape of You
795,The Chainsmokers,Paris
795,Britney Spears,Toxic
795,Zara Larsson,Lush Life
795,Noah Cyrus,Make Me (Cry)
796,Chris Young,Think of You
796,Jon Pardi,Head Over Boots
796,Dierks Bentley,Somewhere On A Beach
796,Rascal Flatts,I Like The Sound Of That
796,Sam Hunt,Make You Miss Me
796,Florida Georgia Line,H.O.L.Y.
796,Dan + Shay,From the Ground Up
796,Chris Young,I'm Comin' Over
796,Brett Eldredge,Wanna Be That Song
796,Kelsea Ballerini,Peter Pan
796,Sam Hunt,Body Like A Back Road
796,Brett Young,In Case You Didn't Know
796,Brett Young,Mercy
796,Luke Combs,When It Rains It Pours
796,Chris Stapleton,Broken Halos
796,Chris Stapleton,Fire Away
797,Drake,One Dance
797,Twenty One Pilots,Ride
797,Macklemore & Ryan Lewis,"Downtown (feat. Melle Mel, Grandmaster Caz, Kool Moe Dee & Eric Nally)"
797,Hailee Steinfeld,Starving
797,Hailee Steinfeld,Rock Bottom
797,Lorde,Green Light
797,Hailee Steinfeld,Most Girls
797,Miley Cyrus,Malibu
797,Macklemore,Glorious (feat. Skylar Grey)
797,Clean Bandit,Symphony (feat. Zara Larsson)
797,Demi Lovato,Sorry Not Sorry
798,The Lumineers,Ho Hey
798,Bon Iver,Skinny Love
798,Sufjan Stevens,To Be Alone With You
798,Of Monsters and Men,Love Love Love
798,Coldplay,Yellow
798,The Fray,How to Save a Life
798,Coldplay,Sparks
798,Ludwig van Beethoven,"Sonata No. 14 ""Moonlight"" in C-Sharp Minor"", Op. 27 No. 2: I. Adagio sostenuto"
798,Jason Mraz,Love Someone
798,Adele,Make You Feel My Love
798,Mumford & Sons,Little Lion Man
798,Jason Mraz,Lucky
798,Lil Wayne,Mirror
798,Of Monsters and Men,Little Talks
798,Evanescence,Bring Me To Life
798,Evanescence,My Immortal
798,Evanescence,My Heart Is Broken
798,Evanescence,Hello
798,Evanescence,My Immortal
798,The Paper Kites,Paint
799,Niall Horan,This Town
799,Ed Sheeran,Happier
799,John Mellencamp,Jack & Diane
799,James Bay,Hold Back The River
799,One Direction,18
799,Alicia Keys,No One
799,Shawn Mendes,Imagination
799,James Arthur,Say You Won't Let Go
800,Casting Crowns,Who Am I
800,Casting Crowns,Praise You In This Storm
800,Casting Crowns,Voice of Truth
802,Ratatat,Lex
802,Ratatat,Wildcat
802,Ratatat,Loud Pipes
802,Ratatat,Nostrand
803,Blake Shelton,Sangria
803,Sam Hunt,House Party
803,Billy Currington,Don't It
803,Florida Georgia Line,Anything Goes
803,Tim McGraw,Highway Don't Care
803,Miranda Lambert,The House That Built Me
803,Lee Brice,I Don't Dance
803,Kenny Chesney,American Kids
803,Luke Bryan,Play It Again
803,Eric Church,Talladega
803,Zac Brown Band,Homegrown
803,Luke Bryan,Kick The Dust Up
803,Luke Bryan,That's My Kind Of Night
803,Luke Bryan,Drunk On You
803,Lee Brice,Hard To Love
803,Brantley Gilbert,Bottoms Up
803,Thomas Rhett,Make Me Wanna
803,Thomas Rhett,Die A Happy Man
803,Chris Young,Who I Am With You
803,Eric Church,Springsteen
803,Jason Aldean,Dirt Road Anthem
803,Chris Young,I'm Comin' Over
803,Rascal Flatts,Bless The Broken Road
803,Little Big Town,Girl Crush
803,Little Big Town,Pontoon
803,Little Big Town,Day Drinking
803,Little Big Town,Boondocks
803,Little Big Town,Little White Church
803,Florida Georgia Line,H.O.L.Y.
803,Jon Pardi,Head Over Boots
803,Sam Hunt,Break Up In A Small Town
803,Luke Bryan,"Huntin', Fishin' And Lovin' Every Day"
803,Sam Hunt,Make You Miss Me
803,Zac Brown Band,Chicken Fried
803,Tim McGraw,Humble And Kind
803,Eric Church,Record Year
803,Eric Church,Like A Wrecking Ball
803,Dierks Bentley,Somewhere On A Beach
803,Miranda Lambert,Automatic
803,Dan + Shay,From the Ground Up
803,Kelsea Ballerini,Peter Pan
803,Keith Urban,Blue Ain't Your Color
803,Carrie Underwood,Church Bells
803,Brett Eldredge,Wanna Be That Song
803,Miranda Lambert,Mama's Broken Heart
803,Florida Georgia Line,This Is How We Roll
803,Carrie Underwood,Blown Away
803,Sam Hunt,Body Like A Back Road
803,Jason Aldean,Burnin' It Down
803,Luke Bryan,Country Girl (Shake It For Me)
803,Zac Brown Band,Loving You Easy
803,Zac Brown Band,Toes
803,Chris Stapleton,Traveller
803,Blake Shelton,Boys 'Round Here (feat. Pistol Annies & Friends)
803,Billy Currington,Good Directions
803,Maren Morris,I Could Use a Love Song
803,Keith Urban,The Fighter
803,Luke Combs,Hurricane
803,Brantley Gilbert,The Weekend
803,Little Big Town,Better Man
803,Florida Georgia Line,Round Here
804,U2,Pride (In The Name Of Love) - Remastered 2009
804,Steely Dan,Reelin' In The Years
804,Fleetwood Mac,Rhiannon
804,Fleetwood Mac,Landslide
804,Billy Joel,Piano Man
804,Billy Joel,We Didn't Start the Fire
804,Billy Joel,Only the Good Die Young
804,The Jackson 5,I Want You Back
804,The Rolling Stones,Gimme Shelter
804,Guns N' Roses,Paradise City
804,Van Morrison,Brown Eyed Girl
804,The Temptations,My Girl
804,Chuck Berry,Roll Over Beethoven
804,Stevie Wonder,"Signed, Sealed, Delivered (I'm Yours)"
804,Joe Cocker,With A Little Help From My Friends
804,Boston,More Than a Feeling
804,The Who,My Generation - Stereo Version
804,Bryan Adams,Summer Of '69
804,John Mellencamp,Hurts So Good
804,John Mellencamp,Jack & Diane
804,Daryl Hall & John Oates,Rich Girl
804,ABBA,Dancing Queen
804,Don McLean,American Pie
804,Jim Croce,"Bad, Bad Leroy Brown"
804,The Who,Baba O'Riley
804,Eric Clapton,Cocaine
804,Elton John,Tiny Dancer
804,Creedence Clearwater Revival,Bad Moon Rising
804,Steely Dan,Do It Again
804,Rod Stewart,Maggie May
804,Neil Diamond,Sweet Caroline
804,Cream,White Room
804,Creedence Clearwater Revival,Down On The Corner
804,Steve Miller Band,Jet Airliner
804,Cream,Sunshine Of Your Love
805,Coldplay,Viva La Vida
805,Calvin Harris,My Way
805,Twenty One Pilots,Ride
805,Twenty One Pilots,Stressed Out
806,ScHoolboy Q,Collard Greens
806,Kendrick Lamar,Money Trees
806,Chief Keef,Love Sosa
806,Elvis Presley,Burning Love
806,Aloe Blacc,The Man
806,ScHoolboy Q,Man Of The Year
806,alt-J,Breezeblocks
806,Frank Ocean,Novacane
806,Paul Simon,You Can Call Me Al
806,Twista,Slow Jamz
806,The Who,Who Are You
806,Phantogram,When I'm Small
806,Phantogram,Don't Move
806,Paul Simon,Me and Julio Down by the Schoolyard
806,Gorillaz,DARE
806,B.o.B,HeadBand (feat. 2 Chainz)
806,Steely Dan,Dirty Work
806,Mase,Welcome Back
806,Iggy Azalea,Black Widow
807,Jason Derulo,Want to Want Me
807,DJ Snake,You Know You Like It
807,Andy Grammer,"Honey, I'm Good."
807,ABBA,Dancing Queen
807,Maroon 5,Sugar
807,WALK THE MOON,Shut Up and Dance
807,Zedd,I Want You To Know
807,Pitbull,Time of Our Lives
807,Fetty Wap,Trap Queen
807,Ellie Goulding,"Love Me Like You Do - From ""Fifty Shades Of Grey"""
807,Flo Rida,Wild Ones (feat. Sia)
807,Beyoncé,Run the World (Girls)
807,Trey Songz,Slow Motion
807,Nicki Minaj,Only
807,Sam Smith,I'm Not The Only One
807,Sean Paul,She Doesn't Mind
807,Zedd,Clarity
807,Bastille,Pompeii
807,One Direction,Story of My Life
807,Justin Timberlake,Mirrors
807,B.o.B,So Good
807,Disclosure,Latch
807,OneRepublic,Good Life
808,Kanye West,Heartless
808,Ed Sheeran,Photograph
808,Fetty Wap,Trap Queen
808,Fetty Wap,679 (feat. Remy Boyz)
808,Fetty Wap,My Way (feat. Monty)
808,Justin Bieber,What Do You Mean?
808,Sia,Chandelier
808,Beyoncé,Run the World (Girls)
808,Lana Del Rey,Summertime Sadness
808,Lana Del Rey,Summertime Sadness
808,Kid Cudi,Day 'N' Nite (nightmare)
808,Gwen Stefani,Hollaback Girl
809,Blake Shelton,Sangria
809,Josh Turner,Your Man
809,Jason Aldean,Dirt Road Anthem
809,Billy Currington,Good Directions
809,Chris Young,Gettin' You Home
810,Bruno Mars,That's What I Like
810,Khalid,Young Dumb & Broke
810,French Montana,Unforgettable
810,Khalid,8TEEN
811,Hugh Jackman,Look Down
811,Hugh Jackman,At The End Of The Day
811,Hugh Jackman,The Confrontation
812,Jonas Brothers,Burnin' Up
812,Smash Mouth,All Star
812,*NSYNC,Bye Bye Bye
812,Miley Cyrus,Party In The U.S.A.
812,Selena Gomez & The Scene,Naturally
812,Selena Gomez & The Scene,Love You Like A Love Song
812,Selena Gomez & The Scene,Who Says
812,Justin Bieber,Baby
812,Kelly Clarkson,Since U Been Gone
812,Modest Mouse,Float On
812,Avril Lavigne,Sk8er Boi
812,Gwen Stefani,Hollaback Girl
813,Demi Lovato,Sorry Not Sorry
813,XXXTENTACION,Jocelyn Flores
813,Charlie Puth,Attention
813,Louis Tomlinson,Back to You (feat. Bebe Rexha & Digital Farm Animals)
813,Shawn Mendes,There's Nothing Holdin' Me Back
813,Imagine Dragons,Thunder
813,Khalid,Location
813,Troye Sivan,YOUTH
813,George Ezra,Budapest
813,Charlie Puth,How Long
813,Marshmello,Silence
813,Khalid,Young Dumb & Broke
813,WALK THE MOON,One Foot
813,Macklemore & Ryan Lewis,Growing Up (feat. Ed Sheeran)
813,Macklemore,Glorious (feat. Skylar Grey)
813,Dua Lipa,New Rules
813,Cheat Codes,No Promises (feat. Demi Lovato)
813,Niall Horan,Slow Hands
813,Sam Smith,Too Good At Goodbyes
814,Stevie Wonder,Sir Duke
814,Electric Light Orchestra,Mr. Blue Sky
815,Rae Sremmurd,Throw Sum Mo
815,J. Cole,Work Out
815,Ying Yang Twins,Wait (The Whisper Song)
815,Ludacris,How Low
815,John Newman,Love Me Again
815,Sigala,Easy Love
815,Alesso,Heroes (we could be)
815,Galantis,Runaway (U & I)
815,DJ Snake,Turn Down for What
815,Lost Frequencies,Are You With Me - Radio Edit
815,Rudimental,Waiting All Night (feat. Ella Eyre)
815,Fifth Harmony,Worth It
815,Jessie J,Bang Bang
815,Lady Gaga,Just Dance
815,The Pussycat Dolls,Buttons
815,Britney Spears,Toxic
815,Beyoncé,Run the World (Girls)
815,Little Mix,Black Magic
815,Nelly,Hot In Herre
815,Ella Henderson,Ghost
815,Lady Gaga,Poker Face
815,Iggy Azalea,Black Widow
815,Carly Rae Jepsen,I Really Like You
815,Don Omar,Danza Kuduro
815,Gwen Stefani,Hollaback Girl
815,Katy Perry,Dark Horse
815,Macklemore & Ryan Lewis,Thrift Shop (feat. Wanz)
815,WALK THE MOON,Shut Up and Dance
815,Clean Bandit,Rather Be (feat. Jess Glynne)
815,Lady Gaga,Applause
815,Sean Paul,Temperature
815,Justin Timberlake,Rock Your Body
815,Far East Movement,Like A G6
815,Soulja Boy,Crank That (Soulja Boy)
815,Nicki Minaj,Starships
815,Katy Perry,Roar
815,Robin Thicke,Blurred Lines
815,Kanye West,Stronger
815,50 Cent,In Da Club
815,Pharrell Williams,"Happy - From ""Despicable Me 2"""
815,Miley Cyrus,We Can't Stop
815,Ol' Dirty Bastard,Got Your Money (feat. Kelis)
815,Nick Jonas,Levels
815,Sia,Elastic Heart
815,Demi Lovato,Cool for the Summer
816,Norah Jones,Don't Know Why
816,The Cranberries,Linger
816,Ben E. King,Spanish Harlem
816,Shaggy,Boombastic
816,Norah Jones,Come Away With Me
816,Steely Dan,Reelin' In The Years
816,Don McLean,American Pie
816,Barry White,"Can't Get Enough Of Your Love, Babe"
816,The Doobie Brothers,Black Water
816,Fleetwood Mac,Landslide
816,Nina Simone,My Baby Just Cares for Me - 2013 Remastered Version
816,Jack Johnson,Upside Down
816,Lenny Kravitz,It Ain't Over 'Til It's Over
816,Weezer,Island In The Sun
816,Plain White T's,Rhythm Of Love
816,Paolo Nutini,New Shoes
816,Lily Allen,Smile
816,Nelly Furtado,I'm Like A Bird
816,Frank Sinatra,That's Life
816,U2,Beautiful Day
816,U2,Beautiful Day
816,Mary J. Blige,One
816,U2,Sunday Bloody Sunday - Remastered 2008
816,Bon Iver,Skinny Love
816,Sam Smith,Stay With Me
816,Gloria Estefan,Con los Años Que Me Quedan
816,Shakira,Antologia
816,Bon Iver,Skinny Love
817,Lost Frequencies,Are You With Me - Radio Edit
817,Kygo,Stole the Show
817,Jess Glynne,Hold My Hand
817,Jason Derulo,Want to Want Me
817,INNA,Cola Song (feat. J Balvin)
817,Macklemore & Ryan Lewis,Thrift Shop (feat. Wanz)
817,Clean Bandit,Rather Be (feat. Jess Glynne)
817,Avicii,Addicted To You
817,Galantis,Runaway (U & I)
817,Avicii,Waiting For Love
817,Avicii,The Nights
817,Galantis,Peanut Butter Jelly
817,Kygo,Firestone
817,Disclosure,You & Me - Flume Remix
817,Disclosure,Omen - Radio Edit
817,Calvin Harris,How Deep Is Your Love
818,John Williams,The Imperial March (Darth Vader's Theme)
818,John Williams,Duel of the Fates
819,Noah Cyrus,Make Me (Cry)
819,DJ Snake,Let Me Love You
819,Martin Garrix,In the Name of Love
819,Andy Grammer,Fresh Eyes
819,Charlie Puth,We Don't Talk Anymore (feat. Selena Gomez)
819,Tove Lo,Cool Girl
819,PARTYNEXTDOOR,Come and See Me (feat. Drake)
819,Russ,What They Want
819,A Boogie Wit da Hoodie,Jungle
819,Khalid,Location
820,Michael Bublé,Haven't Met You Yet
821,Machine Gun Kelly,Bad Things (with Camila Cabello)
821,Clean Bandit,Rockabye (feat. Sean Paul & Anne-Marie)
821,The Weeknd,Starboy
821,Zara Larsson,Ain't My Fault
821,Julia Michaels,Issues
821,AJR,Weak
821,Kygo,Stole the Show
821,Cheat Codes,No Promises (feat. Demi Lovato)
822,Childish Gambino,Redbone
822,Vince Staples,Norf Norf
822,Frank Ocean,Lost
822,Post Malone,I Fall Apart
822,Khalid,Location
822,Frank Ocean,Pink + White
822,Frank Ocean,Novacane
822,Miguel,Adorn
822,PARTYNEXTDOOR,Come and See Me (feat. Drake)
822,Childish Gambino,Sober
822,NF,Paralyzed
822,Frank Ocean,Nights
822,Tyga,Ice Cream Man
822,Joey Bada$$,DEVASTATED
822,Russ,Losin Control
822,G-Eazy,Calm Down
822,Russ,What They Want
822,Post Malone,Congratulations
822,Russ,"Psycho, Pt. 2"
822,Nelly Furtado,Promiscuous
822,Mac Miller,Congratulations (feat. Bilal)
822,Soulja Boy,Kiss Me Thru The Phone
822,Khalid,Young Dumb & Broke
822,Lil Wayne,Love Me
822,YG,My Nigga
822,Big Sean,I Know
822,Rae Sremmurd,Swang
822,Frank Ocean,Chanel
822,2 Chainz,It's A Vibe
822,Nas,The World Is Yours
822,Two Feet,Go Fuck Yourself
822,6LACK,PRBLMS
822,Childish Gambino,Redbone
822,Kendrick Lamar,HUMBLE.
822,Kanye West,Flashing Lights
822,2Pac,Keep Ya Head Up
822,XXXTENTACION,Revenge
822,Kanye West,Father Stretch My Hands Pt. 1
822,XXXTENTACION,Jocelyn Flores
822,XXXTENTACION,Everybody Dies In Their Nightmares
822,XXXTENTACION,Revenge
822,XXXTENTACION,Fuck Love (feat. Trippie Redd)
822,Lil Uzi Vert,The Way Life Goes (feat. Oh Wonder)
823,Leslie Odom Jr.,Alexander Hamilton
825,The Chainsmokers,Closer
825,The Chainsmokers,Closer
825,DJ Snake,Let Me Love You
825,Justin Bieber,Sorry
825,Justin Bieber,What Do You Mean?
825,R. Kelly,Ignition - Remix
825,Mike Posner,I Took A Pill In Ibiza - Seeb Remix
825,Fetty Wap,Trap Queen
825,Yo Gotti,Down In the DM
825,Kanye West,Gold Digger
825,Backstreet Boys,I Want It That Way
825,Beyoncé,Run the World (Girls)
825,Zara Larsson,Ain't My Fault
825,Kanye West,Stronger
825,LMFAO,Shots
825,Lil Jon,Outta Your Mind
825,Soulja Boy,Donk
825,Lil Wayne,Lollipop
825,Flo Rida,My House
825,Eminem,The Real Slim Shady
825,Big Sean,I Don't Fuck With You
825,50 Cent,In Da Club
825,Ludacris,My Chick Bad
825,Jonas Blue,Perfect Strangers
827,Kendrick Lamar,Money Trees
827,Jay Rock,Vice City (feat. Black Hippy)
827,Kanye West,Father Stretch My Hands Pt. 1
827,Kendrick Lamar,HUMBLE.
828,Zara Larsson,Lush Life
828,ZAYN,PILLOWTALK
828,MØ,Final Song
828,Sia,Cheap Thrills
828,Beyoncé,Run the World (Girls)
828,Meghan Trainor,Me Too
829,The Doors,L.A. Woman
829,Jimi Hendrix,All Along the Watchtower
829,Jimi Hendrix,Little Wing
829,Nirvana,Something In The Way
829,Nirvana,Smells Like Teen Spirit
829,The Animals,House Of The Rising Sun
829,Nirvana,Come As You Are
829,Queen,Bohemian Rhapsody - Remastered 2011
829,Queen,Under Pressure - Remastered 2011
830,Future,Mask Off
830,Kendrick Lamar,HUMBLE.
830,A Boogie Wit da Hoodie,Drowning (feat. Kodak Black)
830,Khalid,Location
830,2 Chainz,It's A Vibe
830,Kendrick Lamar,LOVE. FEAT. ZACARI.
830,Luis Fonsi,Despacito - Remix
831,Rae Sremmurd,Black Beatles
831,Clean Bandit,Rockabye (feat. Sean Paul & Anne-Marie)
831,Big Sean,Bounce Back
831,Ed Sheeran,Shape of You
831,Migos,Bad and Boujee (feat. Lil Uzi Vert)
831,Machine Gun Kelly,Bad Things (with Camila Cabello)
831,Jason Derulo,Swalla (feat. Nicki Minaj & Ty Dolla $ign)
831,The Chainsmokers,Something Just Like This
831,Bruno Mars,That's What I Like
831,Charlie Puth,Attention
831,Luis Fonsi,Despacito - Remix
831,Khalid,Location
831,Jonas Blue,Mama
831,Dua Lipa,New Rules
831,Migos,Slippery (feat. Gucci Mane)
831,Playboi Carti,Magnolia
831,G-Eazy,No Limit
831,A Boogie Wit da Hoodie,Drowning (feat. Kodak Black)
832,Coldplay,Fix You
832,Nirvana,The Man Who Sold The World
832,blink-182,Stay Together For The Kids
832,Pierce The Veil,Hold On Till May
832,All Time Low,Remembering Sunday
832,blink-182,I Miss You
832,All Time Low,Therapy
832,My Chemical Romance,Cancer
833,Seether,Fake It
833,Limp Bizkit,My Generation
833,Evanescence,Bring Me To Life
833,3 Doors Down,Kryptonite
833,3 Doors Down,When I'm Gone
833,Limp Bizkit,Break Stuff
833,The Offspring,"You're Gonna Go Far, Kid"
833,Andy Grammer,Keep Your Head Up
833,Brantley Gilbert,Kick It In The Sticks
833,Linkin Park,What I've Done
833,Chevelle,Face to the Floor
833,Audioslave,Be Yourself
833,Papa Roach,Last Resort
833,Nickelback,Someday
833,Lady Gaga,Poker Face
833,Jason Aldean,She's Country
833,Chris Young,Aw Naw
833,Luke Bryan,Country Girl (Shake It For Me)
833,Luke Bryan,That's My Kind Of Night
833,Florida Georgia Line,Round Here
833,Britney Spears,Toxic
833,Thousand Foot Krutch,Move
833,Godsmack,Cryin' Like A Bitch!!
833,Godsmack,I Stand Alone
835,Lynyrd Skynyrd,Sweet Home Alabama
835,Lynyrd Skynyrd,Free Bird
835,Guns N' Roses,Sweet Child O' Mine
835,Lynyrd Skynyrd,Simple Man
835,Lynyrd Skynyrd,Gimme Three Steps
835,Lynyrd Skynyrd,Tuesday's Gone
835,Alice Cooper,School's Out
835,AC/DC,Highway to Hell
835,E-40,Choices (Yup)
835,2Pac,Dear Mama
835,Sleeping At Last,Turning Page
835,Christina Perri,A Thousand Years
835,M83,Wait
835,Muse,Madness
835,Russ,Losin Control
835,PnB Rock,Selfish
835,YG,My Nigga
835,Lil Wayne,Lollipop
835,Mac Miller,Weekend (feat. Miguel)
835,Nicki Minaj,Starships
835,Nicki Minaj,Only
835,Drake,One Dance
835,Machine Gun Kelly,Bad Things (with Camila Cabello)
835,Big Sean,Bounce Back
835,A Boogie Wit da Hoodie,Jungle
835,YG,My Nigga
835,Kanye West,Father Stretch My Hands Pt. 1
835,Nicki Minaj,Moment 4 Life
835,French Montana,Unforgettable
835,Rihanna,Needed Me
835,Jeremih,oui
835,Lil Uzi Vert,Erase Your Social
835,Big Sean,Bounce Back
835,J. Cole,No Role Modelz
835,Jeremih,Planez
835,Rae Sremmurd,Throw Sum Mo
835,Rae Sremmurd,This Could Be Us
835,Post Malone,Congratulations
835,Migos,Slippery (feat. Gucci Mane)
835,6LACK,PRBLMS
835,A Boogie Wit da Hoodie,My Shit
835,Rae Sremmurd,Swang
835,A Boogie Wit da Hoodie,Drowning (feat. Kodak Black)
835,Migos,Bad and Boujee (feat. Lil Uzi Vert)
835,Gucci Mane,Both (feat. Drake)
835,Khalid,Location
835,Future,Mask Off
835,Future,Solo
835,Bruno Mars,That's What I Like
835,Kendrick Lamar,HUMBLE.
835,Harry Styles,Sign of the Times
835,T.I.,Whatever You Like
835,Bryson Tiller,Don't
835,R. Kelly,Ignition - Remix
835,Playboi Carti,Magnolia
835,Logic,1-800-273-8255
835,Nicki Minaj,Super Bass
836,Rae Sremmurd,Swang
836,PnB Rock,"Horses (with PnB Rock, Kodak Black & A Boogie Wit da Hoodie)"
836,Big Sean,Bounce Back
836,Future,Mask Off
836,Kendrick Lamar,HUMBLE.
836,2 Chainz,It's A Vibe
837,Sam Hunt,Take Your Time
837,Darius Rucker,Wagon Wheel
837,Billy Currington,We Are Tonight
837,Kacey Musgraves,Merry Go 'Round
837,Darius Rucker,Come Back Song
837,Little Big Town,Girl Crush
838,José González,Heartbeats
838,Sufjan Stevens,The Only Thing
838,Gregory Alan Isakov,Amsterdam
838,Sufjan Stevens,Should Have Known Better
838,The Cinematic Orchestra,To Build A Home
839,Drake,One Dance
839,Sia,Cheap Thrills
839,The Chainsmokers,Don't Let Me Down
839,The Chainsmokers,Roses
839,Justin Bieber,Love Yourself
839,Justin Bieber,Sorry
839,Alessia Cara,Wild Things
839,Jess Glynne,Hold My Hand
839,Kesha,Die Young
839,Fall Out Boy,"Dance, Dance"
839,Rihanna,Pon de Replay
839,Kesha,We R Who We R
839,Calvin Harris,This Is What You Came For
839,Jonas Blue,Fast Car
839,DJ Snake,Middle
839,*NSYNC,Tearin' up My Heart - Radio Edit
839,Beyoncé,Love On Top
839,Miley Cyrus,Party In The U.S.A.
839,One Direction,Best Song Ever
839,Miley Cyrus,We Can't Stop
839,Jonas Brothers,Burnin' Up
839,Sean Kingston,Beautiful Girls
839,Yeah Yeah Yeahs,Heads Will Roll
839,Fall Out Boy,Centuries
839,Sean Paul,Temperature
839,Sean Paul,Get Busy
840,Childish Gambino,Sober
840,Childish Gambino,Heartbeat
840,J. Cole,No Role Modelz
840,J. Cole,Wet Dreamz
840,Migos,Bad and Boujee (feat. Lil Uzi Vert)
840,Future,Mask Off
840,Joyner Lucas,I'm Sorry
840,Logic,Everybody
840,G-Eazy,Calm Down
840,Logic,Everybody
840,Kendrick Lamar,PRIDE.
840,Kendrick Lamar,HUMBLE.
840,Kendrick Lamar,LOVE. FEAT. ZACARI.
840,Migos,Slippery (feat. Gucci Mane)
840,Lil Uzi Vert,Erase Your Social
840,Lil Uzi Vert,Money Longer
840,XXXTENTACION,Look At Me!
840,Rae Sremmurd,Swang
840,ScHoolboy Q,Collard Greens
841,Damian Marley,Welcome To Jamrock
841,Damian Marley,Pimpa's Paradise
841,Damian Marley,Road To Zion
841,Missy Elliott,One Minute Man (feat. Ludacris)
841,Missy Elliott,Get Ur Freak On
841,Thundercat,Walk On By
842,Ariana Grande,Santa Tell Me
842,Michael Bublé,Holly Jolly Christmas
842,Justin Bieber,Mistletoe
842,Pentatonix,That's Christmas to Me
842,Pentatonix,"Mary, Did You Know?"
842,Pentatonix,"Mary, Did You Know?"
842,Mariah Carey,All I Want for Christmas Is You
842,Kelly Clarkson,Underneath the Tree
842,Pentatonix,Hallelujah
842,Pentatonix,God Rest Ye Merry Gentlemen
842,Pentatonix,I'll Be Home For Christmas
843,Lukas Graham,7 Years
843,G-Eazy,"Me, Myself & I"
843,J. Cole,Wet Dreamz
843,Kendrick Lamar,Money Trees
843,Mac Miller,Weekend (feat. Miguel)
843,Lil Uzi Vert,Money Longer
843,Darius Rucker,Wagon Wheel
843,Lil Wayne,Love Me
843,Plain White T's,Hey There Delilah
843,Lukas Graham,Mama Said
843,Bruno Mars,When I Was Your Man
843,Bruno Mars,Treasure
843,The Chainsmokers,Closer
843,Coldplay,Viva La Vida
843,Rae Sremmurd,Black Beatles
843,Russ,What They Want
843,Tyga,Ice Cream Man
843,Migos,Bad and Boujee (feat. Lil Uzi Vert)
843,Big Sean,Bounce Back
843,Rae Sremmurd,Swang
843,Meek Mill,Litty (feat. Tory Lanez)
843,Soulja Boy,Pretty Boy Swag
843,Jeezy,Put On
843,A Boogie Wit da Hoodie,Drowning (feat. Kodak Black)
843,E-40,Choices (Yup)
843,Post Malone,Congratulations
844,Fall Out Boy,"Dance, Dance"
844,Fall Out Boy,"Sugar, We're Goin Down"
844,Fall Out Boy,Thnks fr th Mmrs
844,Fall Out Boy,"This Ain't A Scene, It's An Arms Race"
844,Panic! At The Disco,I Write Sins Not Tragedies
844,Britney Spears,Toxic
844,Britney Spears,Womanizer
844,Britney Spears,Circus
844,Britney Spears,If U Seek Amy
844,Britney Spears,Criminal
844,Gwen Stefani,Hollaback Girl
844,Nelly Furtado,Maneater
844,Nelly Furtado,Promiscuous
844,Ciara,Like a Boy
844,Missy Elliott,Get Ur Freak On
844,Missy Elliott,Lose Control (feat. Ciara & Fat Man Scoop)
844,Missy Elliott,Work It
844,Muse,Supermassive Black Hole
844,Muse,Starlight
844,Muse,Uprising
844,Muse,Undisclosed Desires
844,Radiohead,Creep
844,The Killers,Mr. Brightside
844,The Killers,Somebody Told Me
844,The Killers,When You Were Young
844,The Strokes,Reptilia
844,The White Stripes,Seven Nation Army
844,The White Stripes,Blue Orchid
844,Keane,Somewhere Only We Know
844,Keane,Everybody's Changing
844,The All-American Rejects,"Swing, Swing"
844,The All-American Rejects,Move Along
844,Green Day,Basket Case
844,Green Day,American Idiot
844,Good Charlotte,I Don't Wanna Be In Love (Dance Floor Anthem)
844,Good Charlotte,I Just Wanna Live
844,Good Charlotte,The Anthem
844,Good Charlotte,Lifestyles of the Rich & Famous
844,Simple Plan,Perfect
844,The All-American Rejects,My Paper Heart
844,My Chemical Romance,Famous Last Words
844,Yeah Yeah Yeahs,Heads Will Roll
844,Linkin Park,Faint
844,Three Days Grace,Animal I Have Become
844,The Neighbourhood,Sweater Weather
844,WALK THE MOON,Anna Sun
844,Foster The People,Pumped Up Kicks
844,Lupe Fiasco,"Kick, Push"
844,Childish Gambino,Heartbeat
844,Cage The Elephant,Come a Little Closer
844,Eurythmics,Sweet Dreams (Are Made of This) - Remastered
844,Sum 41,Still Waiting
844,A Tribe Called Quest,Can I Kick It?
844,Missy Elliott,Get Ur Freak On
844,Kanye West,Stronger
844,Kanye West,Flashing Lights
844,Kanye West,Homecoming
844,Kanye West,Gold Digger
845,3 Doors Down,Be Like That
845,Imagine Dragons,Demons
845,Coldplay,Fix You
845,Matchbox Twenty,Unwell
845,OneRepublic,Secrets
845,The Fray,Over My Head (Cable Car)
846,Billie Eilish,idontwannabeyouanymore
846,Billie Eilish,Bored
847,The Temper Trap,Sweet Disposition
847,Paolo Nutini,New Shoes
847,Paolo Nutini,Last Request
847,alt-J,Breezeblocks
847,alt-J,Tessellate
847,alt-J,Fitzpleasure
847,alt-J,Something Good
847,alt-J,Matilda
847,alt-J,Taro
847,James Blake,Retrograde
847,The Paper Kites,Bloom - Bonus Track
847,The Paper Kites,Featherstone
847,The Paper Kites,Paint
847,The Paper Kites,Woodland
847,Gregory Alan Isakov,The Stable Song
847,Milky Chance,Stolen Dance
847,Gregory Alan Isakov,The Stable Song
847,Milky Chance,Down By The River
847,Milky Chance,Flashed Junk Mind
847,Bon Iver,Beach Baby
847,Bon Iver,Wash.
847,Bon Iver,Skinny Love
847,Of Monsters and Men,Dirty Paws
847,José González,Heartbeats
847,Paolo Nutini,Jenny Don't Be Hasty
847,Clean Bandit,Rather Be (feat. Jess Glynne)
847,James Bay,Let It Go
847,James Bay,Hold Back The River
847,James Bay,Hold Back The River
847,Hozier,Cherry Wine - Live
847,Hozier,Cherry Wine - Live
847,Maroon 5,Sugar
847,Hozier,Work Song
847,Hozier,Someone New
847,Hozier,Like Real People Do
847,X Ambassadors,Renegades
848,Shaggy,It Wasn't Me
849,Sublime,Smoke Two Joints
849,Sublime,Badfish
849,The Neighbourhood,Sweater Weather
849,John Mayer,Gravity
849,Sublime,Waiting For My Ruca
849,Phil Collins,In The Air Tonight - 2015 Remastered
849,Cream,Sunshine Of Your Love
849,J. Cole,No Role Modelz
849,DJ Snake,You Know You Like It
849,Tame Impala,Eventually
849,Kendrick Lamar,Money Trees
849,Tame Impala,The Less I Know The Better
849,Milky Chance,Stolen Dance
849,Milky Chance,Flashed Junk Mind
849,George Ezra,Budapest
849,Tame Impala,Let It Happen
850,Nicki Minaj,Starships
850,A Boogie Wit da Hoodie,Drowning (feat. Kodak Black)
850,Future,Mask Off
850,Fetty Wap,679 (feat. Remy Boyz)
850,Fetty Wap,My Way (feat. Monty)
850,Jeremih,Don't Tell 'Em
850,Nicki Minaj,Only
850,T.I.,Whatever You Like
850,The Weeknd,Starboy
850,Flo Rida,Wild Ones (feat. Sia)
850,Ne-Yo,Let Me Love You (Until You Learn To Love Yourself)
850,B.o.B,HeadBand (feat. 2 Chainz)
850,Eminem,Not Afraid
850,Rihanna,We Found Love
850,Taio Cruz,Dynamite
850,Beyoncé,Halo
850,Pitbull,Time of Our Lives
850,Nickelback,Someday
850,Lil Wayne,6 Foot 7 Foot
850,Lil Wayne,Mirror
850,50 Cent,Candy Shop
850,Kanye West,Gold Digger
851,Death Cab for Cutie,Crooked Teeth
852,Vance Joy,Riptide
852,Milky Chance,Stolen Dance
852,John Mayer,XO
852,Jack Johnson,"Sitting, Waiting, Wishing"
852,Tove Lo,Habits (Stay High) - Hippie Sabotage Remix
852,ScHoolboy Q,Studio
852,The Lumineers,Stubborn Love
852,Arctic Monkeys,Do I Wanna Know?
852,Cage The Elephant,Come a Little Closer
852,J. Cole,Work Out
852,The Neighbourhood,Sweater Weather
854,Ja Rule,Always On Time
854,Ja Rule,Mesmerize
854,Ja Rule,Wonderful
854,Frank Ocean,Thinkin Bout You
854,The Jackson 5,I Want You Back
854,The Jackson 5,ABC
854,Akon,Don't Matter
854,Usher,My Boo
854,Usher,U Got It Bad
854,Usher,U Remind Me
854,Ne-Yo,So Sick
854,Ne-Yo,Miss Independent
854,Ne-Yo,Because Of You
854,Ne-Yo,Let Me Love You (Until You Learn To Love Yourself)
854,Ne-Yo,Mad
854,Ne-Yo,Sexy Love
854,Keri Hilson,Knock You Down
854,Keri Hilson,Pretty Girl Rock
854,Ciara,Promise
854,Brandy,Have You Ever
854,Keyshia Cole,Trust
854,Keyshia Cole,I Remember
854,Keyshia Cole,Heaven Sent
854,Keyshia Cole,Love
854,Keyshia Cole,Let It Go
854,Keyshia Cole,Last Night
854,Ashanti,Foolish
854,Ashanti,Rock Wit U (Awww Baby)
854,Ashanti,Baby
854,Ashanti,Happy
854,Twista,Slow Jamz
854,Nelly,Dilemma
854,Blackstreet,Before I Let You Go
854,Blackstreet,Joy
854,Joe,I Wanna Know
854,Boyz II Men,End Of The Road
854,Boyz II Men,I'll Make Love To You
854,Boyz II Men,On Bended Knee
854,TLC,Baby-Baby-Baby
854,Ashanti,Body On Me
854,Mario,Let Me Love You
854,Mario,How Do I Breathe
854,R. Kelly,Bump n' Grind
854,Miguel,Adorn
854,DJ Snake,Middle
854,Trey Songz,Slow Motion
854,Miguel,Sure Thing
854,Mario,Let Me Love You
854,Mario,How Do I Breathe
854,Enrique Iglesias,Cuando Me Enamoro
854,Don Omar,Danza Kuduro
854,Shaggy,Angel
855,Kirk Franklin,I Smile
856,Troye Sivan,YOUTH
856,The Chainsmokers,Don't Let Me Down
856,Calvin Harris,This Is What You Came For
856,Shawn Mendes,Stitches
856,OneRepublic,Counting Stars
856,Bruno Mars,Just the Way You Are
856,Flo Rida,My House
856,Hozier,Work Song
857,WALK THE MOON,Shut Up and Dance
857,Plain White T's,Hey There Delilah
857,Survivor,The Search Is Over
857,Lin-Manuel Miranda,My Shot
857,Simon & Garfunkel,America
857,Maroon 5,She Will Be Loved - Radio Mix
857,Marvin Gaye,Ain't No Mountain High Enough
857,MGMT,Time to Pretend
857,Simon & Garfunkel,Bridge Over Troubled Water
857,Queen,Under Pressure - Remastered 2011
857,Elton John,Your Song
857,Electric Light Orchestra,Mr. Blue Sky
857,The Killers,Mr. Brightside
857,Yusuf / Cat Stevens,Father And Son
857,Men At Work,Who Can It Be Now?
857,Counting Crows,Accidentally In Love
857,Elton John,Goodbye Yellow Brick Road - Remastered 2014
857,U2,Beautiful Day
857,U2,Beautiful Day
857,Simple Minds,Don't You (Forget About Me)
857,Simon & Garfunkel,The Only Living Boy in New York
857,Simon & Garfunkel,The Boxer
857,Billy Joel,We Didn't Start the Fire
857,Billy Joel,Uptown Girl
858,Jeremih,oui
858,Calvin Harris,This Is What You Came For
858,Big Sean,Beware
858,Sia,Cheap Thrills
858,Dr. Dre,Forgot About Dre
858,Tyga,Ice Cream Man
858,Twenty One Pilots,Ride
858,Galantis,No Money
858,LMFAO,I'm In Miami Bitch
858,Kevin Gates,2 Phones
858,Nick Jonas,Close
858,Zara Larsson,Never Forget You
858,Clean Bandit,Rather Be (feat. Jess Glynne)
858,The Pussycat Dolls,When I Grow Up
858,J. Cole,No Role Modelz
858,Fifth Harmony,BO$$
858,Flo Rida,Good Feeling
858,Enrique Iglesias,I Like It
858,Blackstreet,No Diggity
858,Ludacris,My Chick Bad
858,*NSYNC,Bye Bye Bye
858,Kanye West,Heartless
858,Bryson Tiller,Right My Wrongs
858,Bryson Tiller,Exchange
858,Kanye West,Stronger
858,Green Day,Basket Case
858,Sebastian Yatra,Traicionera
858,Harry Styles,Sign of the Times
859,Sleeping At Last,Saturn
859,Mikky Ekko,Smile
859,Mikky Ekko,Time
859,George Ezra,Blame It on Me
859,Thomas Rhett,Die A Happy Man
859,Oasis,Wonderwall - Remastered
859,Kodaline,All I Want
859,Third Eye Blind,Jumper - 1998 Edit
859,Adam Levine,Lost Stars
859,Milky Chance,Stolen Dance
859,Adam Levine,Lost Stars
859,Lukas Graham,7 Years
859,James Blunt,Bonfire Heart
859,The Fray,Look After You
859,The Fray,Heartbeat
859,The Goo Goo Dolls,Iris
859,The Goo Goo Dolls,Name
859,The Goo Goo Dolls,Black Balloon
859,The Goo Goo Dolls,Better Days
859,The Goo Goo Dolls,Sympathy
859,The Goo Goo Dolls,Here Is Gone
859,Tom Petty and the Heartbreakers,Learning To Fly
859,Chris Stapleton,Tennessee Whiskey
859,Frank Ocean,Thinkin Bout You
859,Billy Joel,Piano Man
859,The Lumineers,Ophelia
859,Of Monsters and Men,Human
859,The Lumineers,Sleep On The Floor
859,The Lumineers,Angela
859,Bon Iver,Blood Bank
859,Bon Iver,Skinny Love
859,Coldplay,Fix You
859,Dave Matthews Band,Crash into Me
859,Kings of Leon,Pyro
859,Kings of Leon,Wait for Me
859,Kings of Leon,Closer
859,Mumford & Sons,Believe
859,Mumford & Sons,Awake My Soul
859,Sleeping At Last,Turning Page
859,The Lumineers,Cleopatra
859,Labrinth,Jealous
859,Norah Jones,Don't Know Why
859,Norah Jones,Sunrise
859,The 1975,Somebody Else
859,Jonas Blue,Fast Car
859,The Lumineers,Stubborn Love
859,Passenger,Let Her Go
859,Vance Joy,Georgia
859,The Lumineers,Ho Hey
859,Tracy Chapman,Fast Car
859,Amy Winehouse,"Valerie - Live At BBC Radio 1 Live Lounge, London / 2007"
859,Harry Styles,Sign of the Times
859,Lord Huron,The Night We Met
860,Beach House,Silver Soul
860,Bee Gees,I Started A Joke
860,M83,Wait
860,Crystal Castles,Untrust Us
860,Crystal Castles,Crimewave
860,Dolly Parton,Jolene
861,Andy Williams,It's the Most Wonderful Time of the Year
861,Wham!,Last Christmas
861,Bing Crosby,White Christmas
861,Bing Crosby,Mele Kalikimaka - Single Version
861,Bing Crosby,It's Beginning To Look A Lot Like Christmas
861,Gene Autry,Rudolph the Red-Nosed Reindeer
861,Elvis Presley,Blue Christmas
861,Nat King Cole,The Christmas Song (Merry Christmas To You)
861,Michael Bublé,Holly Jolly Christmas
861,Dean Martin,Let It Snow! Let It Snow! Let It Snow!
861,The Jackson 5,Santa Claus Is Coming To Town
861,Nat King Cole,The Christmas Song (Merry Christmas To You)
861,Elvis Presley,Here Comes Santa Claus (Right Down Santa Claus Lane)
861,Gene Autry,Up On The House Top
862,Daniel Caesar,Japanese Denim
862,PnB Rock,Selfish
862,Daniel Caesar,Get You (feat. Kali Uchis)
863,Alessia Cara,Wild Things
863,Lana Del Rey,Young And Beautiful
863,Seafret,Oceans
863,Seafret,Wildfire
863,The Lumineers,Ophelia
863,NAV,Myself
863,Bruno Mars,That's What I Like
863,Frank Ocean,Chanel
863,Calum Scott,Dancing On My Own
864,Passenger,Let Her Go
864,Counting Crows,Big Yellow Taxi
864,Counting Crows,Mr. Jones
864,The Temper Trap,Sweet Disposition
864,The Temper Trap,Love Lost
864,Norah Jones,Don't Know Why
864,Jason Mraz,I Won't Give Up
864,Muse,Madness
864,Robin Thicke,Blurred Lines
864,Kodaline,All I Want
864,One Direction,Story of My Life
864,Billy Joel,Vienna
865,Celia Cruz,Rie y Llora
865,Rihanna,Don't Stop The Music
865,Katy Perry,Last Friday Night (T.G.I.F.)
865,Timbaland,The Way I Are
865,Kesha,TiK ToK
865,Lady Gaga,Just Dance
865,Fifth Harmony,Worth It
865,Jennifer Lopez,Let's Get Loud
865,Michael Bublé,Sway
865,Robin Thicke,Blurred Lines
865,WALK THE MOON,Shut Up and Dance
865,Jennifer Lopez,Let's Get Loud
867,M83,Wait
867,Frank Ocean,Self Control
867,Coldplay,The Scientist
867,Billy Joel,Vienna
867,Bon Iver,Blood Bank
867,Lana Del Rey,Young And Beautiful
867,Bon Iver,Skinny Love
867,Billie Holiday,I'll Be Seeing You
867,Rascal Flatts,What Hurts The Most
867,X Ambassadors,Unsteady
867,Bon Iver,Beach Baby
867,Nick Cave & The Bad Seeds,O Children
867,Lana Del Rey,The Other Woman
867,The Cinematic Orchestra,To Build A Home
867,Elvis Presley,Can't Help Falling in Love
867,The 1975,Somebody Else
868,Daya,"Sit Still, Look Pretty"
868,Years & Years,King
869,Frank Ocean,Thinkin Bout You
869,Frank Ocean,Self Control
869,Earl Sweatshirt,Chum
869,Frank Ocean,White Ferrari
869,John Legend,All of Me
869,Childish Gambino,Heartbeat
869,Bryson Tiller,Exchange
869,Joyner Lucas,I'm Sorry
869,Rihanna,Needed Me
869,Khalid,Location
869,PnB Rock,Selfish
869,Russ,Losin Control
869,Russ,"Psycho, Pt. 2"
869,6LACK,PRBLMS
869,Justin Bieber,Love Yourself
870,fun.,Carry On
870,Eminem,Not Afraid
870,Jason Mraz,I Won't Give Up
870,Imagine Dragons,Demons
870,fun.,Why Am I the One
870,Three Days Grace,I Hate Everything About You
870,The All-American Rejects,Move Along
870,Kelly Clarkson,Since U Been Gone
870,My Chemical Romance,Welcome to the Black Parade
870,Katy Perry,Roar
870,Fall Out Boy,My Songs Know What You Did In The Dark (Light Em Up)
870,P!nk,Try
870,Maroon 5,She Will Be Loved - Radio Mix
870,Christina Perri,Jar of Hearts
870,Panic! At The Disco,I Write Sins Not Tragedies
872,Macklemore & Ryan Lewis,Thrift Shop (feat. Wanz)
872,Fall Out Boy,"Dance, Dance"
872,My Chemical Romance,Welcome to the Black Parade
872,Fall Out Boy,"Sugar, We're Goin Down"
872,Panic! At The Disco,I Write Sins Not Tragedies
872,The Chainsmokers,Something Just Like This
872,The Chainsmokers,Closer
872,Coldplay,Viva La Vida
872,Miley Cyrus,Party In The U.S.A.
873,Jeremih,Don't Tell 'Em
873,Rihanna,Don't Stop The Music
873,Katy Perry,Roar
873,Flo Rida,Good Feeling
873,Jeremih,Don't Tell 'Em
873,AC/DC,Thunderstruck
873,Guns N' Roses,Welcome To The Jungle
873,Linkin Park,One Step Closer
873,Jeezy,Put On
874,Shaggy,Angel
874,Nelly,Ride Wit Me
874,Akon,I Wanna Love You
874,Green Day,American Idiot
874,Green Day,21 Guns
874,Journey,Don't Stop Believin'
874,Bon Jovi,Livin' On A Prayer
874,Steve Miller Band,The Joker
874,Nickelback,Photograph
874,Eminem,Love The Way You Lie
874,Eminem,Superman
874,Nickelback,If Today Was Your Last Day
874,Eminem,Mockingbird
874,Nickelback,Savin' Me
874,Dr. Dre,I Need A Doctor
874,D12,My Band
874,Nickelback,Someday
874,Nickelback,Far Away
874,Nickelback,Rockstar
874,Nickelback,Animals
874,Red Hot Chili Peppers,Californication
874,The Killers,Mr. Brightside
874,Three Days Grace,Animal I Have Become
874,Kid Cudi,Day 'N' Nite (nightmare)
874,Panic! At The Disco,I Write Sins Not Tragedies
874,Linkin Park,What I've Done
874,Three Days Grace,I Hate Everything About You
874,Maroon 5,She Will Be Loved - Radio Mix
874,OneRepublic,Secrets
874,Lil Wayne,Love Me
874,Linkin Park,Numb
874,Guns N' Roses,Paradise City
874,Bon Jovi,You Give Love A Bad Name
874,The Chainsmokers,Don't Let Me Down
874,Weezer,Island In The Sun
874,Guns N' Roses,Knockin' On Heaven's Door
874,The Game,The Game & Skrillex: El Chapo
874,Kendrick Lamar,HUMBLE.
874,Guns N' Roses,Welcome To The Jungle
874,Don McLean,American Pie
874,Aerosmith,Walk This Way
874,Post Malone,Congratulations
874,Lynyrd Skynyrd,Sweet Home Alabama
875,J. Cole,No Role Modelz
875,J. Cole,Love Yourz
875,X Ambassadors,Renegades
875,Of Monsters and Men,Empire
876,Enrique Iglesias,El Perdedor
876,Enrique Iglesias,Hero
876,Prince Royce,Darte un Beso
876,Bruno Mars,Treasure
876,Bruno Mars,Just the Way You Are
876,INNA,Cola Song (feat. J Balvin)
876,Juan Magán,Si No Te Quisiera
876,Romeo Santos,Eres Mía
876,Pitbull,Time of Our Lives
876,Gloria Trevi,Todos Me Miran
876,One Direction,Story of My Life
876,Marc Anthony,Vivir Mi Vida
877,Martin Garrix,In the Name of Love
877,Mike Posner,I Took A Pill In Ibiza - Seeb Remix
877,Martin Solveig,Do It Right
877,Timmy Trumpet,Freaks - Radio Edit
877,DJ Snake,Middle
877,Alan Walker,Alone
878,Sam Smith,Too Good At Goodbyes
879,Blake Shelton,Sangria
879,Miranda Lambert,Mama's Broken Heart
879,Brantley Gilbert,Bottoms Up
879,Thomas Rhett,Make Me Wanna
879,Florida Georgia Line,This Is How We Roll
879,Florida Georgia Line,Cruise
879,Brett Eldredge,Don't Ya
879,Chris Young,I'm Comin' Over
879,Chris Young,Aw Naw
879,Chris Young,You
879,George Strait,Here For A Good Time
879,Josh Turner,Your Man
879,Josh Turner,Why Don't We Just Dance
879,Darius Rucker,Alright
879,Dierks Bentley,Drunk On A Plane
879,Dierks Bentley,What Was I Thinkin'
879,Dierks Bentley,5-1-5-0
879,Billy Currington,Don't It
879,Billy Currington,People Are Crazy
879,Billy Currington,We Are Tonight
879,Chris Young,Gettin' You Home
879,Kenny Chesney,American Kids
879,Alabama,Song of the South
879,Sam Hunt,House Party
879,Thomas Rhett,Die A Happy Man
879,Luke Bryan,That's My Kind Of Night
879,Luke Bryan,Kick The Dust Up
879,Luke Bryan,Play It Again
879,Florida Georgia Line,Anything Goes
879,Zac Brown Band,Loving You Easy
879,Eric Church,Like A Wrecking Ball
879,Miranda Lambert,Automatic
879,Toby Keith,"Courtesy Of The Red, White And Blue (The Angry American)"
879,Toby Keith,Beer For My Horses
879,Toby Keith,Red Solo Cup
879,Toby Keith,As Good As I Once Was
879,Toby Keith,I Love This Bar
879,Shania Twain,Man! I Feel Like A Woman!
879,Shania Twain,That Don't Impress Me Much
879,Shania Twain,Any Man Of Mine
879,Shania Twain,"Honey, I'm Home"
879,Sam Hunt,Make You Miss Me
879,Chris Young,Think of You
879,Jason Aldean,Burnin' It Down
879,Jason Aldean,Dirt Road Anthem
879,Jason Aldean,My Kinda Party
879,Jason Aldean,Big Green Tractor
879,Billy Currington,Do I Make You Wanna
879,Zac Brown Band,Free
879,Rascal Flatts,I Like The Sound Of That
879,Keith Urban,Blue Ain't Your Color
879,Brett Young,Sleep Without You
880,M83,Midnight City
880,Calvin Harris,Feel So Close - Radio Edit
880,Daft Punk,One More Time
880,Katy Perry,Firework
880,Linkin Park,BURN IT DOWN
880,Linkin Park,Numb
880,Linkin Park,Crawling
880,Eminem,Love The Way You Lie
880,Dr. Dre,I Need A Doctor
880,Eminem,Not Afraid
880,OneRepublic,Counting Stars
880,Muse,Madness
880,Ciara,Like a Boy
881,Galantis,No Money
881,MØ,Final Song - Diplo & Jauz Remix
881,Disclosure,You & Me - Flume Remix
881,DJ Snake,Middle
881,The Chainsmokers,Roses
881,The Chainsmokers,Don't Let Me Down
883,Michael Bublé,Home
883,Michael Bublé,Haven't Met You Yet
883,Michael Bublé,Feeling Good
883,Michael Bublé,Sway
883,Nat King Cole,Smile
883,Little Big Town,Boondocks
883,Simon & Garfunkel,Homeward Bound
883,The Temptations,My Girl
883,The Animals,House Of The Rising Sun
883,John Denver,"Take Me Home, Country Roads"
883,Journey,Wheel in the Sky
883,Journey,Open Arms
883,Journey,Faithfully
883,Journey,Don't Stop Believin'
883,Phil Collins,In The Air Tonight - 2015 Remastered
883,The Lumineers,Stubborn Love
883,Mumford & Sons,I Will Wait
883,The Lumineers,Ophelia
883,The Lumineers,Ho Hey
883,The Lumineers,Sleep On The Floor
883,Kansas,Carry on Wayward Son
883,Kansas,Dust in the Wind
883,Yusuf / Cat Stevens,Wild World
883,Aerosmith,Dream On
883,Neil Diamond,Sweet Caroline
883,Van Morrison,Brown Eyed Girl
883,Bon Jovi,Livin' On A Prayer
883,Bon Jovi,Bad Medicine
883,Bon Jovi,Wanted Dead Or Alive
883,Guns N' Roses,Sweet Child O' Mine
883,Creedence Clearwater Revival,Fortunate Son
883,Billy Joel,Piano Man
883,Bill Withers,Lean on Me
883,Mötley Crüe,Home Sweet Home
883,John Mellencamp,Jack & Diane
883,Boston,More Than a Feeling
883,The Jackson 5,I Want You Back
883,Marvin Gaye,Ain't No Mountain High Enough
883,The Jackson 5,ABC
883,Creedence Clearwater Revival,Bad Moon Rising
883,Bryan Adams,Heaven
884,Yusuf / Cat Stevens,Wild World
884,Beck,Morning
884,The Paper Kites,Bloom - Bonus Track
884,X Ambassadors,Renegades
884,Kygo,Stole the Show
884,The Weeknd,The Hills
884,WALK THE MOON,Shut Up and Dance
884,Dido,White Flag
884,Justin Bieber,Love Yourself
884,Twenty One Pilots,Stressed Out
884,Shawn Mendes,Stitches
884,Kodaline,All I Want
885,Soft Cell,"Say Hello, Wave Goodbye - 7"" Single Version"
885,Miguel,Adorn
885,A$AP Rocky,L$D
886,Jay Rock,Vice City (feat. Black Hippy)
886,ScHoolboy Q,THat Part
886,ScHoolboy Q,Studio
886,ScHoolboy Q,Man Of The Year
886,Kanye West,Stronger
886,Kanye West,Gold Digger
886,Drake,One Dance
886,Lil Wayne,A Milli
886,Lil Wayne,6 Foot 7 Foot
886,Lil Wayne,Lollipop
886,Ludacris,Get Back
886,Jeremih,Don't Tell 'Em
886,Method Man,Da Rockwilder
886,Vince Staples,Norf Norf
886,Kevin Gates,Really Really
886,Chief Keef,Hate Bein' Sober
886,Chief Keef,Love Sosa
886,Chief Keef,I Don't Like
886,YG,My Nigga
886,50 Cent,In Da Club
886,DMX,Where The Hood At
886,The Game,How We Do
886,2Pac,Ambitionz Az A Ridah
886,Busta Rhymes,Break Ya Neck
886,YG,Who Do You Love?
886,Lil Wayne,Right Above It
886,50 Cent,Candy Shop
886,Akon,I Wanna Love You
887,Taio Cruz,Dynamite
887,Chris Brown,Forever
887,Justin Timberlake,Mirrors
887,Rihanna,We Found Love
887,Calvin Harris,Feel So Close - Radio Edit
887,Bastille,Pompeii
887,Rihanna,Umbrella
887,Aretha Franklin,Respect
887,Coldplay,A Sky Full of Stars
887,Coldplay,Viva La Vida
888,Lynyrd Skynyrd,Sweet Home Alabama
888,Guns N' Roses,Sweet Child O' Mine
888,Kansas,Carry on Wayward Son
888,Queen,We Are The Champions - Remastered 2011
888,The Who,Baba O'Riley
888,Tom Petty,Free Fallin'
888,The Rolling Stones,You Can't Always Get What You Want
888,Billy Joel,It's Still Rock and Roll to Me
888,Foreigner,Juke Box Hero
888,Queen,Bohemian Rhapsody - Remastered 2011
888,The Who,Baba O'Riley
891,Foo Fighters,Best of You
892,Soft Cell,Tainted Love
892,Michael Jackson,Billie Jean
892,Simple Minds,Don't You (Forget About Me)
892,Whitney Houston,I Wanna Dance with Somebody (Who Loves Me)
892,Whitesnake,Here I Go Again
892,Bon Jovi,You Give Love A Bad Name
893,Eric Church,Springsteen
893,Jason Aldean,Dirt Road Anthem
893,Florida Georgia Line,Round Here
893,Jason Aldean,My Kinda Party
893,Alan Jackson,Good Time
893,Darius Rucker,Wagon Wheel
893,Brad Paisley,Mud on the Tires
893,Brad Paisley,I'm Gonna Miss Her
893,Kenny Chesney,I Go Back
893,Alan Jackson,Drive (For Daddy Gene)
893,Alan Jackson,Country Boy
893,Alan Jackson,Little Bitty
893,Alan Jackson,Don't Rock the Jukebox
893,George Strait,Check Yes Or No
893,George Strait,Carrying Your Love With Me
893,George Strait,Amarillo By Morning
893,George Strait,Write This Down
893,George Strait,Give It Away
893,Brooks & Dunn,Red Dirt Road
893,Brooks & Dunn,Ain't Nothing 'Bout You
893,Brooks & Dunn,My Maria
893,Brooks & Dunn,Boot Scootin' Boogie
893,Brooks & Dunn,Neon Moon
893,Randy Travis,Diggin' Up Bones
893,Kenny Rogers,The Gambler
893,Tim McGraw,Something Like That
893,Tim McGraw,Live Like You Were Dying
893,Tim McGraw,Where The Green Grass Grows
893,Blake Shelton,Boys 'Round Here (feat. Pistol Annies & Friends)
893,Blake Shelton,Honey Bee
893,Zac Brown Band,Chicken Fried
893,Zac Brown Band,Knee Deep (feat. Jimmy Buffett)
893,Zac Brown Band,Toes
893,Luke Bryan,Country Girl (Shake It For Me)
893,Dierks Bentley,5-1-5-0
893,Dierks Bentley,What Was I Thinkin'
893,Darius Rucker,Alright
893,Darius Rucker,Come Back Song
893,Darius Rucker,This
893,Darius Rucker,Don't Think I Don't Think About It
893,Billy Currington,Good Directions
893,Billy Currington,People Are Crazy
893,Billy Currington,Let Me Down Easy
893,Billy Currington,Pretty Good At Drinkin' Beer
893,Josh Turner,Time Is Love
893,Josh Turner,Would You Go With Me
893,Josh Turner,Firecracker
893,Toby Keith,I Love This Bar
893,Toby Keith,Should've Been A Cowboy
893,Travis Tritt,It's A Great Day To Be Alive
893,Brantley Gilbert,Country Must Be Country Wide
893,George Strait,Amarillo By Morning
894,The Chainsmokers,Closer
894,Mike Posner,I Took A Pill In Ibiza - Seeb Remix
894,The Chainsmokers,Roses
894,Alessia Cara,Scars To Your Beautiful
894,Drake,One Dance
895,Avril Lavigne,Sk8er Boi
895,Avril Lavigne,Complicated
895,Avril Lavigne,I'm with You
895,Leona Lewis,Bleeding Love
895,Leona Lewis,Better in Time
895,Jimmy Eat World,The Middle
895,Good Charlotte,The Anthem
895,Good Charlotte,I Don't Wanna Be In Love (Dance Floor Anthem)
895,Good Charlotte,The River
895,Good Charlotte,The River
895,Good Charlotte,Lifestyles of the Rich & Famous
895,Good Charlotte,Girls & Boys
895,Green Day,Good Riddance (Time of Your Life)
895,Simple Plan,Addicted
895,Simple Plan,Perfect
895,Simple Plan,Shut Up!
895,Rihanna,Umbrella
895,Rihanna,Don't Stop The Music
895,Panic! At The Disco,I Write Sins Not Tragedies
895,The Offspring,"You're Gonna Go Far, Kid"
895,Ne-Yo,Sexy Love
895,Ne-Yo,Let Me Love You (Until You Learn To Love Yourself)
895,*NSYNC,Pop
895,*NSYNC,Tearin' up My Heart - Radio Edit
895,*NSYNC,This I Promise You
895,Missy Elliott,Work It
895,Matchbox Twenty,If You're Gone
895,The Killers,Mr. Brightside
895,The Killers,Somebody Told Me
895,Jeremih,Birthday Sex
895,Jay Sean,Down
895,J. Cole,Work Out
895,Ginuwine,Pony
895,Foster The People,Pumped Up Kicks
895,Fergie,Big Girls Don't Cry (Personal)
895,Fall Out Boy,My Songs Know What You Did In The Dark (Light Em Up)
895,Fall Out Boy,"Dance, Dance"
895,Fall Out Boy,"Sugar, We're Goin Down"
895,Fall Out Boy,"This Ain't A Scene, It's An Arms Race"
895,Fall Out Boy,Thnks fr th Mmrs
895,Evanescence,Bring Me To Life
895,Evanescence,My Immortal
895,Eminem,Superman
895,Eminem,Mockingbird
895,Eminem,Without Me
895,Daughtry,Over You
895,Ciara,Body Party
895,Christina Perri,Jar of Hearts
895,Christina Perri,A Thousand Years
895,Chris Brown,Forever
895,Chris Brown,With You
895,Akon,I Wanna Love You
895,50 Cent,Just A Lil Bit
896,Alan Jackson,Drive (For Daddy Gene)
896,Alan Jackson,Country Boy
896,Alan Jackson,Little Bitty
896,Alan Jackson,Good Time
896,Alan Jackson,Chattahoochee
896,Toby Keith,As Good As I Once Was
896,Alan Jackson,Don't Rock the Jukebox
896,Toby Keith,I Love This Bar
896,Toby Keith,Beer For My Horses
896,Brad Paisley,Mud on the Tires
896,Zac Brown Band,Chicken Fried
896,Travis Tritt,It's A Great Day To Be Alive
896,Toby Keith,Should've Been A Cowboy
896,Brooks & Dunn,Red Dirt Road
896,Darius Rucker,Wagon Wheel
896,Alabama,Song of the South
896,Alabama,I'm in a Hurry (And Don't Know Why)
896,Toby Keith,"Courtesy Of The Red, White And Blue (The Angry American)"
896,Kenny Rogers,The Gambler
896,George Strait,Check Yes Or No
896,Tim McGraw,Where The Green Grass Grows
896,Brooks & Dunn,Boot Scootin' Boogie
896,George Strait,Write This Down
896,Zac Brown Band,Knee Deep (feat. Jimmy Buffett)
896,Alabama,If You're Gonna Play in Texas (You Gotta Have a Fiddle in the Band)
896,Brooks & Dunn,My Maria
896,Tim McGraw,"I Like It, I Love It"
896,George Strait,Amarillo By Morning
896,Alabama,Mountain Music
896,Brooks & Dunn,Neon Moon
896,Tim McGraw,Indian Outlaw
896,Shania Twain,Any Man Of Mine
896,George Strait,Carrying Your Love With Me
896,Brooks & Dunn,Brand New Man
896,Travis Tritt,I'm Gonna Be Somebody
896,"Hank Williams, Jr.",Family Tradition
896,Kenny Chesney,She's Got It All
896,"Hank Williams, Jr.",A Country Boy Can Survive
896,Alabama,Dixieland Delight - Single Edit
896,Randy Travis,Diggin' Up Bones
896,Toby Keith,A Little Less Talk And A Lot More Action
896,Vince Gill,One More Last Chance
896,Faith Hill,Wild One
896,Brooks & Dunn,Ain't Nothing 'Bout You
896,Vince Gill,Don't Let Our Love Start Slippin' Away
896,Kenny Chesney,She Thinks My Tractor's Sexy
896,Tim McGraw,Something Like That
896,Toby Keith,How Do You Like Me Now?!
896,George Strait,Blue Clear Sky
896,Toby Keith,I Wanna Talk About Me
896,George Strait,Troubadour
896,Brad Paisley,We Danced
896,Kenny Chesney,I Go Back
896,George Strait,Give It Away
896,Brad Paisley,She's Everything
896,Shania Twain,Man! I Feel Like A Woman!
896,John Denver,"Take Me Home, Country Roads"
897,Big Sean,I Don't Fuck With You
897,Big Sean,Blessings
897,Big Sean,I Know
897,Eve,Let Me Blow Ya Mind
897,Ludacris,My Chick Bad
897,Nelly,Hot In Herre
897,Nelly,Air Force Ones
897,Nelly,Dilemma
897,ScHoolboy Q,THat Part
898,Arctic Monkeys,Do I Wanna Know?
898,Ratatat,Wildcat
898,Arctic Monkeys,Why'd You Only Call Me When You're High?
898,Arcade Fire,Wake Up
898,Arcade Fire,Rebellion (Lies)
898,DJ Snake,You Know You Like It
898,Modest Mouse,Lampshades on Fire
899,Lukas Graham,7 Years
899,Jason Mraz,Lucky
899,John Mayer,Your Body Is a Wonderland
899,Coldplay,The Scientist
899,John Mayer,Slow Dancing in a Burning Room
899,Adele,When We Were Young
899,Charlie Puth,One Call Away
899,Adele,Make You Feel My Love
899,Ed Sheeran,Perfect
900,Aerosmith,Crazy
901,Phil Wickham,This Is Amazing Grace
901,Chris Tomlin,Good Good Father
902,Jack Johnson,Upside Down
902,Jack Johnson,Banana Pancakes
902,Jack Johnson,Better Together
902,Ella Fitzgerald,Dream A Little Dream Of Me
902,Commodores,Easy
902,John Mayer,Gravity
902,Jack Johnson,I Got You
902,John Mayer,Waiting On the World to Change
902,Maroon 5,She Will Be Loved - Radio Mix
903,Kool & The Gang,Get Down On It - Single Version
903,The Jackson 5,ABC
903,The Jackson 5,I Want You Back
903,ABBA,Dancing Queen
903,Diana Ross,I'm Coming Out
903,Elton John,Don't Go Breaking My Heart
903,Gloria Gaynor,I Will Survive
903,Elton John,Tiny Dancer
903,Marvin Gaye,Ain't No Mountain High Enough
903,Soft Cell,Tainted Love
903,Tears For Fears,Everybody Wants To Rule The World
903,Daryl Hall & John Oates,Rich Girl
903,Ray Charles,Hit the Road Jack
903,Bob Marley & The Wailers,Redemption Song
903,Van Morrison,Brown Eyed Girl
903,Rush,Tom Sawyer
904,Gorillaz,DARE
904,Kool & The Gang,Jungle Boogie
904,Prince,I Wanna Be Your Lover
904,Prince,Kiss
904,Michael Jackson,Rock with You - Single Version
904,Bruno Mars,Treasure
904,Justin Timberlake,Rock Your Body
904,Beyoncé,Love On Top
905,Muse,Madness
905,Jack Johnson,Banana Pancakes
907,Big Sean,I Don't Fuck With You
907,Rae Sremmurd,Throw Sum Mo
907,Jeremih,Birthday Sex
907,Big Sean,Beware
907,YG,Who Do You Love?
907,Big Sean,Bounce Back
907,ScHoolboy Q,Collard Greens
907,Kendrick Lamar,HUMBLE.
907,Mac Miller,Weekend (feat. Miguel)
907,Joey Bada$$,DEVASTATED
907,Post Malone,Congratulations
907,Future,Mask Off
907,Logic,1-800-273-8255
907,Childish Gambino,Redbone
907,Kendrick Lamar,LOVE. FEAT. ZACARI.
907,Playboi Carti,Magnolia
907,Jason Derulo,Swalla (feat. Nicki Minaj & Ty Dolla $ign)
907,blackbear,do re mi
907,Bryson Tiller,Don't
907,Lil Wayne,Lollipop
907,Lil Wayne,A Milli
907,B.o.B,HeadBand (feat. 2 Chainz)
907,Migos,Slippery (feat. Gucci Mane)
907,A$AP Ferg,Plain Jane
908,fun.,Some Nights
908,OneRepublic,Secrets
908,Sean Kingston,Beautiful Girls
908,Owl City,Fireflies
908,Jay Sean,Down
908,Kesha,Die Young
908,Bruno Mars,Just the Way You Are
908,Britney Spears,Oops!...I Did It Again
908,Nicki Minaj,Super Bass
908,Rihanna,Pon de Replay
908,Britney Spears,...Baby One More Time
908,Jason Mraz,I'm Yours
908,Nicki Minaj,Starships
908,Fergie,Fergalicious
908,Maroon 5,She Will Be Loved - Radio Mix
908,Jason Derulo,Whatcha Say
908,M.I.A.,Paper Planes
908,Chris Brown,Forever
908,Kygo,Firestone
908,Kygo,Stole the Show
908,Calvin Harris,My Way
908,Drake,One Dance
908,Jonas Blue,Perfect Strangers
908,Clean Bandit,Rather Be (feat. Jess Glynne)
908,Avril Lavigne,Here's to Never Growing Up
909,Meghan Trainor,Better When I'm Dancin'
909,Meghan Trainor,Dear Future Husband
909,One Direction,Best Song Ever
909,One Direction,Steal My Girl
909,Twenty One Pilots,Stressed Out
910,Kanye West,Father Stretch My Hands Pt. 1
910,Kanye West,Stronger
910,Kanye West,Flashing Lights
910,Kanye West,Homecoming
910,AC/DC,Thunderstruck
910,AC/DC,Highway to Hell
910,AC/DC,Back In Black
910,A$AP Rocky,L$D
910,Kid Cudi,Erase Me - Main
910,Kendrick Lamar,Money Trees
910,ScHoolboy Q,Studio
910,ScHoolboy Q,Man Of The Year
910,ScHoolboy Q,Collard Greens
910,2 Chainz,No Lie
910,J. Cole,Wet Dreamz
910,J. Cole,No Role Modelz
910,J. Cole,Work Out
910,Lil Wayne,A Milli
910,YG,Who Do You Love?
910,YG,My Nigga
910,Vince Staples,Norf Norf
910,Meek Mill,R.I.C.O. (feat. Drake)
910,G-Eazy,Calm Down
911,Owl City,Fireflies
911,Foster The People,Pumped Up Kicks
911,Soulja Boy,Crank That (Soulja Boy)
911,Lady Gaga,Poker Face
911,Taio Cruz,Dynamite
911,Far East Movement,Like A G6
911,Kesha,TiK ToK
911,Miley Cyrus,Party In The U.S.A.
911,Nicki Minaj,Starships
911,Jay Sean,Down
911,Katy Perry,Firework
911,Robin Thicke,Blurred Lines
911,Coldplay,Viva La Vida
911,Carly Rae Jepsen,Call Me Maybe
911,Bastille,Pompeii
912,Ying Yang Twins,Naggin'
912,Missy Elliott,Gossip Folks (feat. Ludacris)
912,Ying Yang Twins,What's Happenin!
912,Soulja Boy,Crank That (Soulja Boy)
912,Destiny's Child,"Jumpin', Jumpin'"
912,Busta Rhymes,Gimme Some More
912,Ludacris,Rollout (My Business)
912,Jeezy,Put On
912,Nelly,Dilemma
912,Sean Paul,Get Busy
912,Ja Rule,Mesmerize
912,Ying Yang Twins,Wait (The Whisper Song)
912,50 Cent,Many Men (Wish Death)
913,Fetty Wap,Trap Queen
913,Rihanna,Needed Me
913,Rae Sremmurd,Come Get Her
913,The Weeknd,The Hills
913,Fetty Wap,My Way (feat. Monty)
913,Shaggy,It Wasn't Me
913,Fetty Wap,679 (feat. Remy Boyz)
913,Nicki Minaj,Only
913,Fetty Wap,Again
913,DJ Snake,Let Me Love You
913,Rae Sremmurd,Black Beatles
913,R. Kelly,Ignition - Remix
913,Calvin Harris,This Is What You Came For
913,The Chainsmokers,Closer
913,Whitney Houston,I Wanna Dance with Somebody (Who Loves Me)
913,T.I.,Whatever You Like
913,Kendrick Lamar,Money Trees
913,Nicki Minaj,Super Bass
913,50 Cent,In Da Club
913,Jeremih,Birthday Sex
913,Flo Rida,My House
913,Snoop Dogg,Drop It Like It's Hot
913,Nelly,The Fix (feat. Jeremih)
913,Disclosure,Latch
913,Nelly,Hot In Herre
913,Eminem,Without Me
913,The Weeknd,Starboy
913,Machine Gun Kelly,Bad Things (with Camila Cabello)
913,50 Cent,Candy Shop
913,Bruno Mars,24K Magic
913,Fetty Wap,RGF Island
913,Rae Sremmurd,No Type
913,J. Cole,Work Out
913,Rae Sremmurd,Black Beatles
913,Big Sean,Bounce Back
913,Drake,One Dance
913,A Boogie Wit da Hoodie,Jungle
913,Skrillex,Purple Lamborghini (with Rick Ross)
913,DMX,Where The Hood At
913,Rick Ross,Stay Schemin
913,50 Cent,21 Questions
913,ZAYN,PILLOWTALK
913,Martin Garrix,Scared to Be Lonely
913,Tech N9ne,Hood Go Crazy
913,Gucci Mane,Both (feat. Drake)
913,Luis Fonsi,Despacito - Remix
913,Martin Garrix,There for You
914,Fetty Wap,679 (feat. Remy Boyz)
914,Phantogram,When I'm Small
914,Phantogram,Don't Move
914,Rihanna,Needed Me
914,Twenty One Pilots,Heathens
914,Khalid,Location
914,Kehlani,Gangsta
914,Lenny Kravitz,American Woman
914,Leon Bridges,River
914,Russ,What They Want
914,The Animals,We Gotta Get Out Of This Place - UK Single Version
915,James Bay,Let It Go
916,Eric Clapton,Wonderful Tonight
916,Eric Clapton,Cocaine
916,Steely Dan,Do It Again
916,Yusuf / Cat Stevens,Wild World
916,Creedence Clearwater Revival,Bad Moon Rising
916,Creedence Clearwater Revival,Fortunate Son
916,Electric Light Orchestra,Mr. Blue Sky
916,Don McLean,American Pie
916,Paul Simon,You Can Call Me Al
916,Creedence Clearwater Revival,Bad Moon Rising
916,Cream,Sunshine Of Your Love
916,Steely Dan,Reelin' In The Years
916,The Who,Eminence Front
916,Bob Dylan,Mr. Tambourine Man
916,Cream,Sunshine Of Your Love
916,Bob Dylan,Like a Rolling Stone
916,Bob Dylan,The Times They Are A-Changin'
916,Eric Clapton,Wonderful Tonight
916,Eric Clapton,Lay Down Sally
916,The Who,Baba O'Riley
916,The Who,Who Are You
916,The Who,Behind Blue Eyes
916,AC/DC,Back In Black
916,AC/DC,Highway to Hell
916,AC/DC,Thunderstruck
916,AC/DC,T.N.T.
916,AC/DC,You Shook Me All Night Long
916,AC/DC,Dirty Deeds Done Dirt Cheap
916,AC/DC,Hells Bells
917,Martin Solveig,Do It Right
917,Jonas Blue,Fast Car
917,Sam Hunt,Make You Miss Me
917,Drake,One Dance
917,Bryson Tiller,Exchange
917,The Chainsmokers,Closer
917,Hailee Steinfeld,Starving
917,ScHoolboy Q,THat Part
918,Pearl Jam,Even Flow
918,Pearl Jam,Alive
918,Pearl Jam,Black
918,Pearl Jam,Jeremy
919,The Verve,The Drugs Don't Work
919,Tom Odell,Another Love
919,The Script,The Man Who Can't Be Moved
919,The Script,Breakeven
919,The National,I Need My Girl
919,Ruth B.,Lost Boy
919,Radiohead,Creep
919,Aphex Twin,Avril 14th
919,The Kooks,Taking Pictures Of You
920,DJ Snake,Middle
920,The Animals,House Of The Rising Sun
920,Galantis,No Money
920,DJ Snake,You Know You Like It
920,Galantis,Peanut Butter Jelly
920,The Chainsmokers,Roses
920,Disclosure,You & Me - Flume Remix
920,Fetty Wap,679 (feat. Remy Boyz)
920,Bon Jovi,Livin' On A Prayer
920,Bon Jovi,You Give Love A Bad Name
920,Bon Jovi,Wanted Dead Or Alive
920,Journey,Don't Stop Believin'
920,Queen,Another One Bites The Dust - Remastered 2011
920,Cyndi Lauper,Girls Just Want to Have Fun
920,Simple Minds,Don't You (Forget About Me)
920,Survivor,Eye of the Tiger
920,Rick Astley,Never Gonna Give You Up
920,Eurythmics,Sweet Dreams (Are Made of This) - Remastered
920,Bon Jovi,You Give Love A Bad Name
920,Smash Mouth,All Star
920,Vengaboys,"Boom, Boom, Boom, Boom!!"
920,Queen,Bohemian Rhapsody - Remastered 2011
920,Lynyrd Skynyrd,Sweet Home Alabama
920,ABBA,Dancing Queen
920,Bill Withers,Lean on Me
920,Kanye West,Gold Digger
920,Gwen Stefani,Rich Girl
920,Kanye West,Stronger
920,Rihanna,Pon de Replay
920,Panic! At The Disco,I Write Sins Not Tragedies
920,Busta Rhymes,Don't Cha
920,Soulja Boy,Crank That (Soulja Boy)
920,Miley Cyrus,Party In The U.S.A.
920,Lukas Graham,Mama Said
920,Carrie Underwood,Before He Cheats
920,Enrique Iglesias,I Like It
920,Nicki Minaj,Super Bass
920,Chuck Berry,Johnny B. Goode
920,Papa Roach,Last Resort
920,3 Doors Down,Kryptonite
920,Amy Winehouse,Rehab
920,Dido,White Flag
920,50 Cent,P.I.M.P.
920,Jimmy Eat World,The Middle
920,Sean Paul,Get Busy
920,Sean Kingston,Beautiful Girls
920,T.I.,Whatever You Like
920,Akon,Don't Matter
920,Eminem,The Real Slim Shady
920,Shaggy,Angel
921,Three Days Grace,Painkiller
921,Three Days Grace,Pain
921,Three Days Grace,Time of Dying
921,Three Days Grace,Break
921,Three Days Grace,Never Too Late
921,Three Days Grace,Riot
921,Three Days Grace,I Hate Everything About You
921,Three Days Grace,Animal I Have Become
921,Rammstein,Du hast
921,Hoobastank,The Reason
921,Rage Against The Machine,Renegades Of Funk
921,Rage Against The Machine,Testify
921,Rage Against The Machine,Killing In The Name
921,Rage Against The Machine,Bulls On Parade
921,Foo Fighters,The Pretender
921,Red Hot Chili Peppers,Can't Stop
921,Thousand Foot Krutch,Move
921,Thousand Foot Krutch,Phenomenon
921,Skillet,Awake and Alive
921,Skillet,Hero
921,Skillet,Monster
921,A Day To Remember,Have Faith In Me
921,3 Doors Down,Loser
921,3 Doors Down,It's Not My Time
921,3 Doors Down,When I'm Gone
921,3 Doors Down,Here Without You
921,3 Doors Down,Kryptonite
921,Queen,Bohemian Rhapsody - Remastered 2011
921,Breaking Benjamin,So Cold - Remix
921,Breaking Benjamin,I Will Not Bow
921,Five Finger Death Punch,Bad Company
921,The Offspring,The Kids Aren't Alright
921,Breaking Benjamin,Breath
921,Hoobastank,Crawling In The Dark
921,Thirty Seconds To Mars,This Is War
921,Bullet For My Valentine,Your Betrayal
921,Disturbed,Indestructible
921,The All-American Rejects,Dirty Little Secret
921,The All-American Rejects,Move Along
921,The All-American Rejects,It Ends Tonight
921,Foo Fighters,The Pretender
921,Breaking Benjamin,Dance With The Devil
921,Foo Fighters,Best of You
921,The Fray,How to Save a Life
922,Nina Simone,My Baby Just Cares for Me - 2013 Remastered Version
922,The Ronettes,Be My Baby
922,Michael Bublé,Everything
922,Mariah Carey,Always Be My Baby
923,Coldplay,Sparks
923,Coldplay,Fix You
923,Angus & Julia Stone,Big Jet Plane
923,Bon Iver,Skinny Love
923,Vance Joy,Fire and the Flood
923,Lily Allen,Somewhere Only We Know
923,M83,Wait
923,Lord Huron,The Night We Met
924,The 1975,Somebody Else
924,Twenty One Pilots,Stressed Out
924,Twenty One Pilots,Ride
924,Twenty One Pilots,Car Radio
924,Arctic Monkeys,Arabella
924,Arctic Monkeys,Why'd You Only Call Me When You're High?
924,MGMT,Electric Feel
924,Arctic Monkeys,I Wanna Be Yours
924,Fall Out Boy,Thnks fr th Mmrs
924,Arctic Monkeys,Do I Wanna Know?
924,Arctic Monkeys,R U Mine?
924,Cage The Elephant,Come a Little Closer
924,Troye Sivan,YOUTH
924,Panic! At The Disco,Victorious
924,Panic! At The Disco,Emperor's New Clothes
924,Arctic Monkeys,Snap Out Of It
924,Arctic Monkeys,Knee Socks
924,alt-J,Breezeblocks
924,alt-J,Left Hand Free
924,alt-J,Tessellate
924,alt-J,Every Other Freckle
924,alt-J,Fitzpleasure
924,Cage The Elephant,Cigarette Daydreams
924,Glass Animals,The Other Side Of Paradise
924,Glass Animals,Youth
924,Glass Animals,Gooey
924,Glass Animals,Life Itself
924,Childish Gambino,Redbone
924,Red Hot Chili Peppers,Californication
924,Rag'n'Bone Man,Human
924,Frank Ocean,Pink + White
924,Frank Ocean,White Ferrari
924,Beach House,Space Song
924,Hozier,Like Real People Do
925,Brad Paisley,I'm Gonna Miss Her
925,Bon Jovi,Wanted Dead Or Alive
925,Queen,Killer Queen - Remastered 2011
925,Kansas,Carry on Wayward Son
925,Aerosmith,Dream On
925,Journey,Don't Stop Believin'
925,Bon Jovi,Livin' On A Prayer
925,Billy Joel,Piano Man
925,Guns N' Roses,Paradise City
925,Survivor,Eye of the Tiger
925,Bon Jovi,You Give Love A Bad Name
925,Aerosmith,Walk This Way
925,KISS,Rock And Roll All Nite
925,Billy Idol,White Wedding - Pt. 1
925,Men At Work,Down Under
925,Michael Jackson,Billie Jean
925,Michael Jackson,Smooth Criminal - 2012 Remaster
925,The Clash,Rock the Casbah - Remastered
925,Don McLean,American Pie
925,Eurythmics,Sweet Dreams (Are Made of This) - Remastered
925,Brooks & Dunn,Boot Scootin' Boogie
925,Brooks & Dunn,My Maria
925,Alabama,I'm in a Hurry (And Don't Know Why)
925,Blake Shelton,Ol' Red
926,Journey,Don't Stop Believin'
926,Journey,Any Way You Want It
926,Kelly Clarkson,Since U Been Gone
926,Madonna,Papa Don't Preach
926,Kelly Clarkson,Stronger (What Doesn't Kill You)
926,Owl City,Good Time
926,Justin Bieber,What Do You Mean?
926,Robin Schulz,Sugar (feat. Francesco Yates)
926,Train,Drive By
926,Gotye,Somebody That I Used To Know
926,Miley Cyrus,Wrecking Ball
926,Lorde,Royals
926,Katy Perry,Last Friday Night (T.G.I.F.)
926,Lady Gaga,Poker Face
926,Bastille,Pompeii
926,Pharrell Williams,"Happy - From ""Despicable Me 2"""
926,Lady Gaga,Bad Romance
926,Justin Timberlake,Mirrors
926,Clean Bandit,Rather Be (feat. Jess Glynne)
926,Meghan Trainor,All About That Bass
926,REO Speedwagon,Can't Fight This Feeling
926,Kansas,Carry on Wayward Son
926,Ace of Base,Don't Turn Around
926,Starship,We Built This City
926,PSY,DADDY
926,AC/DC,Thunderstruck
927,Simon & Garfunkel,Cecilia
927,Neil Diamond,Sweet Caroline
927,ABBA,Dancing Queen
927,ABBA,Mamma Mia
927,The Mamas & The Papas,"Monday, Monday - Single Version"
927,Marvin Gaye,Ain't No Mountain High Enough
927,Creedence Clearwater Revival,Bad Moon Rising
927,Marvin Gaye,I Heard It Through The Grapevine
927,The Temptations,My Girl
927,Elton John,Tiny Dancer
927,The Beatles,Hey Jude - Remastered 2015
927,Elton John,Don't Go Breaking My Heart
927,Queen,Bohemian Rhapsody - Remastered 2011
927,The Jackson 5,I Want You Back
927,The Jackson 5,I'll Be There
927,Elton John,Your Song
927,Queen,Under Pressure - Remastered 2011
927,Bill Withers,Lean on Me
927,The Supremes,You Can't Hurry Love
927,Stevie Wonder,"Signed, Sealed, Delivered (I'm Yours)"
927,Britney Spears,Circus
927,Cher,"Gypsys, Tramps & Thieves"
927,Cher,Believe
927,Cher,The Shoop Shoop Song (It's In His Kiss)
928,Childish Gambino,Redbone
928,PnB Rock,Selfish
928,Russ,"Psycho, Pt. 2"
928,Russ,Losin Control
929,Rae Sremmurd,Throw Sum Mo
929,Big Sean,Blessings
930,Alicia Keys,Un-thinkable (I'm Ready)
930,Alicia Keys,If I Ain't Got You
930,Dwele,Weekend Love
930,Al Green,Simply Beautiful
930,Janet Jackson,"Any Time, Any Place"
930,Kool & The Gang,Summer Madness
930,112,Cupid
930,Miguel,Adorn
930,Janet Jackson,I Get Lonely
931,Kygo,Stole the Show
931,James Bay,Hold Back The River
931,X Ambassadors,Renegades
931,alt-J,Left Hand Free
931,Calvin Harris,Summer
931,Arctic Monkeys,Knee Socks
931,Franz Ferdinand,Take Me Out
931,Arctic Monkeys,Snap Out Of It
931,Glass Animals,Gooey
931,George Ezra,Budapest
931,Foster The People,Call It What You Want
931,Modest Mouse,Lampshades on Fire
931,John Newman,Come And Get It
932,AC/DC,Highway to Hell
932,Radiohead,Creep
932,Imagine Dragons,Demons
932,Twenty One Pilots,Heathens
933,Stevie Wonder,"Signed, Sealed, Delivered (I'm Yours)"
933,Stevie Wonder,For Once In My Life
933,The Kinks,All Day and All of the Night
933,Pharrell Williams,"Happy - From ""Despicable Me 2"""
933,Neil Diamond,Cracklin' Rosie - Single Version
933,Lynyrd Skynyrd,Gimme Three Steps
933,alt-J,Breezeblocks
933,Arcade Fire,Rebellion (Lies)
933,Mumford & Sons,I Will Wait
933,Pixies,Here Comes Your Man
933,Tame Impala,Feels Like We Only Go Backwards
933,fun.,Carry On
933,Kool & The Gang,Celebration
933,Beck,Think I'm In Love
933,Rick Astley,Never Gonna Give You Up
934,John Legend,All of Me
934,Faith Evans,Never Gonna Let You Go
934,Ed Sheeran,Photograph
934,Train,Marry Me
934,Jason Mraz,I Won't Give Up
935,Kid Rock,All Summer Long
935,Pearl Jam,Even Flow
935,Stone Sour,Through Glass
935,Soundgarden,Black Hole Sun
935,Guns N' Roses,Sweet Child O' Mine
935,3 Doors Down,Kryptonite
935,Nickelback,Rockstar
935,Creed,One Last Breath
935,Creed,With Arms Wide Open
935,AC/DC,Highway to Hell
935,Guns N' Roses,Knockin' On Heaven's Door
935,Guns N' Roses,Paradise City
935,Guns N' Roses,Welcome To The Jungle
935,Guns N' Roses,Sweet Child O' Mine
935,3 Doors Down,Here Without You
935,Red Hot Chili Peppers,Californication
935,Foo Fighters,Best of You
935,Aerosmith,Dream On
935,AC/DC,Thunderstruck
935,OneRepublic,Apologize
935,Arctic Monkeys,Do I Wanna Know?
935,X Ambassadors,Jungle
935,Queen,Bohemian Rhapsody - Remastered 2011
935,Red Hot Chili Peppers,Otherside
935,Lenny Kravitz,Are You Gonna Go My Way
935,Pink Floyd,Wish You Were Here
935,Bon Iver,Skinny Love
935,Three Days Grace,Never Too Late
935,Limp Bizkit,Behind Blue Eyes
935,Nirvana,Come As You Are
936,Chris Tomlin,How Great Is Our God
937,Pharrell Williams,"Happy - From ""Despicable Me 2"""
937,Katy Perry,Dark Horse
937,Aloe Blacc,The Man
937,Avicii,Hey Brother
937,OneRepublic,Counting Stars
937,Passenger,Let Her Go
937,John Legend,All of Me
937,Disclosure,Latch
937,Iggy Azalea,Fancy
937,Lorde,Team
937,Jessie J,Bang Bang
937,Nick Jonas,Jealous - Remix
937,Vance Joy,Riptide
937,Ella Henderson,Ghost
938,Seafret,Oceans
938,Glass Animals,Life Itself
938,Glass Animals,Youth
938,Kings of Leon,Find Me
938,The Chainsmokers,Something Just Like This
939,Carla Morrison,Disfruto
939,Carla Morrison,Disfruto
939,The Neighbourhood,Sweater Weather
939,The Chainsmokers,Something Just Like This
939,The Neighbourhood,Daddy Issues
939,Zoé,Arrullo De Estrellas
939,Café Tacvba,Aprovéchate
939,Zoé,Soñé
939,Café Tacvba,Quiero Ver
939,Los Enanitos Verdes,Lamento Boliviano
940,Ed Sheeran,Shape of You
940,Lil Uzi Vert,Erase Your Social
940,Migos,Bad and Boujee (feat. Lil Uzi Vert)
940,Big Sean,Bounce Back
940,NAV,Some Way
940,Julia Michaels,Issues
940,Post Malone,Congratulations
940,Sam Hunt,Body Like A Back Road
940,AJR,Weak
940,Travis Scott,goosebumps
940,Kanye West,Father Stretch My Hands Pt. 1
940,The Chainsmokers,Paris
940,Migos,Slippery (feat. Gucci Mane)
940,PnB Rock,Selfish
940,NAV,Myself
941,ScHoolboy Q,Man Of The Year
941,Lil Uzi Vert,Money Longer
941,Lil Uzi Vert,Erase Your Social
941,Rae Sremmurd,Black Beatles
941,Denzel Curry,Ultimate
941,Migos,Bad and Boujee (feat. Lil Uzi Vert)
941,Jeezy,Seen It All
941,Future,Mask Off
941,Rae Sremmurd,Swang
941,Playboi Carti,Magnolia
941,Vince Staples,Norf Norf
941,Post Malone,Congratulations
941,Kodak Black,Transportin'
942,Blackstreet,No Diggity
942,Boyz II Men,End Of The Road
942,Boyz II Men,I'll Make Love To You
942,Boyz II Men,Motownphilly
942,R. Kelly,Bump n' Grind
942,Ginuwine,Pony
942,Ginuwine,Differences
942,Mase,What You Want (feat. Total)
942,112,Anywhere
942,112,Dance With Me
942,112,U Already Know
942,Joe,I Wanna Know
942,Joe,If I Was Your Man
942,Mario,Just a Friend 2002 - Radio Edit
942,Mario,Let Me Love You
942,Ne-Yo,So Sick
942,Ne-Yo,Because Of You
942,Pitbull,Time of Our Lives
942,Ne-Yo,Miss Independent
942,Usher,U Got It Bad
942,Usher,My Boo
942,Jamie Foxx,Blame It
942,Twista,Slow Jamz
942,Lloyd,You
942,Luther Vandross,Never Too Much
942,Diana Ross,Upside Down
943,Rainbow Kitten Surprise,Devil Like Me
943,Gregory Alan Isakov,Amsterdam
944,Cassie,Me & U
944,The Pussycat Dolls,Buttons
944,The Pussycat Dolls,When I Grow Up
944,Nelly Furtado,Promiscuous
944,Britney Spears,Oops!...I Did It Again
944,Fergie,Fergalicious
944,Busta Rhymes,Don't Cha
944,Destiny's Child,Bootylicious
944,50 Cent,Candy Shop
944,Fergie,London Bridge
944,Cassie,Me & U
945,P!nk,What About Us
945,Charlie Puth,How Long
945,Imagine Dragons,Thunder
945,Niall Horan,Flicker
945,Niall Horan,This Town
945,Sam Smith,Too Good At Goodbyes
946,Lauv,I Like Me Better
946,Madison Beer,Dead
946,Martin Garrix,There for You
946,Lykke Li,I Follow Rivers
946,Lykke Li,Little Bit
946,Dua Lipa,IDGAF
946,Dua Lipa,New Rules
946,Lorde,Perfect Places
946,Lorde,Supercut
946,Lorde,Liability
946,Lorde,Writer In The Dark
946,Billie Eilish,idontwannabeyouanymore
946,Billie Eilish,Bored
946,Louis Tomlinson,Back to You (feat. Bebe Rexha & Digital Farm Animals)
947,Johnny Cash,God's Gonna Cut You Down
947,Glass Animals,Life Itself
947,ScHoolboy Q,Man Of The Year
948,Michael Bublé,Holly Jolly Christmas
949,Flume,Holdin On
949,Ellie Goulding,"Still Falling For You - From ""Bridget Jones's Baby"""
949,Keith Urban,Blue Ain't Your Color
949,Don McLean,American Pie
949,JP Cooper,September Song
949,Elvis Presley,Can't Help Falling in Love
949,Calvin Harris,My Way
949,Chris Stapleton,Fire Away
949,Boston,More Than a Feeling
949,Andy Grammer,Fresh Eyes
949,Little Big Town,Better Man
949,The Weeknd,Starboy
949,X Ambassadors,Unsteady
949,Martin Garrix,In the Name of Love
949,Clean Bandit,Rockabye (feat. Sean Paul & Anne-Marie)
949,Empire of the Sun,High And Low
949,Twenty One Pilots,Heavydirtysoul
949,Rae Sremmurd,Black Beatles
950,Calvin Harris,This Is What You Came For
950,The Chainsmokers,Don't Let Me Down
950,Mike Posner,I Took A Pill In Ibiza - Seeb Remix
950,Zara Larsson,Lush Life
950,Jonas Blue,Fast Car
950,Sia,Cheap Thrills
950,Twenty One Pilots,Heathens
950,MØ,Final Song
950,Meghan Trainor,Me Too
950,Alessia Cara,Wild Things
950,MØ,Kamikaze
950,The Chainsmokers,Closer
950,DJ Snake,Let Me Love You
950,Martin Garrix,In the Name of Love
951,Lindsey Stirling,Crystallize
952,Rae Sremmurd,Throw Sum Mo
952,Rae Sremmurd,No Type
953,Jack Johnson,Banana Pancakes
953,Jack Johnson,Better Together
953,Jack Johnson,"Sitting, Waiting, Wishing"
953,Jack Johnson,Upside Down
953,Jack Johnson,I Got You
953,Michael Bublé,Feeling Good
953,Maroon 5,This Love
953,Van Morrison,Brown Eyed Girl
953,The Goo Goo Dolls,Iris
953,John Mayer,Waiting On the World to Change
953,Coldplay,Yellow
953,Jason Mraz,I'm Yours
953,Sam Smith,I'm Not The Only One
953,Aloe Blacc,The Man
953,Sub Focus,Tidal Wave
953,Red Hot Chili Peppers,Scar Tissue
953,Maroon 5,Maps
953,Frank Ocean,Thinkin Bout You
953,Coldplay,Paradise
953,Dido,White Flag
953,John Legend,All of Me
953,Sam Smith,Stay With Me
953,Sam Smith,Like I Can
953,Of Monsters and Men,Little Talks
953,Weezer,Island In The Sun
953,alt-J,Breezeblocks
953,Vance Joy,Riptide
953,Hozier,Work Song
953,Colbie Caillat,Realize
953,Amy Winehouse,"Valerie - Live At BBC Radio 1 Live Lounge, London / 2007"
953,Shawn Mendes,Stitches
953,Leon Bridges,Coming Home
954,Blake Shelton,Sangria
954,Blake Shelton,Boys 'Round Here (feat. Pistol Annies & Friends)
954,Blake Shelton,Ol' Red
954,Dierks Bentley,Drunk On A Plane
954,Tim McGraw,Live Like You Were Dying
954,Lee Brice,I Don't Dance
954,Darius Rucker,Wagon Wheel
954,Billy Currington,Good Directions
954,Zac Brown Band,Knee Deep (feat. Jimmy Buffett)
954,Zac Brown Band,Chicken Fried
954,Florida Georgia Line,This Is How We Roll
954,Luke Bryan,Play It Again
954,Florida Georgia Line,Cruise
954,Brantley Gilbert,Country Must Be Country Wide
954,Sam Hunt,House Party
955,Josh Turner,Long Black Train
955,Shania Twain,That Don't Impress Me Much
955,Shania Twain,Any Man Of Mine
955,Shania Twain,"Honey, I'm Home"
955,George Strait,Amarillo By Morning
955,George Strait,Carrying Your Love With Me
955,George Strait,Check Yes Or No
955,George Strait,Troubadour
955,Rascal Flatts,I Won't Let Go
955,Eric Church,Drink In My Hand
955,Eric Church,Springsteen
955,Eric Church,Talladega
955,Alan Jackson,Drive (For Daddy Gene)
955,Billy Currington,People Are Crazy
955,Billy Currington,Good Directions
955,Brad Paisley,Mud on the Tires
955,Keith Urban,Somebody Like You
955,Keith Urban,Long Hot Summer
955,Luke Bryan,Country Girl (Shake It For Me)
955,Luke Bryan,Drunk On You
955,Luke Bryan,Play It Again
955,Florida Georgia Line,Round Here
955,Florida Georgia Line,Cruise
955,Miranda Lambert,Automatic
955,Thomas Rhett,Make Me Wanna
955,Chris Young,Gettin' You Home
955,Chris Young,Aw Naw
955,Lee Brice,Hard To Love
955,Sam Hunt,House Party
955,Sam Hunt,Break Up In A Small Town
955,Sam Hunt,Break Up In A Small Town
955,"Hank Williams, Jr.",A Country Boy Can Survive
955,Kenny Chesney,She's Got It All
955,Kenny Chesney,She Thinks My Tractor's Sexy
955,Kenny Chesney,I Go Back
955,Kenny Chesney,When the Sun Goes Down
955,Brad Paisley,I'm Gonna Miss Her
955,John Denver,"Take Me Home, Country Roads"
955,John Denver,Thank God I'm a Country Boy
955,Chris Young,I'm Comin' Over
955,Luke Bryan,Kick The Dust Up
956,Hans Zimmer,Cornfield Chase
956,Hans Zimmer,Mountains
956,Hans Zimmer,S.T.A.Y.
957,Selena Gomez & The Scene,Round & Round
957,Selena Gomez & The Scene,A Year Without Rain
957,Jonas Brothers,Burnin' Up
957,Selena Gomez & The Scene,Naturally
958,alt-J,Breezeblocks
958,MGMT,Electric Feel
958,The Kooks,Bad Habit
958,Drake,One Dance
959,Nicki Minaj,Only
959,Kendrick Lamar,HUMBLE.
959,PnB Rock,Selfish
959,Khalid,Young Dumb & Broke
959,Lil Uzi Vert,Money Longer
959,blackbear,do re mi
959,XXXTENTACION,Look At Me!
959,Big Sean,Bounce Back
959,Rae Sremmurd,Black Beatles
962,Luke Bryan,Country Girl (Shake It For Me)
962,Josh Turner,Time Is Love
962,Luke Bryan,Drunk On You
962,Eric Church,Springsteen
962,Brantley Gilbert,You Don't Know Her Like I Do
962,Dierks Bentley,5-1-5-0
962,Florida Georgia Line,Cruise
962,Keith Urban,Long Hot Summer
962,Josh Turner,Long Black Train
962,Brantley Gilbert,Kick It In The Sticks
962,Blake Shelton,Honey Bee
962,Travis Tritt,It's A Great Day To Be Alive
962,Brantley Gilbert,You Don't Know Her Like I Do
962,Brantley Gilbert,Country Must Be Country Wide
962,Blake Shelton,Ol' Red
962,Florida Georgia Line,Round Here
962,Blake Shelton,Boys 'Round Here (feat. Pistol Annies & Friends)
962,Florida Georgia Line,Round Here
962,Zac Brown Band,As She's Walking Away (feat. Alan Jackson)
962,Luke Bryan,That's My Kind Of Night
962,Florida Georgia Line,This Is How We Roll
962,Luke Bryan,Play It Again
962,Jason Aldean,Burnin' It Down
962,Kenny Chesney,American Kids
962,Florida Georgia Line,Anything Goes
962,Florida Georgia Line,Anything Goes
962,Thomas Rhett,Die A Happy Man
963,TheFatRat,Xenogenesis
963,TheFatRat,Unity
964,Post Malone,Congratulations
964,Fetty Wap,My Way (feat. Monty)
964,Big Sean,Bounce Back
964,Travis Scott,goosebumps
964,Joey Bada$$,DEVASTATED
964,Kid Cudi,Erase Me - Main
964,Kendrick Lamar,HUMBLE.
964,Bruno Mars,That's What I Like
964,Logic,Everybody
964,J. Cole,No Role Modelz
964,Kendrick Lamar,Alright
964,Big Sean,Blessings
964,AJR,Weak
964,Jay Rock,Hood Gone Love It (feat. Kendrick Lamar)
964,Kanye West,Heartless
964,Sia,Cheap Thrills
964,Rihanna,Needed Me
964,Twenty One Pilots,Stressed Out
964,G-Eazy,"Me, Myself & I"
964,CeeLo Green,Fuck You
964,Fetty Wap,Again
964,Fetty Wap,Trap Queen
964,Kanye West,Gold Digger
964,Lupe Fiasco,The Show Goes On
964,Flo Rida,My House
964,Twenty One Pilots,Ride
964,Logic,1-800-273-8255
964,A Boogie Wit da Hoodie,Drowning (feat. Kodak Black)
964,Khalid,Location
964,Kendrick Lamar,LOVE. FEAT. ZACARI.
964,Khalid,Young Dumb & Broke
964,Lil Uzi Vert,The Way Life Goes (feat. Oh Wonder)
964,blackbear,do re mi
964,Kevin Gates,2 Phones
964,Skrillex,HUMBLE. - SKRILLEX REMIX
964,Post Malone,I Fall Apart
964,Demi Lovato,Sorry Not Sorry
964,French Montana,Unforgettable
964,Halsey,Bad At Love
965,Rae Sremmurd,Black Beatles
965,Lil Uzi Vert,Money Longer
965,A$AP Rocky,L$D
965,Lil Uzi Vert,Erase Your Social
965,ScHoolboy Q,THat Part
965,Chief Keef,Faneto
965,Big Sean,Bounce Back
965,Travis Scott,goosebumps
965,Migos,Bad and Boujee (feat. Lil Uzi Vert)
966,James Arthur,Say You Won't Let Go
967,Ha*Ash,Ex de Verdad - HA-ASH Primera Fila - Hecho Realidad [En Vivo]
968,Avenged Sevenfold,Shepherd of Fire
968,Avenged Sevenfold,Nightmare
968,Avenged Sevenfold,Hail to the King
968,Seether,Fake It
968,Seether,Country Song
968,Seether,Remedy
968,Rise Against,Savior
968,Rob Zombie,Dragula
968,Rob Zombie,Living Dead Girl
968,Linkin Park,Numb
968,Dierks Bentley,Drunk On A Plane
968,Luke Bryan,Country Girl (Shake It For Me)
968,Luke Bryan,Kick The Dust Up
968,Three Days Grace,I Hate Everything About You
968,Three Days Grace,Animal I Have Become
968,Five Finger Death Punch,Bad Company
968,Lifehouse,Between The Raindrops
968,Avenged Sevenfold,Bat Country
968,Dierks Bentley,5-1-5-0
968,Dierks Bentley,Somewhere On A Beach
968,Skillet,Monster
968,Thomas Rhett,Make Me Wanna
968,Hollywood Undead,Undead
968,Hollywood Undead,Everywhere I Go
968,Hollywood Undead,Day Of The Dead
968,Hollywood Undead,Bullet
968,Skillet,Comatose
968,Korn,Coming Undone
968,Skillet,Hero
968,Dierks Bentley,I Hold On
968,The All-American Rejects,Move Along
968,Godsmack,Voodoo
968,Skillet,Feel Invincible
968,Theory of a Deadman,Bitch Came Back
968,Theory of a Deadman,Bad Girlfriend
968,Hollywood Undead,Comin’ In Hot
968,Zac Brown Band,Homegrown
968,Shinedown,Second Chance
968,Kenny Chesney,American Kids
968,Toby Keith,Red Solo Cup
968,Toby Keith,Beer For My Horses
968,Toby Keith,As Good As I Once Was
968,Zac Brown Band,Loving You Easy
968,Florida Georgia Line,May We All
968,Carrie Underwood,Blown Away
968,Jon Pardi,Dirt On My Boots
968,Dierks Bentley,What Was I Thinkin'
968,Zac Brown Band,Knee Deep (feat. Jimmy Buffett)
968,Blake Shelton,Ol' Red
968,Volbeat,For Evigt
968,Volbeat,The Devil's Bleeding Crown
968,Five Finger Death Punch,Jekyll and Hyde
968,Eric Church,Drink In My Hand
968,Avenged Sevenfold,Afterlife
968,Scorpions,No One Like You
968,Keith Urban,Somebody Like You
968,Tim McGraw,Where The Green Grass Grows
968,Rascal Flatts,I Like The Sound Of That
968,Brantley Gilbert,The Weekend
968,Three Days Grace,I Am Machine
968,Three Days Grace,Riot
968,Scorpions,Rock You Like A Hurricane
968,Chris Young,Aw Naw
968,Zac Brown Band,As She's Walking Away (feat. Alan Jackson)
968,Toby Keith,"Courtesy Of The Red, White And Blue (The Angry American)"
968,Three Days Grace,Break
968,Billy Currington,People Are Crazy
968,Three Days Grace,Never Too Late
968,Linkin Park,What I've Done
968,Linkin Park,BURN IT DOWN
968,Linkin Park,Bleed It Out
968,3 Doors Down,It's Not My Time
968,Thousand Foot Krutch,Let the Sparks Fly
968,Theory of a Deadman,Angel
968,Dropkick Murphys,Rose Tattoo
968,Eric Clapton,Cocaine
969,Jimi Hendrix,Foxey Lady
969,No Doubt,Bathwater
969,Pixies,Hey
969,Al Green,Let's Stay Together
969,Al Green,Love and Happiness
969,Childish Gambino,Redbone
969,Daft Punk,Digital Love
969,Ms. Lauryn Hill,Doo Wop (That Thing)
970,Calvin Harris,Summer
970,Coldplay,A Sky Full of Stars
970,Lana Del Rey,Young And Beautiful
970,Kodaline,All I Want
970,M83,Wait
970,alt-J,Tessellate
970,The Black Keys,Fever
970,Clean Bandit,Rather Be (feat. Jess Glynne)
970,X Ambassadors,Jungle
970,Empire of the Sun,Walking On A Dream
970,Empire of the Sun,Alive
971,Big Sean,Bounce Back
971,Migos,Bad and Boujee (feat. Lil Uzi Vert)
971,Drake,One Dance
971,Rae Sremmurd,Swang
971,PnB Rock,Selfish
971,Rae Sremmurd,Black Beatles
971,Rae Sremmurd,This Could Be Us
971,Kevin Gates,2 Phones
971,Rihanna,Needed Me
971,Lil Uzi Vert,Erase Your Social
971,A Boogie Wit da Hoodie,My Shit
971,XXXTENTACION,Look At Me!
971,Playboi Carti,Magnolia
971,Migos,Slippery (feat. Gucci Mane)
971,Lil Uzi Vert,The Way Life Goes (feat. Oh Wonder)
971,Lil Uzi Vert,Money Longer
971,Migos,Slippery (feat. Gucci Mane)
971,Migos,Slippery (feat. Gucci Mane)
972,Janet Jackson,That's The Way Love Goes
972,Usher,U Got It Bad
972,Robin Thicke,Sex Therapy
972,Joe,All The Things (Your Man Won't Do)
972,Toni Braxton,You're Makin' Me High
972,Ashanti,Foolish
972,Method Man,I'll Be There For You/You're All I Need To Get By - Puff Daddy Mix
972,Taio Cruz,She's Like A Star
972,Keyshia Cole,Heaven Sent
972,Rick Ross,Aston Martin Music
972,Ne-Yo,Sexy Love
972,Marvin Gaye,You're All I Need To Get By
972,Janet Jackson,Again
972,TLC,Red Light Special
972,Janet Jackson,I Get Lonely
972,Mariah Carey,We Belong Together
972,Warren G,This D.J.
972,Ne-Yo,Sexy Love
972,Janet Jackson,"Any Time, Any Place"
972,Ciara,Body Party
973,Childish Gambino,Redbone
973,KAYTRANADA,YOU'RE THE ONE
974,Lupe Fiasco,The Show Goes On
974,Alesso,Heroes (we could be)
974,Avicii,The Nights
974,Don Omar,Danza Kuduro
974,Afrojack,Ten Feet Tall
974,Fall Out Boy,Centuries
974,The Game,Red Nation
974,Tove Lo,Talking Body
974,DJ Snake,You Know You Like It
974,Avicii,Levels - Radio Edit
974,Skrillex,Bangarang (feat. Sirah)
974,Zedd,I Want You To Know
974,Zedd,Clarity
974,Kygo,Firestone
974,Armin van Buuren,This Is What It Feels Like
974,Calvin Harris,Feel So Close - Radio Edit
974,Disclosure,Latch
974,Fetty Wap,Trap Queen
974,Kid Cudi,Erase Me - Main
974,Kid Cudi,Mr. Rager
974,Kid Cudi,Day 'N' Nite (nightmare)
974,Wiz Khalifa,No Sleep
974,N.W.A.,Fuck Tha Police
974,N.W.A.,Straight Outta Compton
974,Zedd,Beautiful Now
975,Bryson Tiller,Don't
975,Bryson Tiller,Exchange
975,Big Sean,I Know
975,Drake,One Dance
975,Kid Cudi,Day 'N' Nite (nightmare)
977,Nick Jonas,Close
977,Fat Joe,All The Way Up (Remix)
977,Luke Bryan,Kick The Dust Up
977,Calvin Harris,This Is What You Came For
977,Drake,One Dance
977,Shawn Mendes,Treat You Better
977,MØ,Final Song
977,Alan Walker,Faded
977,Tech N9ne,Hood Go Crazy
977,Galantis,No Money
977,Sia,Cheap Thrills
977,The Chainsmokers,Don't Let Me Down
977,Rihanna,Needed Me
977,G-Eazy,Calm Down
977,Jonas Blue,Perfect Strangers
977,Meghan Trainor,Me Too
977,Zac Brown Band,Loving You Easy
977,Zac Brown Band,Chicken Fried
977,Brantley Gilbert,Bottoms Up
977,Twenty One Pilots,Heavydirtysoul
977,Charlie Puth,We Don't Talk Anymore (feat. Selena Gomez)
977,Twenty One Pilots,Heathens
977,J. Cole,No Role Modelz
977,PARTYNEXTDOOR,Come and See Me (feat. Drake)
977,Melanie Martinez,Pity Party
977,J. Cole,Work Out
977,Thomas Rhett,Die A Happy Man
977,Carrie Underwood,Church Bells
977,Chris Stapleton,Tennessee Whiskey
977,Don Omar,Danza Kuduro
977,Florida Georgia Line,H.O.L.Y.
978,Sean Paul,Get Busy
978,Sean Paul,Temperature
978,Vybz Kartel,Summer Tiime
978,Vybz Kartel,Yuh Love
978,Vybz Kartel,Clarks
978,Vybz Kartel,Fever
978,Vybz Kartel,Yuh Love
978,Vybz Kartel,Clarks
978,Konshens,Bruk Off Yuh Back
979,LMFAO,Party Rock Anthem
979,LMFAO,Sexy And I Know It
979,Eric Church,Drink In My Hand
979,Katy Perry,The One That Got Away
979,Avicii,Levels - Radio Edit
979,Nicki Minaj,Starships
979,Carly Rae Jepsen,Call Me Maybe
979,Adele,Set Fire to the Rain
979,Florida Georgia Line,Cruise
979,Bryan Adams,Heaven
979,Alan Jackson,Little Bitty
979,Flo Rida,Wild Ones (feat. Sia)
979,Brantley Gilbert,Kick It In The Sticks
979,Limp Bizkit,Nookie
979,Luke Bryan,Kiss Tomorrow Goodbye
979,Kacey Musgraves,Merry Go 'Round
979,Miranda Lambert,Mama's Broken Heart
979,Macklemore & Ryan Lewis,Thrift Shop (feat. Wanz)
979,Demi Lovato,Heart Attack
979,Imagine Dragons,Radioactive
979,Katy Perry,Firework
979,Florida Georgia Line,Round Here
979,Luke Bryan,That's My Kind Of Night
979,Miley Cyrus,Wrecking Ball
979,Katy Perry,Roar
979,Lorde,Royals
979,Avicii,Hey Brother
979,Kacey Musgraves,Follow Your Arrow
979,Katy Perry,Dark Horse
979,Bastille,Pompeii
979,One Direction,Story of My Life
979,Avicii,Addicted To You
979,Florida Georgia Line,This Is How We Roll
979,Miranda Lambert,Automatic
979,Dierks Bentley,I Hold On
979,Luke Bryan,Play It Again
979,Aloe Blacc,The Man
979,Calvin Harris,Summer
979,Iggy Azalea,Fancy
979,5 Seconds of Summer,She Looks So Perfect
979,Dierks Bentley,Drunk On A Plane
979,Kenny Chesney,American Kids
979,Meghan Trainor,All About That Bass
979,Little Big Town,Day Drinking
979,Kenny Rogers,The Gambler
979,Tove Lo,Habits (Stay High)
979,Randy Travis,Diggin' Up Bones
979,Fall Out Boy,Centuries
979,Meghan Trainor,Lips Are Movin
979,James Newton Howard,The Hanging Tree
979,Alesso,Heroes (we could be)
979,Andy Grammer,"Honey, I'm Good."
979,Ella Henderson,Ghost
979,Zac Brown Band,Homegrown
979,Zedd,I Want You To Know
979,WALK THE MOON,Shut Up and Dance
979,Pitbull,Time of Our Lives
979,Jason Derulo,Want to Want Me
979,Fifth Harmony,Worth It
979,Sam Hunt,House Party
979,Tove Lo,Talking Body
979,Demi Lovato,Cool for the Summer
979,Dierks Bentley,Somewhere On A Beach
980,Rae Sremmurd,Throw Sum Mo
980,Fetty Wap,679 (feat. Remy Boyz)
980,Big Sean,I Know
980,Tech N9ne,Hood Go Crazy
980,Big Sean,I Don't Fuck With You
980,Big Sean,Beware
980,Rae Sremmurd,No Type
980,Fetty Wap,Again
980,Nicki Minaj,Only
980,Big Sean,Blessings
980,YG,My Nigga
980,Drake,One Dance
980,G-Eazy,Calm Down
980,Drake,One Dance
980,Jeremih,oui
980,Rihanna,Needed Me
980,Iggy Azalea,Team
980,Far East Movement,The Illest
980,Russ,What They Want
980,Chevelle,Face to the Floor
980,Fetty Wap,Trap Queen
980,Rae Sremmurd,Come Get Her
980,The Weeknd,Starboy
980,Rae Sremmurd,Black Beatles
980,Big Sean,Bounce Back
980,Korn,Freak On a Leash
980,Pantera,Walk
980,Childish Gambino,Bonfire
980,Kevin Gates,Really Really
980,ScHoolboy Q,THat Part
980,Tech N9ne,Erbody But Me
980,Migos,Slippery (feat. Gucci Mane)
980,Post Malone,Congratulations
980,Rae Sremmurd,Swang
980,Future,Mask Off
980,Khalid,Location
980,Travis Scott,goosebumps
980,Kendrick Lamar,HUMBLE.
980,Jason Derulo,Swalla (feat. Nicki Minaj & Ty Dolla $ign)
980,blackbear,do re mi
980,Childish Gambino,Redbone
980,A Boogie Wit da Hoodie,Drowning (feat. Kodak Black)
980,Shaggy,It Wasn't Me
980,Luis Fonsi,Despacito - Remix
980,Kendrick Lamar,LOVE. FEAT. ZACARI.
980,Joey Bada$$,DEVASTATED
980,6LACK,PRBLMS
980,2Pac,Ambitionz Az A Ridah
980,Playboi Carti,Magnolia
980,Limp Bizkit,Break Stuff
980,Too $hort,Blow the Whistle
980,Rage Against The Machine,Killing In The Name
980,Limp Bizkit,Take A Look Around
980,J. Cole,No Role Modelz
980,Disturbed,Indestructible
981,The Lumineers,Ophelia
981,Birdy,Skinny Love
981,Vance Joy,Mess Is Mine
981,Little Big Town,Better Man
982,Fetty Wap,Trap Queen
982,The Weeknd,The Hills
982,Fetty Wap,My Way (feat. Monty)
982,Soulja Boy,Turn My Swag On
982,Yo Gotti,Down In the DM
982,Florida Georgia Line,Cruise
982,AC/DC,It's a Long Way to the Top (If You Wanna Rock 'N' Roll)
982,Boyz II Men,End Of The Road
982,2Pac,Ambitionz Az A Ridah
983,2Pac,Ambitionz Az A Ridah
983,2Pac,Can't C Me
983,2Pac,Do For Love
983,2Pac,Dear Mama
983,2Pac,Keep Ya Head Up
984,Rae Sremmurd,This Could Be Us
984,The Game,Ali Bomaye
984,DJ Khaled,I'm On One
984,Skrillex,Bangarang (feat. Sirah)
984,Fetty Wap,RGF Island
984,Kendrick Lamar,Money Trees
984,2 Chainz,We Own It (Fast & Furious)
984,Kanye West,Father Stretch My Hands Pt. 1
984,Post Malone,Congratulations
984,NAV,Some Way
984,Lil Uzi Vert,Money Longer
984,Big Sean,Bounce Back
984,Rae Sremmurd,Swang
984,Bruno Mars,That's What I Like
984,DJ Drama,"My Moment (feat. 2 Chainz, Meek Mill and Jeremih)"
984,Future,Mask Off
984,Kendrick Lamar,HUMBLE.
984,Lil Wayne,Love Me
984,Lil Wayne,6 Foot 7 Foot
984,Lil Wayne,Mirror
984,Lil Wayne,Right Above It
984,Childish Gambino,Heartbeat
984,Childish Gambino,Bonfire
984,G-Eazy,No Limit
984,A$AP Ferg,Plain Jane
985,Alessia Cara,Here
985,The Weeknd,The Hills
985,Meek Mill,R.I.C.O. (feat. Drake)
985,Fetty Wap,My Way (feat. Monty)
985,Jeremih,Don't Tell 'Em
985,Iggy Azalea,Black Widow
985,Big Sean,Blessings
985,Jeremih,Planez
985,2 Chainz,No Lie
985,Nicki Minaj,Only
985,Lil Wayne,Love Me
985,Ne-Yo,She Knows
985,PARTYNEXTDOOR,Recognize (feat. Drake)
986,Clean Bandit,Rather Be (feat. Jess Glynne)
986,Disclosure,Latch
986,Vance Joy,Riptide
986,Sia,Chandelier
986,Arctic Monkeys,Do I Wanna Know?
986,Milky Chance,Stolen Dance
986,Afrojack,Ten Feet Tall
986,Stromae,Formidable
986,Tove Lo,Habits (Stay High) - Hippie Sabotage Remix
986,Tove Lo,Habits (Stay High) - Hippie Sabotage Remix
986,Arctic Monkeys,Why'd You Only Call Me When You're High?
986,Becky G,Shower
986,Bastille,Of The Night
986,alt-J,Breezeblocks
987,All Time Low,"Dear Maria, Count Me In"
987,Jimmy Eat World,The Middle
987,Jimmy Eat World,Pain
987,Jimmy Eat World,Bleed American
987,blink-182,All The Small Things
987,blink-182,What's My Age Again?
987,blink-182,I Miss You
987,blink-182,First Date
987,blink-182,Adam's Song
987,blink-182,Feeling This
987,blink-182,I Miss You
987,Good Charlotte,The Anthem
987,Good Charlotte,Lifestyles of the Rich & Famous
987,Good Charlotte,Girls & Boys
987,Simple Plan,Perfect
987,Simple Plan,I'd Do Anything
987,Paramore,Misery Business
987,Avril Lavigne,Complicated
987,Avril Lavigne,Sk8er Boi
987,Avril Lavigne,Here's to Never Growing Up
987,Avril Lavigne,My Happy Ending
987,Avril Lavigne,I'm with You
988,Twenty One Pilots,Ride
988,DJ Snake,Middle
988,Zara Larsson,Lush Life
988,The Chainsmokers,Don't Let Me Down
989,Chris Isaak,Wicked Game
989,John Legend,All of Me
989,Savage Garden,Truly Madly Deeply
989,Billy Currington,Must Be Doin' Somethin' Right
989,Hozier,Cherry Wine - Live
989,112,Cupid
989,Bryan Adams,Heaven
989,Lee Brice,Love Like Crazy
989,Jason Mraz,I Won't Give Up
989,Jason Mraz,Lucky
989,Thomas Rhett,Die A Happy Man
989,James Arthur,Say You Won't Let Go
989,James Brown,Try Me
989,Brett Young,In Case You Didn't Know
989,Brett Eldredge,Wanna Be That Song
990,R. Kelly,Ignition - Remix
990,TLC,Creep
990,Playboi Carti,Magnolia
990,Cassie,Me & U
990,Ludacris,What's Your Fantasy (Featuring Shawna)
990,Kanye West,Gold Digger
990,Jeezy,Soul Survivor
990,Sean Kingston,Beautiful Girls
990,Ying Yang Twins,Salt Shaker
990,Backstreet Boys,I Want It That Way
990,TLC,No Scrubs
990,Shaggy,It Wasn't Me
990,Destiny's Child,Say My Name
990,Will Smith,Gettin' Jiggy Wit It
990,*NSYNC,Bye Bye Bye
990,Ace of Base,The Sign
990,Shania Twain,Man! I Feel Like A Woman!
990,The Offspring,Pretty Fly (For A White Guy)
990,Britney Spears,...Baby One More Time
990,Drake,One Dance
990,Kendrick Lamar,HUMBLE.
990,Usher,U Remind Me
990,Fabolous,Make Me Better
990,Ja Rule,Put It On Me
990,Craig David,7 Days
990,Mariah Carey,We Belong Together
990,Ja Rule,Put It On Me
990,Mariah Carey,Always Be My Baby
990,Whitney Houston,I Wanna Dance with Somebody (Who Loves Me)
990,Twista,Slow Jamz (feat. Kanye West & Jamie Foxx)
990,Paramore,Misery Business
990,Britney Spears,Gimme More
991,Childish Gambino,Redbone
991,Ed Sheeran,Shape of You
991,Imagine Dragons,Believer
991,Anderson .Paak,Come Down
991,Bruno Mars,That's What I Like
992,Jamie Foxx,Blame It
992,Snoop Dogg,Beautiful
992,Twista,Overnight Celebrity
992,Twista,Slow Jamz (feat. Kanye West & Jamie Foxx)
992,Usher,My Boo
992,Jadakiss,U Make Me Wanna
992,Ludacris,What's Your Fantasy (Featuring Shawna)
992,Usher,U Got It Bad
992,Nelly,Dilemma
992,Ja Rule,Always On Time
992,Mario,Let Me Love You
992,Lloyd,You
992,T.I.,Whatever You Like
992,Jeremih,Birthday Sex
992,Diddy,Last Night (feat. Keyshia Cole)
992,Ne-Yo,So Sick
992,R. Kelly,Ignition - Remix
992,Shaggy,It Wasn't Me
992,Frank Ocean,Thinkin Bout You
992,R. Kelly,I Believe I Can Fly
992,Boyz II Men,I'll Make Love To You
992,R. Kelly,Bump n' Grind
992,Nelly,The Fix (feat. Jeremih)
992,50 Cent,Best Friend - Remix
992,50 Cent,21 Questions
992,Timbaland,Apologize
992,Nelly,Dilemma
992,Shaggy,Angel
992,Chris Brown,With You
992,Ginuwine,Pony
992,Jamie Foxx,Blame It
992,Enrique Iglesias,Hero
992,Ja Rule,Down A** B**ch
992,Ja Rule,Put It On Me
992,T.I.,Whatever You Like
992,Jeremih,oui
992,PARTYNEXTDOOR,Come and See Me (feat. Drake)
992,Bryson Tiller,Exchange
992,Jeremih,Love Don't Change
992,Jeremih,Love Don't Change
992,Soulja Boy,Kiss Me Thru The Phone
992,Fabolous,Throw It In The Bag
992,Miguel,Adorn
992,Childish Gambino,Redbone
992,Khalid,Young Dumb & Broke
992,PARTYNEXTDOOR,Come and See Me (feat. Drake)
992,PARTYNEXTDOOR,Recognize (feat. Drake)
992,Chris Brown,With You
993,Marshmello,Silence
993,ODESZA,Across The Room (feat. Leon Bridges)
993,Angus & Julia Stone,Big Jet Plane
993,Mac Miller,Weekend (feat. Miguel)
993,Mac Miller,My Favorite Part
994,Phantogram,When I'm Small
994,Childish Gambino,Bonfire
995,TLC,No Scrubs
995,TLC,Waterfalls
995,Nirvana,Smells Like Teen Spirit
995,Electric Light Orchestra,Mr. Blue Sky
995,Marvin Gaye,Ain't No Mountain High Enough
995,The Jackson 5,I Want You Back
995,Elton John,Don't Go Breaking My Heart
995,The Jackson 5,ABC
995,Neil Diamond,Sweet Caroline
995,Gloria Gaynor,I Will Survive
995,The Beatles,Hey Jude - Remastered 2015
995,Bob Dylan,Like a Rolling Stone
995,Pink Floyd,"Another Brick in the Wall, Pt. 2"
995,Boston,More Than a Feeling
995,Lenny Kravitz,Are You Gonna Go My Way
996,PARTYNEXTDOOR,Come and See Me (feat. Drake)
996,Rae Sremmurd,This Could Be Us
996,Kehlani,Gangsta
996,Martin Garrix,In the Name of Love
996,Bill Withers,Ain't No Sunshine
996,Big Sean,I Know
997,Wiz Khalifa,No Sleep
997,Lil Wayne,6 Foot 7 Foot
997,MGMT,Kids
997,Flo Rida,Whistle
997,Yelawolf,Daddy's Lambo
997,J. Cole,Work Out
997,Macklemore & Ryan Lewis,Thrift Shop (feat. Wanz)
997,2 Chainz,No Lie
997,2 Chainz,No Lie
997,Tech N9ne,Am I A Psycho
997,Lil Wayne,Love Me
997,Robin Thicke,Blurred Lines
997,D12,Fight Music
997,Dr. Dre,The Next Episode
997,Jeremih,Birthday Sex
997,Ice Cube,It Was A Good Day
997,B.o.B,HeadBand (feat. 2 Chainz)
997,Katy Perry,Dark Horse
997,YG,My Nigga
997,DJ Snake,Turn Down for What
997,Dr. Dre,The Next Episode
997,Dr. Dre,Forgot About Dre
997,Iggy Azalea,Fancy
998,Carrie Underwood,Blown Away
998,Rascal Flatts,My Wish
998,Rascal Flatts,Bless The Broken Road
998,Rascal Flatts,I Won't Let Go
998,Sam Hunt,Take Your Time
998,Little Big Town,Girl Crush
998,Tim McGraw,Live Like You Were Dying
998,Tim McGraw,Highway Don't Care
998,Eric Church,Like A Wrecking Ball
998,Chris Young,I'm Comin' Over
998,Chris Young,Who I Am With You
998,Blake Shelton,Honey Bee
998,Rascal Flatts,What Hurts The Most
998,Miranda Lambert,The House That Built Me
998,Miranda Lambert,Mama's Broken Heart
998,Josh Turner,Your Man
998,Zac Brown Band,Chicken Fried
998,Brad Paisley,Then
998,Toby Keith,As Good As I Once Was
998,Keith Urban,Somebody Like You
998,Lee Brice,I Don't Dance
998,Lee Brice,Hard To Love
998,Sam Hunt,Break Up In A Small Town
998,Rascal Flatts,Fast Cars And Freedom
998,Luke Bryan,Play It Again
998,Luke Bryan,That's My Kind Of Night
998,Dan + Shay,From the Ground Up
998,Rascal Flatts,I Like The Sound Of That
998,Thomas Rhett,Die A Happy Man
998,Tim McGraw,Humble And Kind
998,Chris Young,Think of You
998,Keith Urban,Blue Ain't Your Color
998,Cody Johnson,With You I Am
998,Brett Eldredge,Don't Ya
998,Brett Young,In Case You Didn't Know
999,Yann Tiersen,"Comptine d'un autre été, l'après-midi"
999,Frank Ocean,Ivy
999,James Arthur,Say You Won't Let Go
